battery_id,cycle_number,timestamp,avg_voltage,max_voltage,min_voltage,avg_current_charge,avg_current_discharge,avg_temperature,max_temperature,min_temperature,capacity_charge,capacity_discharge,internal_resistance,charge_time_h,discharge_time_h,charge_energy_wh,discharge_energy_wh,coulombic_efficiency,health_score,is_anomaly,anomaly_type
BAT-001,1,2023-01-01T04:00:00,3.472,3.9742,2.85,1.3641,-1.4252,26.334,33.968,22.403,3.02893,2.98833,87.914,2.3835,2.0849,10.5163,10.3754,98.66,99.61,False,
BAT-001,2,2023-01-01T09:18:33,3.576,3.9969,2.85,1.7466,-1.5892,24.502,29.835,22.37,3.0138,2.99691,88.142,1.6792,1.9203,10.7775,10.717,99.439,99.9,False,
BAT-001,3,2023-01-01T14:31:33,3.5617,3.9377,2.9166,1.4135,-1.5349,26.16,33.323,22.059,3.0129,2.98822,84.248,2.1249,2.0115,10.7311,10.6433,99.181,99.61,False,
BAT-001,4,2023-01-01T20:22:10,3.4999,3.8513,2.85,1.6324,-1.5526,24.58,29.875,20.874,3.01361,2.99004,88.77,1.7925,1.8516,10.5473,10.4648,99.218,99.67,False,
BAT-001,5,2023-01-02T01:30:58,3.5843,4.0461,2.9735,1.3154,-1.4184,26.362,31.405,21.802,3.02648,2.99458,86.044,2.2665,2.018,10.8477,10.7333,98.946,99.82,False,
BAT-001,6,2023-01-02T06:43:22,3.6095,4.0407,2.8967,1.3835,-1.2114,24.517,31.129,21.132,3.02046,2.98576,86.089,2.1269,2.4651,10.9022,10.777,98.851,99.53,False,
BAT-001,7,2023-01-02T12:02:35,3.5207,3.9431,2.9532,1.359,-1.6809,25.705,32.203,22.907,3.0143,2.98604,87.175,2.4296,1.8259,10.6124,10.5129,99.063,99.53,False,
BAT-001,8,2023-01-02T17:52:26,3.6311,4.0215,3.0199,1.5896,-1.2884,22.951,29.744,18.793,2.99585,2.9729,85.302,1.9126,2.3368,10.8782,10.7948,99.234,99.1,False,
BAT-001,9,2023-01-02T23:29:58,3.4892,3.9052,2.9103,1.3517,-1.4938,24.175,31.801,20.432,2.99378,2.97638,88.372,2.2193,2.0106,10.4458,10.3851,99.419,99.21,False,
BAT-001,10,2023-01-03T04:15:49,3.5029,3.9511,2.85,1.5859,-1.4367,25.552,30.209,21.99,2.99362,2.9645,88.948,1.9176,1.9646,10.4864,10.3844,99.027,98.82,False,
BAT-001,11,2023-01-03T09:53:07,3.4827,3.8889,2.85,1.6635,-1.5843,26.639,34.219,23.948,2.99457,2.97552,85.81,1.7203,1.8884,10.4291,10.3628,99.364,99.18,False,
BAT-001,12,2023-01-03T14:33:01,3.6347,4.0877,3.0335,1.768,-1.2823,24.498,29.673,19.52,3.00451,2.96571,86.371,1.8417,2.3703,10.9205,10.7795,98.709,98.86,False,
BAT-001,13,2023-01-03T20:35:55,3.5971,4.0219,3.0282,1.6734,-1.3312,23.358,27.563,20.99,2.99964,2.96938,92.118,1.9264,2.1532,10.7901,10.6813,98.991,98.98,False,
BAT-001,14,2023-01-04T01:26:49,3.5295,4.0738,2.8793,1.3719,-1.207,27.321,30.98,23.288,3.02106,2.9801,92.586,2.1322,2.4706,10.6627,10.5181,98.644,99.34,False,
BAT-001,15,2023-01-04T07:35:28,3.5786,3.9548,3.0038,1.7638,-1.3988,24.733,30.176,20.745,2.97744,2.95675,88.454,1.8457,2.0686,10.655,10.581,99.305,98.56,False,
BAT-001,16,2023-01-04T13:23:34,3.488,3.9218,2.85,1.598,-1.6665,24.809,30.146,20.455,2.99408,2.96282,89.943,1.7849,1.7084,10.4433,10.3342,98.956,98.76,False,
BAT-001,17,2023-01-04T18:37:49,3.5683,3.9931,2.9331,1.626,-1.6337,23.054,27.294,20.344,2.97917,2.9575,89.304,1.9457,1.8676,10.6305,10.5532,99.273,98.58,False,
BAT-001,18,2023-01-04T23:06:05,3.6,3.9788,2.8659,1.3828,-1.3424,25.069,28.647,23.006,2.98381,2.95151,90.771,2.0679,2.1272,10.7419,10.6256,98.917,98.38,False,
BAT-001,19,2023-01-05T03:52:35,3.5249,4.0499,2.85,1.3217,-1.2907,29.506,33.753,25.792,2.99779,2.96281,90.51,2.2963,2.192,10.5669,10.4436,98.833,98.76,False,
BAT-001,20,2023-01-05T09:25:31,3.4822,3.8521,2.85,1.7513,-1.6898,24.593,31.49,20.665,2.97711,2.9593,93.3,1.8136,1.6873,10.367,10.305,99.402,98.64,False,
BAT-001,21,2023-01-05T14:13:48,3.5377,3.941,2.9598,1.5389,-1.4084,27.906,32.744,24.807,2.99676,2.95662,84.104,1.9456,2.0739,10.6017,10.4597,98.661,98.55,False,
BAT-001,22,2023-01-05T19:46:42,3.5642,4.0212,2.85,1.6263,-1.6022,24.885,31.05,22.021,2.99368,2.95093,92.173,1.9517,1.787,10.67,10.5176,98.572,98.36,False,
BAT-001,23,2023-01-06T01:03:33,3.6009,4.1381,3.0234,1.7794,-1.6004,27.612,34.525,23.226,2.98317,2.95029,92.787,1.8305,1.798,10.742,10.6237,98.898,98.34,False,
BAT-001,24,2023-01-06T06:04:22,3.5727,4.0159,2.9182,1.682,-1.5996,27.784,33.782,22.991,2.97754,2.94467,89.471,1.7136,1.7704,10.638,10.5205,98.896,98.16,False,
BAT-001,25,2023-01-06T10:11:18,3.5952,4.1249,2.8927,1.4353,-1.3821,25.154,28.942,22.71,2.97834,2.95123,89.864,2.2627,2.1221,10.7077,10.6102,99.09,98.37,False,
BAT-001,26,2023-01-06T15:38:53,3.6111,4.0363,2.8637,1.6589,-1.6756,26.221,33.474,22.31,2.98953,2.95838,89.424,1.745,1.7811,10.7953,10.6829,98.958,98.61,False,
BAT-001,27,2023-01-06T20:42:12,3.5044,3.9429,2.894,1.7592,-1.5906,23.286,31.271,18.648,2.97376,2.94565,87.66,1.6779,1.9142,10.4212,10.3227,99.055,98.19,False,
BAT-001,28,2023-01-07T00:57:18,3.4663,3.8449,2.85,1.3991,-1.6553,26.202,29.383,24.185,2.96154,2.94415,92.423,2.0273,1.7974,10.2655,10.2053,99.413,98.14,False,
BAT-001,29,2023-01-07T06:28:55,3.6032,4.1076,2.9135,1.719,-1.2201,24.281,27.905,20.767,2.969,2.92947,90.336,1.8339,2.4323,10.6978,10.5554,98.669,97.65,False,
BAT-001,30,2023-01-07T12:31:29,3.5242,4.0702,2.8519,1.3273,-1.5082,26.162,33.583,22.033,2.97109,2.93485,89.993,2.1847,1.8665,10.4706,10.3429,98.78,97.83,False,
BAT-001,31,2023-01-07T17:21:05,3.582,3.961,2.85,1.4507,-1.489,27.066,33.312,22.244,2.95742,2.92934,93.463,1.9821,1.969,10.5934,10.4928,99.051,97.64,False,
BAT-001,32,2023-01-07T22:24:31,3.5282,3.9637,2.856,1.6173,-1.4059,24.23,28.318,20.465,2.97009,2.95181,92.744,1.8319,2.0022,10.479,10.4145,99.385,98.39,False,
BAT-001,33,2023-01-08T03:22:13,3.5627,4.0423,2.8822,1.4581,-1.5937,27.091,32.248,23.213,2.97142,2.95001,90.343,2.0462,1.8534,10.5863,10.5101,99.28,98.33,False,
BAT-001,34,2023-01-08T08:52:30,3.5513,3.9642,2.85,1.5471,-1.2579,26.508,33.718,24.342,2.97525,2.93356,92.781,1.9079,2.2934,10.566,10.4179,98.599,97.79,False,
BAT-001,35,2023-01-08T13:50:09,3.5954,4.0198,3.0147,1.6004,-1.2598,21.078,28.87,16.092,2.97516,2.93864,92.258,1.9813,2.2885,10.6968,10.5655,98.773,97.95,False,
BAT-001,36,2023-01-08T19:38:13,3.478,3.933,2.8952,1.383,-1.6182,27.983,33.763,23.466,2.9429,2.917,93.519,2.3377,1.7381,10.2353,10.1452,99.12,97.23,False,
BAT-001,37,2023-01-09T00:53:06,3.56,3.9401,2.9738,1.7536,-1.2223,23.206,27.667,19.736,2.94125,2.92428,93.771,1.741,2.3908,10.4708,10.4104,99.423,97.48,False,
BAT-001,38,2023-01-09T05:38:35,3.5783,4.0809,3.0167,1.4833,-1.4698,26.564,33.786,23.116,2.95181,2.91268,94.232,2.12,2.0515,10.5624,10.4224,98.674,97.09,False,
BAT-001,39,2023-01-09T11:04:18,3.5194,3.9491,2.85,1.6154,-1.2888,26.935,30.893,24.861,2.95383,2.92206,91.201,1.9915,2.2556,10.3957,10.2839,98.925,97.4,False,
BAT-001,40,2023-01-09T16:16:48,3.5917,4.1381,2.9176,1.5388,-1.5807,26.145,32.749,21.256,2.92606,2.91129,94.605,2.0296,1.9093,10.5095,10.4565,99.495,97.04,False,
BAT-001,41,2023-01-09T20:53:24,3.5977,4.1447,2.9901,1.6669,-1.575,24.979,28.598,22.856,2.96483,2.93722,92.024,1.8971,1.863,10.6667,10.5674,99.069,97.91,False,
BAT-001,42,2023-01-10T02:37:43,3.6176,4.0787,2.9071,1.7624,-1.6113,26.302,31.166,24.156,2.96473,2.92155,95.572,1.6257,1.845,10.7251,10.5689,98.544,97.38,False,
BAT-001,43,2023-01-10T07:40:09,3.6084,4.0053,2.934,1.7291,-1.2023,26.048,32.435,23.96,2.96145,2.92156,91.243,1.7302,2.5262,10.6862,10.5422,98.653,97.39,False,
BAT-001,44,2023-01-10T13:25:59,3.6106,4.0786,2.9812,1.4374,-1.6433,23.99,27.414,20.964,2.94739,2.90805,98.641,2.1687,1.8241,10.6417,10.4997,98.665,96.93,False,
BAT-001,45,2023-01-10T19:25:26,3.551,3.9795,2.85,1.5485,-1.2672,28.177,31.513,25.571,2.94261,2.91613,94.422,1.8104,2.2905,10.4493,10.3552,99.1,97.2,False,
BAT-001,46,2023-01-11T00:58:36,3.5889,3.9958,2.8595,1.4175,-1.3627,26.413,32.061,22.186,2.94975,2.92285,90.709,2.1612,2.1779,10.5864,10.4898,99.088,97.43,False,
BAT-001,47,2023-01-11T06:15:53,3.6219,4.0842,2.9135,1.6919,-1.4192,26.643,34.616,22.619,2.92488,2.90101,95.974,1.8535,2.1264,10.5936,10.5072,99.184,96.7,False,
BAT-001,48,2023-01-11T11:55:34,3.5772,4.0297,2.9406,1.3179,-1.6799,24.48,27.685,21.742,2.93699,2.90612,99.008,2.139,1.7222,10.5062,10.3957,98.949,96.87,False,
BAT-001,49,2023-01-11T17:03:41,3.5464,4.036,2.9549,1.451,-1.3971,26.706,29.715,24.37,2.93334,2.91726,92.845,2.1821,1.984,10.4026,10.3456,99.452,97.24,False,
BAT-001,50,2023-01-11T22:29:23,3.5924,3.9945,2.9779,1.4212,-1.4399,24.366,28.507,21.373,2.92118,2.89705,97.295,2.2394,1.9211,10.4941,10.4074,99.174,96.57,False,
BAT-001,51,2023-01-12T03:50:29,3.4956,3.8474,2.9079,1.3156,-1.2553,22.394,26.602,18.686,2.92769,2.90877,97.111,2.311,2.3981,10.234,10.1679,99.354,96.96,False,
BAT-001,52,2023-01-12T09:03:28,3.5925,3.9933,2.8587,1.5272,-1.5017,28.458,33.265,24.018,2.94364,2.91106,97.187,1.9231,1.9965,10.5749,10.4579,98.893,97.04,False,
BAT-001,53,2023-01-12T14:22:42,3.4855,3.9048,2.9317,1.3827,-1.5626,28.318,35.011,25.366,2.93865,2.91204,97.903,2.3027,1.8811,10.2428,10.15,99.094,97.07,False,
BAT-001,54,2023-01-12T19:15:04,3.5439,3.8947,2.9905,1.7965,-1.4923,25.827,33.314,21.186,2.93672,2.90209,97.202,1.6844,1.9684,10.4073,10.2846,98.821,96.74,False,
BAT-001,55,2023-01-12T23:48:50,3.5654,3.919,2.8962,1.4156,-1.6369,25.883,31.937,22.223,2.9246,2.89294,97.643,2.0854,1.7987,10.4273,10.3144,98.917,96.43,False,
BAT-001,56,2023-01-13T05:17:11,3.544,3.8965,2.85,1.5601,-1.404,24.898,32.346,21.713,2.94272,2.90615,93.409,1.985,1.9974,10.429,10.2994,98.757,96.87,False,
BAT-001,57,2023-01-13T11:12:40,3.5319,4.0575,2.9061,1.5585,-1.5709,21.846,28.761,18.136,2.91217,2.89194,93.768,1.8045,1.9154,10.2854,10.214,99.305,96.4,False,
BAT-001,58,2023-01-13T16:43:46,3.5932,4.139,2.9678,1.6597,-1.6438,26.067,30.662,22.24,2.9044,2.88708,100.395,1.815,1.7404,10.436,10.3738,99.404,96.24,False,
BAT-001,59,2023-01-13T21:41:15,3.5374,3.9136,2.9548,1.6423,-1.3697,26.885,31.103,24.588,2.91776,2.88979,99.251,1.8886,2.1901,10.3212,10.2223,99.042,96.33,False,
BAT-001,60,2023-01-14T02:41:00,3.5498,3.9088,2.9035,1.7797,-1.5263,23.062,26.616,20.305,2.91767,2.89779,96.114,1.63,1.9489,10.3571,10.2866,99.319,96.59,False,
BAT-001,61,2023-01-14T08:04:38,3.6199,3.9975,3.009,1.5764,-1.2485,23.359,29.443,19.732,2.93433,2.89141,94.505,1.8144,2.2588,10.6221,10.4667,98.537,96.38,False,
BAT-001,62,2023-01-14T12:53:28,3.5052,3.9361,2.85,1.6862,-1.3034,24.997,28.6,20.308,2.92787,2.89646,95.277,1.6757,2.1699,10.2627,10.1526,98.927,96.55,False,
BAT-001,63,2023-01-14T18:30:23,3.5215,4.0418,2.85,1.4697,-1.4654,27.99,32.214,25.506,2.90684,2.88052,98.972,2.1579,2.0419,10.2366,10.1439,99.095,96.02,False,
BAT-001,64,2023-01-15T00:22:20,3.5595,3.9359,2.9844,1.7761,-1.441,28.431,32.249,24.768,2.91224,2.88368,97.309,1.6088,1.9518,10.3662,10.2645,99.019,96.12,False,
BAT-001,65,2023-01-15T04:28:40,3.5859,4.016,2.9296,1.3936,-1.6943,26.549,33.257,23.143,2.93136,2.89041,100.098,2.0465,1.7777,10.5117,10.3648,98.603,96.35,False,
BAT-001,66,2023-01-15T09:18:51,3.5764,4.0851,2.984,1.7619,-1.419,25.825,28.837,20.845,2.90049,2.87626,96.82,1.6333,1.9382,10.3732,10.2865,99.165,95.88,False,
BAT-001,67,2023-01-15T14:04:23,3.5435,3.9573,2.85,1.5305,-1.53,23.88,29.244,19.03,2.89951,2.88072,97.912,1.8971,1.8221,10.2743,10.2078,99.352,96.02,False,
BAT-001,68,2023-01-15T19:18:33,3.618,4.1,3.0075,1.7738,-1.3832,27.992,33.008,24.307,2.89749,2.88192,94.814,1.7282,2.0854,10.4831,10.4268,99.463,96.06,False,
BAT-001,69,2023-01-16T00:59:01,3.5463,3.9214,2.9779,1.6337,-1.5278,27.169,30.268,24.19,2.91709,2.884,96.649,1.7492,1.9402,10.3448,10.2275,98.866,96.13,False,
BAT-001,70,2023-01-16T06:27:50,3.5135,3.9202,2.85,1.7552,-1.3013,26.974,33.481,22.115,2.90103,2.86755,98.748,1.7215,2.1497,10.1929,10.0752,98.846,95.58,False,
BAT-001,71,2023-01-16T11:46:24,3.5917,4.0217,2.8667,1.6051,-1.422,27.274,34.543,24.307,2.92532,2.88276,99.271,1.8802,2.0252,10.5069,10.3541,98.545,96.09,False,
BAT-001,72,2023-01-16T17:07:38,3.6166,4.1622,2.9176,1.6823,-1.5813,29.748,35.03,27.027,2.88813,2.8668,97.565,1.797,1.7747,10.4452,10.368,99.261,95.56,False,
BAT-001,73,2023-01-16T21:35:08,3.6198,4.0034,3.0683,1.4681,-1.5988,28.263,31.954,23.94,2.90112,2.87496,102.689,1.9116,1.7785,10.5015,10.4068,99.098,95.83,False,
BAT-001,74,2023-01-17T03:16:25,3.57,4.1162,3.0061,1.369,-1.5954,26.203,33.627,22.213,2.88132,2.8626,102.495,2.0348,1.854,10.2863,10.2195,99.35,95.42,False,
BAT-001,75,2023-01-17T07:55:37,3.5888,4.1372,2.85,1.5582,-1.2476,26.867,34.75,23.912,2.89635,2.8662,99.362,1.8944,2.2801,10.3944,10.2862,98.959,95.54,False,
BAT-001,76,2023-01-17T12:40:42,3.6032,4.0365,2.9889,1.6744,-1.6007,24.412,31.877,21.98,2.89558,2.87108,101.236,1.8709,1.7212,10.4333,10.3451,99.154,95.7,False,
BAT-001,77,2023-01-17T17:00:03,3.4607,3.9656,2.9037,1.6261,-1.6116,26.007,29.742,21.425,2.88453,2.86825,100.753,1.9042,1.7867,9.9825,9.9262,99.436,95.61,False,
BAT-001,78,2023-01-17T22:25:14,3.5142,3.965,2.85,1.5323,-1.384,23.168,27.21,18.913,2.90072,2.875,102.99,1.8321,1.9914,10.1936,10.1033,99.113,95.83,False,
BAT-001,79,2023-01-18T03:00:30,3.6396,4.1203,2.9999,1.4965,-1.6375,28.394,35.759,25.818,2.9086,2.87062,100.371,1.9108,1.7804,10.5863,10.448,98.694,95.69,False,
BAT-001,80,2023-01-18T07:38:00,3.6286,3.9839,3.0687,1.6008,-1.4431,26.025,31.118,21.751,2.87931,2.84893,97.9,1.9318,1.9863,10.4478,10.3375,98.945,94.96,False,
BAT-001,81,2023-01-18T12:37:46,3.5585,3.9217,3.0083,1.4061,-1.6473,26.763,30.623,22.092,2.8917,2.86244,96.892,2.0986,1.7336,10.2901,10.186,98.988,95.41,False,
BAT-001,82,2023-01-18T18:21:54,3.4937,3.8865,2.9238,1.4035,-1.4114,26.86,30.534,22.279,2.88453,2.86404,105.235,2.0513,2.001,10.0776,10.006,99.29,95.47,False,
BAT-001,83,2023-01-18T23:00:00,3.5028,4.0387,2.9328,1.3537,-1.2577,22.87,26.48,18.313,2.89681,2.87482,102.691,2.275,2.3589,10.147,10.07,99.241,95.83,False,
BAT-001,84,2023-01-19T04:55:23,3.5196,3.985,2.85,1.3852,-1.6893,24.484,29.952,19.571,2.87694,2.86136,101.923,2.0917,1.6764,10.1257,10.0709,99.459,95.38,False,
BAT-001,85,2023-01-19T10:04:06,3.4994,3.9672,2.8776,1.5043,-1.4158,26.377,34.011,21.579,2.87728,2.85385,102.298,1.9293,1.9814,10.0687,9.9867,99.186,95.13,False,
BAT-001,86,2023-01-19T15:09:21,3.5586,3.9777,2.9329,1.3473,-1.283,27.789,32.734,25.145,2.89186,2.86431,101.646,2.2202,2.2895,10.2909,10.1929,99.047,95.48,False,
BAT-001,87,2023-01-19T20:33:06,3.541,3.8919,2.9833,3.806,-1.4813,44.104,47.131,39.744,2.87524,2.84403,136.424,0.7552,1.9926,10.1811,10.0706,98.915,94.8,True,resistance_spike
BAT-001,88,2023-01-20T00:21:32,3.5804,4.0377,2.85,1.7818,-1.6278,24.584,30.555,19.949,2.87785,2.85585,100.07,1.6251,1.6844,10.3039,10.2252,99.236,95.2,False,
BAT-001,89,2023-01-20T05:23:06,3.5861,4.0101,2.9526,1.3592,-1.5974,25.322,29.744,22.411,2.88421,2.85384,95.104,2.2942,1.7015,10.3431,10.2341,98.947,95.13,False,
BAT-001,90,2023-01-20T10:39:41,3.5838,4.0575,3.0258,1.5309,-1.4611,23.967,27.665,21.401,2.86821,2.83447,99.541,1.8766,1.8617,10.2791,10.1582,98.824,94.48,False,
BAT-001,91,2023-01-20T16:19:14,3.4892,4.0134,2.85,1.5145,-1.4155,27.023,32.696,22.043,2.88433,2.84706,106.228,2.0831,1.9189,10.0639,9.9339,98.708,94.9,False,
BAT-001,92,2023-01-20T21:52:53,3.6152,3.9887,3.0532,1.7174,-1.2779,25.816,33.394,22.113,2.89078,2.85078,101.084,1.6994,2.2186,10.4506,10.306,98.616,95.03,False,
BAT-001,93,2023-01-21T02:23:38,3.5075,3.8764,2.85,1.6539,-1.615,27.639,34.849,22.809,2.85107,2.82814,100.903,1.6705,1.803,10.0002,9.9198,99.196,94.27,False,
BAT-001,94,2023-01-21T07:11:09,3.5614,4.0027,2.9342,1.4808,-1.3958,28.283,31.67,23.944,2.88174,2.84199,105.672,1.979,2.1239,10.2631,10.1215,98.62,94.73,False,
BAT-001,95,2023-01-21T12:42:26,3.6406,4.0937,2.9033,1.7886,-1.3182,25.939,29.707,23.749,2.85343,2.83479,97.445,1.5623,2.1653,10.3881,10.3202,99.347,94.49,False,
BAT-001,96,2023-01-21T18:18:12,3.6283,4.1511,2.8885,1.474,-1.2453,29.784,34.973,24.947,2.87491,2.8429,103.541,1.9636,2.3447,10.4309,10.3148,98.887,94.76,False,
BAT-001,97,2023-01-21T23:55:21,3.593,3.9887,2.8986,1.3844,-1.6683,25.062,28.598,21.569,2.86268,2.83938,102.846,2.1255,1.7033,10.2857,10.2019,99.186,94.65,False,
BAT-001,98,2023-01-22T04:54:22,3.5459,4.0145,2.9503,1.6188,-1.2254,29.959,35.304,25.268,2.8389,2.81117,105.329,1.7911,2.1932,10.0664,9.9681,99.023,93.71,False,
BAT-001,99,2023-01-22T10:37:26,3.6019,4.0781,2.9824,1.6313,-1.5359,25.398,30.253,22.123,2.86885,2.83255,106.329,1.885,1.8453,10.3334,10.2026,98.734,94.42,False,
BAT-001,100,2023-01-22T15:57:32,3.5028,3.9782,2.85,1.7473,-1.3363,29.644,37.424,27.181,2.84126,2.82108,98.376,1.593,2.0671,9.9524,9.8817,99.29,94.04,False,
BAT-001,101,2023-01-22T20:54:47,3.5081,3.9538,2.9286,1.4367,-1.3542,26.481,32.232,22.366,2.86714,2.83145,104.872,1.9168,2.087,10.0583,9.9331,98.755,94.38,False,
BAT-001,102,2023-01-23T02:35:24,3.603,4.0252,3.0177,1.5337,-1.396,23.369,30.128,20.428,2.85699,2.8199,100.107,1.8458,1.9454,10.2937,10.1601,98.702,94.0,False,
BAT-001,103,2023-01-23T07:32:23,3.5926,4.0422,2.914,1.7336,-1.6994,22.42,29.869,17.695,2.85949,2.83485,98.988,1.7628,1.6616,10.2731,10.1846,99.138,94.49,False,
BAT-001,104,2023-01-23T11:35:09,3.5429,4.0033,2.85,1.3543,-1.3126,27.684,34.923,22.699,2.8525,2.8249,104.869,2.2767,2.2361,10.1061,10.0083,99.032,94.16,False,
BAT-001,105,2023-01-23T17:04:12,3.6108,4.0722,3.0015,1.3849,-1.2976,25.488,33.235,22.28,2.84845,2.82674,106.867,2.2113,2.2179,10.285,10.2066,99.238,94.22,False,
BAT-001,106,2023-01-23T22:17:14,3.6258,4.1113,2.9129,1.4176,-1.3381,24.845,29.168,21.555,2.86672,2.8296,103.225,2.0523,2.0624,10.3942,10.2596,98.705,94.32,False,
BAT-001,107,2023-01-24T04:03:56,3.5063,3.9706,2.85,1.3193,-1.304,26.375,33.425,24.108,2.84955,2.82474,100.087,2.1799,2.2197,9.9914,9.9044,99.129,94.16,False,
BAT-001,108,2023-01-24T09:31:21,3.538,4.0165,2.85,1.7915,-1.4059,27.101,34.718,24.364,2.84781,2.82814,102.713,1.6842,2.0628,10.0756,10.006,99.309,94.27,False,
BAT-001,109,2023-01-24T13:54:58,3.5546,4.0638,2.85,1.7014,-1.333,26.256,30.53,23.851,2.84912,2.8293,103.202,1.828,2.1017,10.1274,10.0569,99.304,94.31,False,
BAT-001,110,2023-01-24T18:40:58,3.4975,4.0041,2.9053,1.7587,-1.6255,23.134,27.272,20.982,2.82877,2.80356,102.213,1.7373,1.6912,9.8936,9.8054,99.109,93.45,False,
BAT-001,111,2023-01-24T23:32:23,3.6109,4.0491,2.8855,1.5637,-1.5724,27.42,34.166,24.556,2.83524,2.81754,104.951,1.7545,1.745,10.2376,10.1737,99.376,93.92,False,
BAT-001,112,2023-01-25T04:17:37,3.5986,3.998,2.9013,1.639,-1.4615,24.329,31.305,19.447,2.84448,2.81401,103.927,1.8366,2.0058,10.2362,10.1266,98.929,93.8,False,
BAT-001,113,2023-01-25T10:06:44,3.6293,4.0618,2.9042,1.442,-1.5939,26.561,34.461,21.91,2.83668,2.80476,108.999,1.9577,1.8072,10.2953,10.1794,98.875,93.49,False,
BAT-001,114,2023-01-25T14:52:57,3.4575,3.9499,2.85,1.5478,-1.2276,27.67,34.996,25.578,2.85274,2.82007,102.817,1.8605,2.3995,9.8634,9.7504,98.855,94.0,False,
BAT-001,115,2023-01-25T19:43:08,3.5106,4.0165,2.9115,1.4154,-1.2136,25.033,31.583,21.126,2.83642,2.79818,103.431,2.1275,2.313,9.9576,9.8234,98.652,93.27,False,
BAT-001,116,2023-01-26T01:22:25,3.6145,4.0344,2.9488,1.3705,-1.6862,26.93,34.539,23.933,2.83773,2.80573,107.452,2.0196,1.616,10.2569,10.1413,98.872,93.52,False,
BAT-001,117,2023-01-26T05:38:39,3.4824,3.9978,2.85,1.6872,-1.5155,26.619,32.811,23.052,2.81276,2.79678,109.826,1.762,1.8358,9.7951,9.7394,99.432,93.23,False,
BAT-001,118,2023-01-26T10:15:40,3.5105,3.9098,2.85,1.4651,-1.543,25.608,28.997,21.313,2.81435,2.79563,103.097,1.9135,1.7604,9.8797,9.814,99.335,93.19,False,
BAT-001,119,2023-01-26T15:28:06,3.5257,4.0001,2.8537,1.6118,-1.2675,25.021,31.394,20.973,2.82249,2.80023,103.86,1.6831,2.1974,9.9514,9.8729,99.211,93.34,False,
BAT-001,120,2023-01-26T20:27:45,3.5919,4.094,2.9474,1.5496,-1.5099,27.245,32.704,23.659,2.81424,2.79406,103.108,1.8893,1.8945,10.1085,10.036,99.283,93.14,False,
BAT-001,121,2023-01-27T00:51:14,3.5667,4.1091,2.9265,1.3904,-1.3085,24.327,27.33,21.032,2.83068,2.80316,103.071,2.1689,2.1924,10.0961,9.9979,99.028,93.44,False,
BAT-001,122,2023-01-27T05:45:48,3.4976,3.9128,2.85,1.5061,-1.5798,23.949,31.478,20.448,2.8167,2.79839,104.248,1.9888,1.8333,9.8516,9.7876,99.35,93.28,False,
BAT-001,123,2023-01-27T11:35:01,3.5101,4.0588,2.85,1.5634,-1.5195,23.683,31.348,21.072,2.80574,2.78384,105.766,1.8472,1.893,9.8485,9.7716,99.219,92.79,False,
BAT-001,124,2023-01-27T16:16:44,3.6307,4.0345,3.0165,1.5736,-1.4804,26.992,33.175,23.767,2.8468,2.80513,103.72,1.9219,1.8633,10.3359,10.1846,98.536,93.5,False,
BAT-001,125,2023-01-27T21:03:36,3.5261,4.028,2.8653,1.3106,-1.3582,25.913,32.192,23.088,2.81621,2.79695,102.293,2.0623,1.9677,9.9302,9.8623,99.316,93.23,False,
BAT-001,126,2023-01-28T02:27:45,3.5802,4.0188,3.0159,1.7014,-1.6465,27.126,31.019,22.414,2.83182,2.79413,107.146,1.7184,1.6376,10.1385,10.0036,98.669,93.14,False,
BAT-001,127,2023-01-28T06:37:22,3.6126,4.0227,2.9672,1.4798,-1.3122,27.992,32.753,23.858,2.82377,2.78961,103.302,1.818,2.113,10.2012,10.0777,98.79,92.99,False,
BAT-001,128,2023-01-28T12:01:11,3.6015,4.0465,2.9308,1.4228,-1.2213,26.048,31.322,22.806,2.81976,2.78422,102.511,1.9353,2.3537,10.1553,10.0273,98.739,92.81,False,
BAT-001,129,2023-01-28T18:11:50,3.6147,3.9671,2.9121,1.7851,-1.653,25.764,31.516,23.53,2.83995,2.79992,106.214,1.7142,1.7132,10.2656,10.1209,98.591,93.33,False,
BAT-001,130,2023-01-28T23:02:48,3.585,4.0809,2.8652,1.5362,-1.4549,25.161,33.009,20.962,2.8149,2.78505,105.871,1.8421,1.852,10.0913,9.9843,98.94,92.83,False,
BAT-001,131,2023-01-29T03:34:13,3.5224,3.9481,2.85,1.4208,-1.5093,25.053,29.343,20.974,2.82555,2.78537,110.023,2.1837,1.781,9.9529,9.8113,98.578,92.85,False,
BAT-001,132,2023-01-29T08:10:03,3.552,3.959,2.935,1.7228,-1.46,25.443,30.675,20.584,2.80457,2.78121,104.736,1.7054,1.8317,9.9618,9.8789,99.167,92.71,False,
BAT-001,133,2023-01-29T13:31:56,3.5921,3.9994,3.0141,1.5205,-1.4072,26.641,31.039,24.545,2.79858,2.78074,106.448,1.9181,1.9512,10.0527,9.9886,99.362,92.69,False,
BAT-001,134,2023-01-29T18:52:43,3.5499,4.062,2.9244,1.5652,-1.4968,26.575,32.151,23.541,2.78358,2.76935,111.1,1.8019,1.7763,9.8815,9.831,99.489,92.31,False,
BAT-001,135,2023-01-30T00:07:51,3.6038,4.1113,2.9273,1.7646,-1.6905,26.347,31.572,22.706,2.80205,2.78749,109.699,1.5435,1.6219,10.0981,10.0456,99.48,92.92,False,
BAT-001,136,2023-01-30T05:16:40,3.5127,4.0583,2.8678,1.3655,-1.2259,29.425,33.754,25.913,2.8075,2.78101,110.382,1.9813,2.2513,9.862,9.7689,99.056,92.7,False,
BAT-001,137,2023-01-30T11:24:20,3.5431,3.9827,2.9372,1.7277,-1.3949,26.338,34.221,23.778,2.82142,2.78052,107.858,1.6252,1.8998,9.9965,9.8516,98.55,92.68,False,
BAT-001,138,2023-01-30T16:01:06,3.588,4.0091,2.9683,1.6584,-1.4333,25.001,32.264,21.285,2.8178,2.78493,110.148,1.6687,2.0208,10.1104,9.9925,98.834,92.83,False,
BAT-001,139,2023-01-30T20:43:18,3.5141,4.0255,2.85,1.6033,-1.5552,25.446,33.41,22.421,2.8115,2.78381,110.677,1.7088,1.7935,9.88,9.7827,99.015,92.79,False,
BAT-001,140,2023-01-31T01:31:26,3.6248,3.9827,3.0531,1.4201,-1.337,27.185,31.149,24.049,2.80582,2.77494,107.822,1.9911,2.0422,10.1705,10.0586,98.899,92.5,False,
BAT-001,141,2023-01-31T06:32:56,3.6089,4.1446,2.9581,1.5659,-1.3573,27.817,34.641,23.284,2.79281,2.77822,105.141,1.9339,2.0334,10.079,10.0264,99.478,92.61,False,
BAT-001,142,2023-01-31T12:10:00,3.5004,4.0045,2.9318,1.6281,-1.2171,26.71,33.707,22.903,2.80236,2.77988,106.136,1.8564,2.1922,9.8095,9.7308,99.198,92.66,False,
BAT-001,143,2023-01-31T17:07:45,3.5201,3.9551,2.85,1.4352,-1.6469,28.304,32.943,24.796,2.79043,2.77538,110.548,1.9689,1.6444,9.8225,9.7695,99.46,92.51,False,
BAT-001,144,2023-01-31T21:59:47,3.5515,3.9529,2.85,1.6924,-1.6838,25.962,29.672,22.382,2.79606,2.77244,107.082,1.6117,1.6989,9.9303,9.8464,99.155,92.41,False,
BAT-001,145,2023-02-01T02:41:00,3.5593,3.921,2.8897,1.708,-1.2338,27.366,31.659,23.377,2.80837,2.76879,115.273,1.5913,2.3423,9.9957,9.8549,98.591,92.29,False,
BAT-001,146,2023-02-01T08:27:32,3.5849,3.9661,3.014,1.7999,-1.4277,29.142,34.554,24.375,2.79583,2.773,106.611,1.4961,1.8674,10.0227,9.9408,99.183,92.43,False,
BAT-001,147,2023-02-01T13:43:01,3.5445,3.9325,2.85,1.4267,-1.5526,27.967,31.16,24.005,2.78343,2.76094,106.629,1.9527,1.8059,9.866,9.7862,99.192,92.03,False,
BAT-001,148,2023-02-01T18:06:59,3.4878,3.9115,2.85,1.4484,-1.2303,25.721,29.994,22.564,2.79191,2.75748,108.921,1.8881,2.1879,9.7377,9.6176,98.767,91.92,False,
BAT-001,149,2023-02-01T23:37:59,3.6021,4.0696,2.8589,1.561,-1.6549,27.891,31.185,24.604,2.78579,2.76243,107.649,1.8823,1.7505,10.0347,9.9506,99.162,92.08,False,
BAT-001,150,2023-02-02T04:27:12,3.5969,4.0916,2.873,1.6145,-1.5062,27.379,34.591,22.772,2.80653,2.77704,109.154,1.6609,1.8541,10.0947,9.9886,98.949,92.57,False,
BAT-001,151,2023-02-02T08:47:34,3.4888,3.9795,2.8979,1.3468,-1.644,27.13,31.129,24.253,2.81087,2.77895,110.452,2.287,1.7255,9.8064,9.6951,98.865,92.63,False,
BAT-001,152,2023-02-02T14:13:16,3.5866,3.9376,2.8907,1.7744,-1.5783,28.293,33.723,24.984,2.78978,2.76766,107.808,1.5702,1.7574,10.0058,9.9265,99.207,92.26,False,
BAT-001,153,2023-02-02T18:41:44,3.4836,3.8698,2.8632,1.4437,-1.2873,26.974,32.455,22.216,2.80615,2.76746,103.537,1.856,2.0568,9.7756,9.6408,98.621,92.25,False,
BAT-001,154,2023-02-02T23:42:47,3.5242,3.9889,2.8746,1.5902,-1.3884,28.967,32.66,25.682,2.7858,2.76471,101.94,1.8455,2.0647,9.8176,9.7433,99.243,92.16,False,
BAT-001,155,2023-02-03T04:40:40,3.4925,3.9002,2.85,1.3332,-1.6313,26.2,29.645,24.129,2.7796,2.76387,110.836,1.9983,1.7542,9.7079,9.653,99.434,92.13,False,
BAT-001,156,2023-02-03T09:16:56,3.5539,4.1017,2.9739,1.7154,-1.2259,29.393,36.825,25.398,2.77678,2.75129,108.606,1.7042,2.1912,9.8683,9.7778,99.082,91.71,False,
BAT-001,157,2023-02-03T14:18:20,3.5373,3.9375,2.9143,1.375,-1.6361,29.56,33.229,25.478,2.79962,2.77131,111.007,2.1932,1.6494,9.9031,9.803,98.989,92.38,False,
BAT-001,158,2023-02-03T18:52:27,3.6447,4.1444,3.0804,1.5961,-1.578,24.288,27.343,20.502,2.76689,2.75183,110.289,1.9046,1.7016,10.0846,10.0297,99.456,91.73,False,
BAT-001,159,2023-02-03T23:15:52,3.6042,4.1327,2.8931,1.4236,-1.4779,27.871,32.52,23.075,2.79194,2.76278,111.825,2.0637,1.9581,10.0627,9.9577,98.956,92.09,False,
BAT-001,160,2023-02-04T04:24:42,3.5063,3.8698,2.85,1.3619,-1.299,27.228,30.713,22.527,2.78046,2.75328,114.015,2.1617,2.0281,9.7491,9.6538,99.023,91.78,False,
BAT-001,161,2023-02-04T10:08:21,3.577,3.9915,2.8876,1.7785,-1.4938,28.418,33.603,24.149,2.783,2.74844,109.749,1.7207,1.7775,9.9549,9.8312,98.758,91.61,False,
BAT-001,162,2023-02-04T14:26:28,3.4751,3.9417,2.85,1.6287,-1.5601,27.852,34.803,23.977,2.77623,2.74925,107.652,1.7568,1.7809,9.6476,9.5539,99.028,91.64,False,
BAT-001,163,2023-02-04T18:37:50,3.5768,4.0453,2.9824,1.667,-1.6137,29.48,35.437,26.464,2.776,2.74777,104.74,1.6935,1.7648,9.9292,9.8282,98.983,91.59,False,
BAT-001,164,2023-02-04T23:40:26,3.505,3.9297,2.85,1.5526,-1.3174,25.177,29.868,20.73,2.76568,2.74187,109.699,1.7947,2.138,9.6937,9.6103,99.139,91.4,False,
BAT-001,165,2023-02-05T05:18:38,3.6267,4.0812,2.9663,1.4059,-1.6097,31.38,34.55,27.331,2.7596,2.73493,113.395,2.1446,1.7549,10.0084,9.9189,99.106,91.16,False,
BAT-001,166,2023-02-05T10:07:33,3.562,4.0046,2.9281,1.3597,-1.2484,25.601,32.784,23.163,2.77768,2.73824,108.955,2.0102,2.2041,9.8942,9.7537,98.58,91.27,False,
BAT-001,167,2023-02-05T15:09:46,3.5723,3.9525,2.85,1.7512,-1.6145,27.56,33.66,23.642,2.76572,2.73662,112.796,1.6639,1.613,9.8801,9.7762,98.948,91.22,False,
BAT-001,168,2023-02-05T20:22:37,3.4692,3.9206,2.85,1.4699,-1.3249,27.865,32.741,22.955,2.76678,2.73177,111.169,1.8371,2.0247,9.5985,9.4771,98.735,91.06,False,
BAT-001,169,2023-02-06T01:10:46,3.6249,4.1134,3.0699,1.4312,-1.4319,28.262,34.35,24.227,2.77367,2.74623,111.071,2.0582,1.9211,10.0543,9.9548,99.011,91.54,False,
BAT-001,170,2023-02-06T06:33:53,3.5898,3.943,2.9283,1.6755,-1.6134,28.383,34.482,24.293,2.74852,2.73373,115.76,1.7698,1.6304,9.8667,9.8136,99.462,91.12,False,
BAT-001,171,2023-02-06T11:51:15,3.5021,3.9411,2.8852,1.383,-1.4255,28.378,35.217,23.699,2.76968,2.73316,116.342,2.0986,1.8453,9.6996,9.5717,98.681,91.11,False,
BAT-001,172,2023-02-06T16:44:28,3.634,4.0662,2.9505,1.5284,-1.5767,26.849,30.57,23.007,2.74268,2.72663,113.262,1.7674,1.758,9.9668,9.9085,99.415,90.89,False,
BAT-001,173,2023-02-06T21:17:36,3.5976,4.0464,3.0081,1.7304,-1.6115,28.133,35.521,23.255,2.7674,2.73137,106.63,1.5741,1.7681,9.956,9.8263,98.698,91.05,False,
BAT-001,174,2023-02-07T01:59:32,3.542,3.9084,2.8926,1.7439,-1.5151,28.182,33.325,24.789,2.7615,2.73253,107.435,1.5541,1.8618,9.7811,9.6785,98.951,91.08,False,
BAT-001,175,2023-02-07T06:12:21,3.6261,4.1525,2.9303,1.6994,-1.5323,26.375,34.341,23.115,2.77184,2.73735,112.924,1.7487,1.8301,10.0511,9.926,98.756,91.24,False,
BAT-001,176,2023-02-07T10:57:50,3.4816,3.9998,2.8523,1.497,-1.323,26.294,33.323,21.608,2.76268,2.73819,107.406,1.7726,2.0852,9.6187,9.5334,99.114,91.27,False,
BAT-001,177,2023-02-07T16:01:21,3.5441,3.9943,2.8996,1.7089,-1.5728,26.628,33.631,22.067,2.75946,2.73357,111.326,1.5712,1.7524,9.7797,9.6879,99.062,91.12,False,
BAT-001,178,2023-02-07T20:16:27,3.5143,4.054,2.888,1.7379,-1.6935,29.481,32.642,26.301,2.75671,2.73649,110.38,1.7141,1.6464,9.6879,9.6169,99.267,91.22,False,
BAT-001,179,2023-02-08T00:56:01,3.5487,3.9447,2.9646,1.6214,-1.686,26.099,30.347,23.68,2.7594,2.72366,110.146,1.8364,1.5713,9.7922,9.6654,98.705,90.79,False,
BAT-001,180,2023-02-08T05:35:46,3.5622,3.9833,2.9302,1.384,-1.5704,27.066,30.749,23.886,2.73228,2.71836,110.277,2.1399,1.6449,9.733,9.6834,99.49,90.61,False,
BAT-001,181,2023-02-08T10:19:45,3.5464,4.0024,2.8551,1.5876,-1.2466,28.396,32.271,24.102,2.75002,2.72727,111.607,1.7392,2.2497,9.7527,9.6721,99.173,90.91,False,
BAT-001,182,2023-02-08T15:07:39,3.4891,4.0065,2.9229,1.741,-1.5988,29.829,36.321,25.806,2.7487,2.72157,112.284,1.6242,1.7283,9.5904,9.4957,99.013,90.72,False,
BAT-001,183,2023-02-08T20:21:31,3.6316,4.1167,2.9134,1.7955,-1.2809,27.575,35.012,25.428,2.74823,2.72599,115.086,1.6272,2.0973,9.9806,9.8998,99.191,90.87,False,
BAT-001,184,2023-02-09T01:33:22,3.4782,3.9557,2.8579,1.4083,-1.5459,26.882,32.578,22.077,2.73902,2.71837,113.518,1.9601,1.8174,9.5268,9.455,99.246,90.61,False,
BAT-001,185,2023-02-09T05:56:47,3.5689,3.9895,2.883,1.6852,-1.6991,29.863,33.17,26.076,2.74746,2.70717,117.546,1.5779,1.5526,9.8054,9.6615,98.533,90.24,False,
BAT-001,186,2023-02-09T10:04:12,3.4837,3.8417,2.928,1.5793,-1.3413,29.409,34.582,24.639,2.74313,2.7245,112.167,1.725,2.0677,9.5562,9.4913,99.321,90.82,False,
BAT-001,187,2023-02-09T14:26:38,3.5443,4.0568,2.85,1.411,-1.4256,28.96,36.092,24.908,2.74847,2.70837,112.122,2.0384,1.9283,9.7414,9.5992,98.541,90.28,False,
BAT-001,188,2023-02-09T19:18:58,3.5341,3.9332,2.9422,1.5939,-1.3163,28.397,35.235,25.268,2.74862,2.7337,112.41,1.7366,2.0626,9.7138,9.6611,99.457,91.12,False,
BAT-001,189,2023-02-10T00:50:17,3.5938,4.0933,2.9522,1.5072,-1.4626,28.695,32.216,25.45,2.75742,2.72316,111.719,1.772,1.8451,9.9095,9.7864,98.758,90.77,False,
BAT-001,190,2023-02-10T05:47:26,3.5512,3.9511,2.9775,1.4084,-1.3373,27.219,32.864,25.216,2.71768,2.70318,118.113,1.88,1.9392,9.651,9.5996,99.467,90.11,False,
BAT-001,191,2023-02-10T10:56:03,3.4792,3.8509,2.9039,1.3733,-1.6906,30.752,36.803,25.792,2.74321,2.71475,110.059,1.9242,1.6819,9.5443,9.4452,98.962,90.49,False,
BAT-001,192,2023-02-10T15:20:47,3.6296,4.1791,3.0038,1.6244,-1.684,28.751,36.365,25.047,2.7243,2.69947,113.756,1.7705,1.5468,9.8882,9.7981,99.088,89.98,False,
BAT-001,193,2023-02-10T19:57:49,3.5252,3.882,2.85,1.7997,-1.2037,28.084,34.455,25.904,2.73837,2.71243,113.75,1.5801,2.2948,9.6532,9.5617,99.053,90.41,False,
BAT-001,194,2023-02-11T01:13:15,3.5204,4.0467,2.85,1.5359,-1.3608,26.3,30.523,24.266,2.762,2.72932,111.108,1.9745,1.95,9.7232,9.6082,98.817,90.98,False,
BAT-001,195,2023-02-11T06:52:04,3.533,4.0745,2.85,1.3768,-1.5883,28.137,35.704,24.584,2.71803,2.6969,115.128,1.9751,1.6397,9.6028,9.5281,99.222,89.9,False,
BAT-001,196,2023-02-11T11:00:01,3.572,4.0306,2.9579,1.4417,-1.4869,29.472,34.818,25.519,2.73659,2.69695,111.451,1.8397,1.8919,9.7752,9.6336,98.551,89.9,False,
BAT-001,197,2023-02-11T15:59:25,3.592,4.0647,2.9863,1.3498,-1.5031,30.701,34.908,28.519,2.72243,2.69138,113.377,2.0822,1.7297,9.7789,9.6673,98.859,89.71,False,
BAT-001,198,2023-02-11T21:13:05,3.5667,4.0113,2.8857,1.405,-1.6896,29.737,36.883,25.955,2.73014,2.69452,116.949,1.9173,1.6339,9.7376,9.6106,98.695,89.82,False,
BAT-001,199,2023-02-12T01:23:45,3.4826,3.8912,2.85,1.681,-1.5491,28.619,35.163,23.774,2.72456,2.69518,118.921,1.562,1.7096,9.4886,9.3863,98.922,89.84,False,
BAT-001,200,2023-02-12T05:31:10,3.5729,3.9512,2.9696,1.7298,-1.5012,27.959,34.908,25.765,2.72795,2.69448,109.606,1.5582,1.7464,9.7468,9.6272,98.773,89.82,False,
BAT-001,201,2023-02-12T10:48:08,3.5004,3.9264,2.85,1.6824,-1.4237,26.839,33.051,22.083,2.72044,2.69036,114.958,1.5965,1.9628,9.5227,9.4174,98.895,89.68,False,
BAT-001,202,2023-02-12T15:00:28,3.5691,3.9494,2.976,1.4349,-1.4989,28.991,33.213,24.343,2.72751,2.69297,111.848,1.9123,1.7869,9.7348,9.6115,98.733,89.77,False,
BAT-001,203,2023-02-12T19:49:18,3.4835,3.9967,2.85,1.7345,-1.6534,27.351,33.406,23.525,2.71662,2.68356,117.312,1.5507,1.5779,9.4634,9.3483,98.783,89.45,False,
BAT-001,204,2023-02-12T23:37:16,3.5184,3.9591,2.859,1.7595,-1.6374,27.263,34.514,22.369,2.72358,2.68914,115.671,1.5786,1.568,9.5826,9.4614,98.735,89.64,False,
BAT-001,205,2023-02-13T03:23:35,3.6173,4.1592,2.9151,1.6205,-1.538,26.231,32.463,23.671,2.70969,2.68932,114.125,1.8238,1.7139,9.8018,9.7281,99.248,89.64,False,
BAT-001,206,2023-02-13T07:48:48,3.5691,4.0538,2.965,1.4364,-1.2811,28.874,33.531,25.512,2.71374,2.68272,118.747,1.8487,2.0298,9.6856,9.5749,98.857,89.42,False,
BAT-001,207,2023-02-13T13:00:16,3.5384,3.908,2.9798,1.6607,-1.5805,31.813,35.097,27.482,2.71946,2.68751,112.863,1.6482,1.667,9.6225,9.5094,98.825,89.58,False,
BAT-001,208,2023-02-13T17:04:45,3.5635,4.0558,2.85,1.3919,-1.2004,25.532,30.301,23.161,2.71869,2.70345,117.968,1.9101,2.2142,9.688,9.6337,99.439,90.11,False,
BAT-001,209,2023-02-13T21:48:32,3.6265,4.0051,2.9336,1.6004,-1.5453,29.541,33.484,27.311,2.71935,2.68138,117.78,1.7682,1.8196,9.8618,9.7241,98.604,89.38,False,
BAT-001,210,2023-02-14T02:54:17,3.4831,3.9061,2.9323,1.5536,-1.6685,28.348,33.805,25.826,2.74047,2.70038,113.502,1.691,1.5506,9.5455,9.4058,98.537,90.01,False,
BAT-001,211,2023-02-14T07:44:12,3.5013,3.962,2.85,1.6239,-1.394,29.196,32.667,26.734,2.70654,2.68924,118.025,1.8163,1.9796,9.4764,9.4159,99.361,89.64,False,
BAT-001,212,2023-02-14T13:25:00,3.5419,3.9044,2.97,1.3477,-1.3759,29.779,36.732,26.008,2.70667,2.67591,117.935,1.9521,1.9931,9.5868,9.4779,98.864,89.2,False,
BAT-001,213,2023-02-14T18:23:39,3.5909,4.0764,3.002,1.624,-1.4418,48.502,52.323,46.104,2.55178,2.53218,118.463,1.7176,1.7185,9.1633,9.0929,99.232,84.41,True,capacity_drop
BAT-001,214,2023-02-14T22:51:47,3.6162,3.9892,2.9549,1.4728,-1.601,28.269,33.632,23.355,2.7114,2.67401,114.295,1.9017,1.632,9.8049,9.6697,98.621,89.13,False,
BAT-001,215,2023-02-15T03:37:48,3.5284,3.887,2.9625,1.6481,-1.2359,27.689,32.383,25.005,2.7159,2.68094,112.85,1.6122,2.2264,9.5828,9.4594,98.713,89.36,False,
BAT-001,216,2023-02-15T09:23:46,3.5898,4.0806,2.8758,1.5417,-1.4667,29.897,33.423,25.903,2.71476,2.6757,113.451,1.6817,1.7834,9.7454,9.6052,98.561,89.19,False,
BAT-001,217,2023-02-15T13:30:09,3.5319,3.9686,2.9113,1.6602,-1.4895,31.606,37.041,26.707,2.70138,2.67097,116.661,1.7303,1.7926,9.541,9.4336,98.874,89.03,False,
BAT-001,218,2023-02-15T18:14:39,3.5197,3.8821,2.9646,1.5998,-1.2358,29.575,37.259,25.936,2.71473,2.67612,114.639,1.769,2.1205,9.555,9.4191,98.578,89.2,False,
BAT-001,219,2023-02-15T22:43:47,3.5258,3.9626,2.85,1.7007,-1.5022,29.594,34.626,25.047,2.67963,2.6636,114.903,1.6165,1.7241,9.4477,9.3912,99.402,88.79,False,
BAT-001,220,2023-02-16T03:59:11,3.524,3.979,2.85,1.4462,-1.4604,30.718,37.827,28.245,2.68262,2.66858,115.526,1.791,1.8279,9.4536,9.4041,99.477,88.95,False,
BAT-001,221,2023-02-16T09:06:48,3.5335,3.9067,2.9758,1.4645,-1.4477,27.166,32.969,23.724,2.69275,2.66373,116.438,1.9338,1.8706,9.5148,9.4123,98.922,88.79,False,
BAT-001,222,2023-02-16T13:53:41,3.5197,4.0085,2.85,1.3675,-1.4205,29.161,32.342,24.595,2.69198,2.66308,113.966,1.9183,1.8761,9.475,9.3733,98.927,88.77,False,
BAT-001,223,2023-02-16T18:49:32,3.6408,4.1641,2.9063,1.5784,-1.3013,26.832,32.576,21.998,2.70673,2.66895,122.627,1.7421,2.0035,9.8547,9.7172,98.604,88.97,False,
BAT-001,224,2023-02-16T23:16:43,3.6074,3.9723,3.0353,1.646,-1.524,29.528,36.7,25.958,2.71461,2.67517,117.178,1.7912,1.8217,9.7926,9.6503,98.547,89.17,False,
BAT-001,225,2023-02-17T04:36:37,3.4822,3.859,2.85,1.3272,-1.3498,26.757,32.857,22.396,2.68314,2.66312,117.604,1.938,2.0421,9.3432,9.2735,99.254,88.77,False,
BAT-001,226,2023-02-17T10:22:53,3.501,3.8683,2.85,1.7621,-1.6108,27.181,32.969,22.228,2.68294,2.6522,118.441,1.503,1.5767,9.3931,9.2854,98.854,88.41,False,
BAT-001,227,2023-02-17T14:48:15,3.5741,3.9617,3.016,1.4822,-1.6395,27.98,34.376,23.711,2.67635,2.65452,117.769,1.8043,1.6712,9.5655,9.4875,99.184,88.48,False,
BAT-001,228,2023-02-17T19:49:03,3.6342,4.1717,2.9037,1.3102,-1.5959,31.238,38.185,29.217,2.67006,2.65675,116.497,2.0241,1.7065,9.7035,9.6551,99.502,88.56,False,
BAT-001,229,2023-02-18T01:14:15,3.6251,4.0646,2.9647,1.5048,-1.4763,28.045,35.178,23.318,2.66898,2.64776,115.442,1.933,1.805,9.6754,9.5985,99.205,88.26,False,
BAT-001,230,2023-02-18T06:08:20,3.606,3.9977,2.9563,1.5941,-1.2012,25.157,31.207,22.77,2.70301,2.66731,115.115,1.8184,2.2687,9.7471,9.6183,98.679,88.91,False,
BAT-001,231,2023-02-18T11:51:48,3.5677,4.0466,2.874,1.5836,-1.4483,29.028,35.435,26.194,2.69456,2.65856,118.684,1.8613,1.8737,9.6133,9.4848,98.664,88.62,False,
BAT-001,232,2023-02-18T17:34:49,3.5794,4.0381,2.8763,1.5604,-1.6341,31.453,36.358,27.935,2.70545,2.6676,118.719,1.7595,1.5685,9.6839,9.5484,98.601,88.92,False,
BAT-001,233,2023-02-18T21:38:19,3.4553,3.8381,2.85,1.6977,-1.3141,27.226,30.998,24.315,2.67785,2.65175,117.213,1.7088,2.0267,9.2527,9.1625,99.025,88.39,False,
BAT-001,234,2023-02-19T03:12:11,3.5729,3.9458,2.8525,1.7318,-1.4766,26.192,31.788,23.315,2.66449,2.64256,115.214,1.646,1.7893,9.5199,9.4416,99.177,88.09,False,
BAT-001,235,2023-02-19T08:31:38,3.5513,3.9382,2.85,1.7061,-1.6304,30.147,37.333,27.227,2.66223,2.6355,121.62,1.6607,1.5584,9.4544,9.3595,98.996,87.85,False,
BAT-001,236,2023-02-19T12:42:25,3.6087,4.1078,3.044,1.6829,-1.596,28.175,34.787,23.429,2.66544,2.6437,119.486,1.6949,1.6383,9.6189,9.5405,99.184,88.12,False,
BAT-001,237,2023-02-19T17:15:59,3.5312,3.8986,2.9723,1.7988,-1.6347,28.362,36.119,25.048,2.66963,2.64864,120.355,1.4737,1.5603,9.427,9.3529,99.214,88.29,False,
BAT-001,238,2023-02-19T21:33:08,3.4778,3.8676,2.8827,1.628,-1.3638,26.259,33.711,22.452,2.69219,2.65409,119.198,1.7433,1.92,9.363,9.2305,98.585,88.47,False,
BAT-001,239,2023-02-20T01:57:18,3.5259,4.043,2.85,1.5803,-1.6426,29.192,35.405,26.623,2.69018,2.65135,121.549,1.6443,1.6892,9.4854,9.3485,98.557,88.38,False,
BAT-001,240,2023-02-20T06:41:13,3.5925,4.1034,2.9356,1.4383,-1.2151,29.472,33.354,27.316,2.67975,2.65088,116.35,1.9812,2.1489,9.6269,9.5232,98.923,88.36,False,
BAT-001,241,2023-02-20T11:54:04,3.5104,3.9011,2.8969,1.3415,-1.2793,28.506,31.793,25.868,2.69223,2.65613,121.213,2.18,2.1573,9.4509,9.3241,98.659,88.54,False,
BAT-001,242,2023-02-20T17:45:27,3.4905,3.9557,2.8685,1.6054,-1.3481,27.431,34.384,22.796,2.65735,2.63313,124.663,1.6524,1.9671,9.2754,9.1909,99.089,87.77,False,
BAT-001,243,2023-02-20T22:17:40,3.5252,3.9121,2.9563,1.474,-1.6761,30.832,35.739,28.716,2.67224,2.63956,118.564,1.8855,1.5106,9.4202,9.305,98.777,87.99,False,
BAT-001,244,2023-02-21T03:00:15,3.472,3.908,2.85,1.422,-1.487,30.447,33.752,27.988,2.66541,2.64101,117.826,1.8738,1.8062,9.2543,9.1696,99.085,88.03,False,
BAT-001,245,2023-02-21T07:50:34,3.6377,4.1581,2.9212,1.6651,-1.6009,30.461,35.837,26.546,2.66902,2.63301,119.687,1.6465,1.7024,9.709,9.578,98.651,87.77,False,
BAT-001,246,2023-02-21T12:20:20,3.529,4.0303,2.85,1.7535,-1.4868,30.825,34.661,25.9,2.68395,2.64952,116.588,1.5127,1.8221,9.4715,9.35,98.717,88.32,False,
BAT-001,247,2023-02-21T17:22:02,3.6128,3.9808,2.9194,1.4251,-1.6382,29.309,33.31,27.054,2.66321,2.64441,121.618,1.9188,1.6063,9.6217,9.5537,99.294,88.15,False,
BAT-001,248,2023-02-21T22:31:10,3.5227,3.9057,2.85,1.4635,-1.2442,27.149,30.441,22.779,2.6497,2.62753,120.509,1.8592,2.0774,9.3341,9.256,99.163,87.58,False,
BAT-001,249,2023-02-22T03:56:57,3.574,4.0824,2.9257,1.6522,-1.2391,28.607,36.416,26.352,2.67414,2.63618,117.647,1.7406,2.2196,9.5572,9.4216,98.581,87.87,False,
BAT-001,250,2023-02-22T08:44:54,3.4821,3.9717,2.8878,1.4624,-1.2116,28.482,34.294,24.523,2.67011,2.63252,117.312,1.9123,2.2332,9.2975,9.1666,98.592,87.75,False,
BAT-001,251,2023-02-22T14:01:01,3.5311,3.8851,2.9496,1.633,-1.5148,29.81,36.8,26.106,2.64499,2.63142,118.531,1.5721,1.7483,9.3396,9.2917,99.487,87.71,False,
BAT-001,252,2023-02-22T17:55:46,3.5247,4.0429,2.85,1.6139,-1.4692,28.048,34.663,24.413,2.65988,2.63641,121.208,1.6327,1.7636,9.3754,9.2926,99.118,87.88,False,
BAT-001,253,2023-02-22T23:13:45,3.5242,3.9323,2.8863,1.6428,-1.22,27.847,32.262,23.8,2.64198,2.61644,127.696,1.6829,2.1774,9.3109,9.2209,99.034,87.21,False,
BAT-001,254,2023-02-23T04:30:06,3.5057,3.9405,2.9001,1.4834,-1.3955,30.565,34.664,26.152,2.66009,2.62771,121.795,1.8213,1.9219,9.3254,9.2118,98.783,87.59,False,
BAT-001,255,2023-02-23T08:52:01,3.5194,3.9343,2.8567,1.4287,-1.5101,29.388,34.241,26.777,2.6307,2.61688,122.274,1.7801,1.6671,9.2586,9.21,99.475,87.23,False,
BAT-001,256,2023-02-23T14:18:46,3.4669,3.9604,2.85,1.6564,-1.4318,28.583,36.518,24.035,2.63692,2.62375,125.467,1.7341,1.7875,9.142,9.0964,99.501,87.46,False,
BAT-001,257,2023-02-23T18:32:53,3.6,4.0122,2.97,1.3667,-1.2962,29.256,36.308,25.142,2.64576,2.61916,121.872,1.993,1.9953,9.5247,9.429,98.994,87.31,False,
BAT-001,258,2023-02-24T00:02:21,3.6061,4.051,2.883,1.4932,-1.398,28.376,33.97,24.742,2.65421,2.61805,121.683,1.8648,1.8598,9.5714,9.441,98.638,87.27,False,
BAT-001,259,2023-02-24T04:35:26,3.5193,3.9767,2.85,1.3694,-1.655,28.631,34.561,25.1,2.63705,2.61493,120.885,1.8398,1.5796,9.2806,9.2028,99.161,87.16,False,
BAT-001,260,2023-02-24T08:54:19,3.4767,3.8638,2.8885,1.6042,-1.2889,29.037,33.086,26.764,2.63266,2.60276,128.284,1.7747,1.978,9.153,9.049,98.864,86.76,False,
BAT-001,261,2023-02-24T13:47:46,3.4633,4.0111,2.85,1.353,-1.398,29.759,33.408,25.675,2.64818,2.61047,118.581,1.9398,1.8383,9.1715,9.0409,98.576,87.02,False,
BAT-001,262,2023-02-24T18:12:35,3.634,4.0883,3.0446,1.3382,-1.3012,27.797,31.494,24.316,2.64661,2.62217,122.444,2.0723,1.9321,9.6177,9.5289,99.077,87.41,False,
BAT-001,263,2023-02-24T23:22:32,3.4873,3.9306,2.85,1.7981,-1.6898,29.427,32.83,26.456,2.62714,2.608,115.901,1.4401,1.4684,9.1616,9.0948,99.271,86.93,False,
BAT-001,264,2023-02-25T02:55:37,3.577,4.0974,2.9788,1.5692,-1.2921,25.605,29.367,23.12,2.65819,2.63606,119.235,1.7648,1.992,9.5084,9.4292,99.167,87.87,False,
BAT-001,265,2023-02-25T07:26:32,3.564,4.0045,2.9964,1.6606,-1.3108,27.842,32.416,23.135,2.63205,2.61783,119.205,1.6951,2.0863,9.3805,9.3298,99.46,87.26,False,
BAT-001,266,2023-02-25T12:42:06,3.5723,4.0504,2.9131,1.362,-1.3964,30.045,37.279,26.908,2.64132,2.61569,123.238,2.0813,1.8624,9.4356,9.344,99.029,87.19,False,
BAT-001,267,2023-02-25T18:16:32,3.5101,3.9132,2.8868,1.6588,-1.6748,30.48,36.216,27.134,2.64968,2.61246,128.128,1.716,1.6144,9.3007,9.1701,98.595,87.08,False,
BAT-001,268,2023-02-25T22:32:44,3.6227,4.005,2.9554,1.3594,-1.5946,29.372,35.848,24.642,2.63125,2.60791,120.262,1.8914,1.618,9.5321,9.4476,99.113,86.93,False,
BAT-001,269,2023-02-26T03:31:32,3.5361,4.0009,2.9548,1.5253,-1.3847,29.695,36.341,26.766,2.63393,2.61627,123.195,1.7803,1.9693,9.3138,9.2514,99.33,87.21,False,
BAT-001,270,2023-02-26T08:35:03,3.4837,4.0009,2.8964,1.4096,-1.3616,29.46,35.569,25.4,2.61849,2.60357,120.784,2.0169,1.8729,9.1221,9.0701,99.43,86.79,False,
BAT-001,271,2023-02-26T13:57:43,3.4921,3.9877,2.85,1.5593,-1.3608,30.516,37.37,27.015,2.62211,2.60115,123.489,1.7912,1.8671,9.1567,9.0835,99.201,86.71,False,
BAT-001,272,2023-02-26T19:00:17,3.6369,4.1643,3.0098,1.7983,-1.2763,29.961,35.357,25.566,2.61551,2.59429,120.277,1.58,2.0797,9.5123,9.4351,99.189,86.48,False,
BAT-001,273,2023-02-27T00:06:16,3.4715,3.9927,2.85,1.6979,-1.3952,28.246,31.413,25.097,2.62612,2.59985,123.023,1.5795,1.8178,9.1165,9.0253,99.0,86.66,False,
BAT-001,274,2023-02-27T04:02:55,3.5086,3.9462,2.8638,1.5904,-1.2032,29.477,32.833,26.125,2.62415,2.59984,123.836,1.6188,2.166,9.2072,9.1219,99.074,86.66,False,
BAT-001,275,2023-02-27T08:45:13,3.5101,3.9409,2.8528,1.5298,-1.681,27.888,35.866,25.003,2.61962,2.59635,122.765,1.8295,1.5531,9.1952,9.1135,99.112,86.55,False,
BAT-001,276,2023-02-27T13:33:14,3.5934,4.0833,2.9465,1.7594,-1.6034,32.555,36.224,30.346,2.6387,2.6086,122.178,1.5358,1.5587,9.4819,9.3737,98.859,86.95,False,
BAT-001,277,2023-02-27T18:14:02,3.5645,4.0915,2.9795,1.3512,-1.3025,30.319,33.848,26.475,2.63969,2.60489,124.298,2.0746,2.0501,9.4093,9.2852,98.682,86.83,False,
BAT-001,278,2023-02-27T23:08:37,3.5831,4.023,3.0104,1.5838,-1.2928,28.202,31.557,23.274,2.62844,2.60373,124.679,1.747,1.95,9.4179,9.3294,99.06,86.79,False,
BAT-001,279,2023-02-28T03:21:43,3.628,4.0133,2.9666,1.4279,-1.6881,28.271,34.933,23.952,2.62313,2.60612,122.88,1.7637,1.4932,9.5166,9.4549,99.351,86.87,False,
BAT-001,280,2023-02-28T07:41:43,3.5921,4.0438,2.8985,1.4317,-1.6272,28.606,32.585,24.206,2.65477,2.62445,122.566,1.8562,1.5563,9.5361,9.4272,98.858,87.48,False,
BAT-001,281,2023-02-28T11:53:16,3.4603,4.0015,2.8545,1.7796,-1.6438,29.671,36.756,25.614,2.63346,2.59848,126.252,1.5194,1.5686,9.1125,8.9915,98.672,86.62,False,
BAT-001,282,2023-02-28T16:41:57,3.611,3.9694,2.9801,1.7284,-1.3446,31.037,34.074,27.971,2.6319,2.59923,121.858,1.5872,1.8616,9.5038,9.3858,98.759,86.64,False,
BAT-001,283,2023-02-28T21:59:34,3.6476,4.0144,3.0845,1.3375,-1.4949,27.98,32.995,24.646,2.63295,2.59634,122.008,2.0442,1.7425,9.6039,9.4703,98.61,86.54,False,
BAT-001,284,2023-03-01T03:18:42,3.5274,3.9025,2.8667,1.4721,-1.67,29.311,34.913,24.917,2.60728,2.57601,129.23,1.7512,1.5919,9.1969,9.0866,98.801,85.87,False,
BAT-001,285,2023-03-01T07:09:34,3.6108,4.1257,2.9506,1.6093,-1.2295,28.241,33.996,26.065,2.63907,2.60174,125.226,1.7403,2.1881,9.5292,9.3944,98.586,86.72,False,
BAT-001,286,2023-03-01T12:58:06,3.5635,3.9276,3.0099,1.3125,-1.4556,30.251,33.888,27.877,2.6362,2.59878,121.732,2.0794,1.7379,9.3941,9.2608,98.581,86.63,False,
BAT-001,287,2023-03-01T18:22:51,3.564,3.9506,3.0003,1.628,-1.226,30.029,36.486,25.172,2.61494,2.58225,124.17,1.6016,2.1034,9.3196,9.2031,98.75,86.07,False,
BAT-001,288,2023-03-01T23:41:54,3.6304,4.0754,2.9626,1.3733,-1.416,29.834,33.428,26.298,2.62621,2.59913,125.069,1.8642,1.8522,9.5341,9.4358,98.969,86.64,False,
BAT-001,289,2023-03-02T04:10:10,3.4704,3.8845,2.8754,1.5358,-1.621,30.532,35.048,28.069,2.61866,2.60058,123.475,1.804,1.6175,9.0879,9.0251,99.31,86.69,False,
BAT-001,290,2023-03-02T08:23:32,3.5229,3.9089,2.85,1.3785,-1.5892,28.361,35.094,26.302,2.60989,2.58357,123.44,1.8762,1.6206,9.1943,9.1015,98.991,86.12,False,
BAT-001,291,2023-03-02T13:16:57,3.5182,3.8786,2.85,1.3753,-1.3285,29.43,32.5,27.423,2.60121,2.57863,124.648,1.9416,1.9031,9.1516,9.0721,99.132,85.95,False,
BAT-001,292,2023-03-02T17:53:52,3.52,3.8976,2.9226,1.3149,-1.3541,30.088,37.245,26.972,2.59335,2.57459,122.959,2.044,1.9142,9.1286,9.0626,99.277,85.82,False,
BAT-001,293,2023-03-02T23:35:56,3.4707,3.9963,2.85,1.3548,-1.429,29.273,34.72,25.609,2.60975,2.58913,122.714,1.8358,1.8738,9.0578,8.9862,99.21,86.3,False,
BAT-001,294,2023-03-03T05:16:09,3.5281,3.9949,2.9691,1.7123,-1.4105,28.866,33.502,23.958,2.61297,2.583,124.454,1.4898,1.7675,9.2187,9.113,98.853,86.1,False,
BAT-001,295,2023-03-03T09:16:29,3.6214,4.1009,3.0633,1.5478,-1.5273,27.721,31.91,23.235,2.61216,2.57376,127.477,1.8488,1.6783,9.4596,9.3205,98.53,85.79,False,
BAT-001,296,2023-03-03T14:15:20,3.5225,3.8949,2.9148,1.5668,-1.4625,30.357,38.337,28.035,2.59262,2.57353,130.019,1.6393,1.7347,9.1326,9.0653,99.264,85.78,False,
BAT-001,297,2023-03-03T18:50:53,3.4669,3.9405,2.85,1.3653,-1.3987,28.427,32.365,24.158,2.60355,2.56872,125.884,1.9035,1.8528,9.0262,8.9054,98.662,85.62,False,
BAT-001,298,2023-03-03T23:52:41,3.5287,3.9385,2.85,1.4226,-1.2424,29.937,36.804,25.385,2.59046,2.57444,128.931,1.9301,2.0842,9.1411,9.0846,99.382,85.81,False,
BAT-001,299,2023-03-04T05:28:43,3.5871,4.0679,2.9408,1.5516,-1.245,30.278,37.607,27.854,2.58697,2.56811,127.28,1.6755,1.9696,9.2797,9.2121,99.271,85.6,False,
BAT-001,300,2023-03-04T09:40:05,3.4953,3.8957,2.85,1.4419,-1.2352,30.136,33.145,26.109,2.60463,2.57901,123.157,1.7839,2.1392,9.1039,9.0143,99.016,85.97,False,
BAT-001,301,2023-03-04T15:14:45,3.6307,4.0355,2.9179,1.3802,-1.5303,29.435,32.621,25.774,2.57393,2.5605,127.139,1.9327,1.6403,9.345,9.2963,99.478,85.35,False,
BAT-001,302,2023-03-04T20:38:01,3.4946,3.8604,2.85,1.3377,-1.539,29.917,37.166,24.973,2.58971,2.56752,123.723,2.0343,1.7132,9.0499,8.9724,99.143,85.58,False,
BAT-001,303,2023-03-05T01:38:23,3.5269,4.0229,2.9363,1.4057,-1.689,28.19,32.099,25.195,2.6017,2.57228,126.015,1.8686,1.5417,9.1759,9.0722,98.869,85.74,False,
BAT-001,304,2023-03-05T06:56:04,3.5359,3.9294,2.9646,1.7866,-1.6321,30.684,37.06,27.283,2.57978,2.5504,124.717,1.4417,1.5294,9.1218,9.0179,98.861,85.01,False,
BAT-001,305,2023-03-05T10:36:35,3.5145,3.9922,2.85,1.3546,-1.5114,30.753,35.408,28.168,2.60098,2.57659,126.297,1.9004,1.666,9.1412,9.0555,99.062,85.89,False,
BAT-001,306,2023-03-05T15:20:49,3.492,3.9799,2.9068,1.4105,-1.3003,29.578,34.947,27.462,2.57542,2.55571,126.642,1.8094,2.0627,8.9932,8.9244,99.235,85.19,False,
BAT-001,307,2023-03-05T21:05:48,3.6188,3.9941,3.0439,1.5084,-1.635,29.81,33.347,26.087,2.5933,2.57246,121.639,1.6735,1.6026,9.3846,9.3092,99.197,85.75,False,
BAT-001,308,2023-03-06T02:14:50,3.5479,3.966,2.85,1.4369,-1.2788,28.519,31.693,25.675,2.59207,2.57704,127.271,1.8924,1.9432,9.1964,9.1431,99.42,85.9,False,
BAT-001,309,2023-03-06T06:45:00,3.6157,4.1651,2.9961,1.4428,-1.4265,31.202,37.845,27.787,2.57782,2.56302,127.587,1.7629,1.8375,9.3206,9.2671,99.426,85.43,False,
BAT-001,310,2023-03-06T12:07:56,3.549,4.0542,2.85,1.5222,-1.3712,28.962,33.447,26.703,2.58744,2.55756,126.945,1.7239,1.8032,9.1829,9.0768,98.845,85.25,False,
BAT-001,311,2023-03-06T16:40:44,3.6257,4.0145,3.0068,1.5952,-1.4533,29.584,34.818,25.955,2.5812,2.56208,128.845,1.6021,1.7828,9.3587,9.2895,99.26,85.4,False,
BAT-001,312,2023-03-06T20:40:08,3.5692,3.9825,2.85,1.4716,-1.3183,28.176,34.906,24.13,2.58209,2.54885,127.018,1.6799,1.8621,9.216,9.0974,98.713,84.96,False,
BAT-001,313,2023-03-07T01:40:07,3.5266,3.8839,2.888,1.6086,-1.6344,28.35,32.334,24.761,2.58214,2.56354,127.846,1.6127,1.5657,9.1063,9.0407,99.28,85.45,False,
BAT-001,314,2023-03-07T06:43:59,3.4886,3.939,2.85,1.761,-1.4537,28.562,32.925,24.586,2.57514,2.55179,130.773,1.5142,1.7053,8.9837,8.9022,99.093,85.06,False,
BAT-001,315,2023-03-07T11:31:00,3.5472,3.9122,2.9111,1.341,-1.3378,30.575,35.119,25.583,2.57367,2.55078,126.865,2.0871,1.9229,9.1294,9.0482,99.111,85.03,False,
BAT-001,316,2023-03-07T17:28:37,3.5923,3.9457,2.9875,1.7777,-1.3579,30.938,34.876,27.501,2.58901,2.56798,120.773,1.5677,1.9399,9.3005,9.225,99.188,85.6,False,
BAT-001,317,2023-03-07T22:08:24,3.5933,4.025,2.9243,1.5181,-1.4895,30.153,36.558,26.63,2.56089,2.54699,125.503,1.8405,1.6976,9.202,9.152,99.457,84.9,False,
BAT-001,318,2023-03-08T02:12:07,3.5464,3.9513,2.8634,1.652,-1.4056,29.247,33.142,26.005,2.585,2.55939,129.357,1.6712,1.8953,9.1674,9.0766,99.009,85.31,False,
BAT-001,319,2023-03-08T07:09:32,3.5232,3.888,2.9711,1.3615,-1.278,29.709,34.834,26.884,2.57255,2.54249,131.566,1.9167,1.9685,9.0637,8.9578,98.832,84.75,False,
BAT-001,320,2023-03-08T11:59:46,3.6242,4.1205,2.9131,1.3627,-1.2434,31.15,36.465,27.259,2.58044,2.55095,127.185,1.8056,2.0062,9.3521,9.2452,98.857,85.03,False,
BAT-001,321,2023-03-08T17:03:58,3.5707,3.9794,2.9731,1.5213,-1.5177,30.573,34.796,26.485,2.56617,2.54653,128.306,1.7504,1.6812,9.163,9.0929,99.234,84.88,False,
BAT-001,322,2023-03-08T21:49:45,3.5352,4.0046,2.8647,1.4702,-1.6299,31.42,34.965,27.335,2.56802,2.53806,128.222,1.7626,1.635,9.0786,8.9727,98.833,84.6,False,
BAT-001,323,2023-03-09T02:03:52,3.5795,3.9736,2.9282,1.7444,-1.5962,31.686,36.128,29.146,2.56598,2.54203,127.281,1.5913,1.626,9.1848,9.0991,99.067,84.73,False,
BAT-001,324,2023-03-09T06:38:24,3.4756,3.9187,2.85,1.7706,-1.362,30.385,37.129,26.382,2.55947,2.54366,129.421,1.5728,1.8504,8.8956,8.8406,99.382,84.79,False,
BAT-001,325,2023-03-09T11:08:52,3.5467,3.9399,2.8997,1.6583,-1.3433,29.776,35.925,25.414,2.56538,2.54563,128.037,1.5278,1.9198,9.0985,9.0285,99.23,84.85,False,
BAT-001,326,2023-03-09T15:19:34,3.4878,3.8485,2.85,1.7919,-1.4658,31.027,37.003,26.678,2.55319,2.52231,127.804,1.4937,1.7537,8.905,8.7973,98.79,84.08,False,
BAT-001,327,2023-03-09T19:24:54,3.4925,4.0142,2.8939,1.4805,-1.5573,30.51,34.306,27.051,2.54811,2.52945,125.553,1.698,1.5813,8.8992,8.834,99.267,84.31,False,
BAT-001,328,2023-03-09T23:12:30,3.5764,3.9405,2.963,1.7364,-1.4911,29.568,34.893,26.943,2.56655,2.54572,129.947,1.5842,1.778,9.1789,9.1045,99.188,84.86,False,
BAT-001,329,2023-03-10T04:26:11,3.5138,3.9904,2.9258,1.7597,-1.2515,30.079,37.353,25.967,2.54528,2.52481,130.135,1.4512,2.0366,8.9435,8.8716,99.196,84.16,False,
BAT-001,330,2023-03-10T08:45:35,3.5641,4.0467,2.8608,1.3833,-1.2219,30.612,37.482,26.66,2.55743,2.53283,130.015,1.951,2.0527,9.115,9.0273,99.038,84.43,False,
BAT-001,331,2023-03-10T13:36:56,3.4946,3.946,2.85,1.6004,-1.4187,29.296,36.496,24.659,2.55756,2.53967,125.912,1.669,1.8143,8.9377,8.8752,99.301,84.66,False,
BAT-001,332,2023-03-10T18:30:46,3.4718,3.9921,2.9125,1.5624,-1.5075,31.775,39.254,29.205,2.56484,2.54392,126.361,1.7773,1.7319,8.9045,8.8319,99.185,84.8,False,
BAT-001,333,2023-03-10T22:52:59,3.4976,3.8935,2.85,1.3796,-1.6901,31.58,36.688,27.904,2.55076,2.53011,129.333,1.7899,1.5444,8.9216,8.8493,99.19,84.34,False,
BAT-001,334,2023-03-11T03:07:46,3.4685,3.8508,2.8581,1.3725,-1.661,29.768,35.886,26.696,2.55278,2.52627,124.787,1.8441,1.5215,8.8544,8.7625,98.961,84.21,False,
BAT-001,335,2023-03-11T07:26:11,3.6472,4.0948,3.0673,1.475,-1.5587,28.669,34.576,25.419,2.56366,2.53946,128.869,1.6646,1.6998,9.3501,9.2618,99.056,84.65,False,
BAT-001,336,2023-03-11T11:55:17,3.523,4.0247,2.9042,1.4822,-1.6974,29.37,35.817,25.44,2.55342,2.53024,126.388,1.8506,1.5446,8.9956,8.9139,99.092,84.34,False,
BAT-001,337,2023-03-11T16:39:41,3.5957,3.9786,2.988,1.555,-1.6183,31.296,37.357,27.036,2.54597,2.53273,124.981,1.7853,1.505,9.1545,9.1068,99.48,84.42,False,
BAT-001,338,2023-03-11T21:50:29,3.5478,3.9591,2.9114,1.5771,-1.4763,30.422,35.619,27.781,2.56759,2.53547,131.31,1.7704,1.7993,9.1092,8.9952,98.749,84.52,False,
BAT-001,339,2023-03-12T02:21:38,3.6181,3.9792,3.0601,1.4137,-1.6214,28.299,34.114,25.342,2.55013,2.53191,125.928,1.9652,1.5352,9.2265,9.1606,99.286,84.4,False,
BAT-001,340,2023-03-12T07:36:48,3.5254,3.893,2.8806,1.4087,-1.2314,30.021,34.645,26.252,2.54585,2.52106,129.253,1.8403,2.0068,8.9752,8.8878,99.026,84.04,False,
BAT-001,341,2023-03-12T13:26:50,3.5627,3.986,2.8634,1.3621,-1.3659,28.541,34.669,24.029,2.53002,2.51429,127.593,1.7777,1.7808,9.0136,8.9576,99.378,83.81,False,
BAT-001,342,2023-03-12T17:34:42,3.5565,3.9835,3.0059,1.6369,-1.2271,28.665,31.779,25.074,2.52894,2.51625,129.707,1.6751,2.0654,8.9943,8.9492,99.498,83.87,False,
BAT-001,343,2023-03-12T22:43:53,3.6382,4.0768,3.0193,1.6767,-1.4714,30.25,34.111,27.739,2.53115,2.51549,128.654,1.5381,1.6532,9.2088,9.1518,99.381,83.85,False,
BAT-001,344,2023-03-13T02:27:08,3.4739,3.8729,2.85,1.7555,-1.4024,28.15,33.025,26.036,2.55396,2.51795,133.21,1.446,1.7277,8.8722,8.7471,98.59,83.93,False,
BAT-001,345,2023-03-13T06:16:47,3.5627,3.9403,3.0119,1.3965,-1.3179,29.605,37.182,26.387,2.52599,2.51096,127.851,1.8283,1.9457,8.9995,8.9459,99.405,83.7,False,
BAT-001,346,2023-03-13T11:29:38,3.5646,3.9733,2.9534,1.4306,-1.4304,29.698,35.245,27.094,2.53905,2.52371,131.607,1.7134,1.8212,9.0508,8.9961,99.396,84.12,False,
BAT-001,347,2023-03-13T16:14:51,3.598,4.0684,2.9634,1.5133,-1.297,30.897,36.822,28.432,2.53736,2.51827,127.9,1.8156,1.9161,9.1295,9.0608,99.248,83.94,False,
BAT-001,348,2023-03-13T20:33:14,3.5464,4.0714,2.85,1.7299,-1.3909,30.29,36.177,26.131,2.55818,2.52361,130.621,1.4443,1.8563,9.0723,8.9497,98.649,84.12,False,
BAT-001,349,2023-03-14T01:47:27,3.5198,4.0268,2.8589,1.4536,-1.5042,28.586,33.828,23.998,2.54609,2.5088,130.304,1.8396,1.7116,8.9618,8.8306,98.536,83.63,False,
BAT-001,350,2023-03-14T06:43:02,3.4986,3.9713,2.85,1.4677,-1.2061,30.16,38.153,27.276,2.52353,2.50496,130.063,1.6808,2.0315,8.8289,8.7639,99.264,83.5,False,
BAT-001,351,2023-03-14T11:34:04,3.543,4.0766,2.9116,1.4641,-1.2432,30.372,37.691,28.248,2.54,2.51141,128.02,1.6859,1.9486,8.9991,8.8978,98.875,83.71,False,
BAT-001,352,2023-03-14T16:36:20,3.5855,3.9849,3.0034,1.4789,-1.5878,31.39,37.72,26.902,2.52623,2.50276,126.602,1.6938,1.551,9.0578,8.9737,99.071,83.43,False,
BAT-001,353,2023-03-14T20:24:50,3.4608,3.9605,2.85,1.4019,-1.6566,30.368,36.657,26.416,2.54589,2.51863,132.331,1.9716,1.5855,8.8108,8.7165,98.929,83.95,False,
BAT-001,354,2023-03-15T01:21:52,3.5712,3.9497,2.85,1.7422,-1.6759,29.262,36.182,24.777,2.52517,2.50355,129.359,1.4455,1.4409,9.0179,8.9407,99.144,83.45,False,
BAT-001,355,2023-03-15T06:14:47,3.5853,4.0796,2.992,1.7145,-1.3096,28.442,35.359,25.875,2.53234,2.50485,131.834,1.4559,1.9661,9.0792,8.9806,98.915,83.5,False,
BAT-001,356,2023-03-15T10:17:51,3.7693,4.1844,3.0817,2.7319,-1.5409,54.115,58.889,51.625,2.34295,2.31833,130.856,0.8439,1.5524,8.8313,8.7385,98.949,77.28,True,capacity_drop
BAT-001,357,2023-03-15T13:35:43,3.6115,3.9678,2.8696,1.3739,-1.3767,30.509,35.956,26.152,2.52821,2.50737,129.302,1.7499,1.9001,9.1308,9.0555,99.176,83.58,False,
BAT-001,358,2023-03-15T18:42:51,3.5878,4.0264,2.9062,1.5135,-1.5658,31.44,38.59,28.827,2.52992,2.49702,133.784,1.8247,1.5398,9.077,8.9589,98.7,83.23,False,
BAT-001,359,2023-03-15T22:46:20,3.6346,4.1499,3.0142,1.5687,-1.4228,30.418,36.29,26.175,2.54366,2.51056,134.735,1.5829,1.8407,9.2452,9.1249,98.698,83.69,False,
BAT-001,360,2023-03-16T03:29:29,3.4905,3.8627,2.9193,1.67,-1.2276,32.097,39.078,29.673,2.53259,2.5039,132.266,1.5586,1.9574,8.8401,8.74,98.867,83.46,False,
BAT-001,361,2023-03-16T08:27:23,3.5861,3.9781,2.946,1.5865,-1.6994,30.116,33.117,27.065,2.5303,2.49427,135.189,1.6027,1.524,9.074,8.9448,98.576,83.14,False,
BAT-001,362,2023-03-16T13:27:07,3.5937,4.0763,2.9963,1.4617,-1.6302,30.438,38.26,27.519,2.51343,2.49737,132.044,1.6396,1.4944,9.0325,8.9747,99.361,83.25,False,
BAT-001,363,2023-03-16T17:20:34,3.632,4.0157,3.002,1.693,-1.4957,29.444,35.13,26.04,2.51318,2.49787,131.764,1.4831,1.6049,9.1279,9.0723,99.391,83.26,False,
BAT-001,364,2023-03-16T22:24:09,3.5533,3.9532,2.9174,1.6368,-1.3409,31.391,35.923,28.797,2.51125,2.49397,131.225,1.6773,1.9178,8.9233,8.8619,99.312,83.13,False,
BAT-001,365,2023-03-17T03:00:44,3.6124,4.022,2.9411,1.4847,-1.2005,28.847,34.595,25.052,2.52993,2.50442,133.819,1.7721,2.0967,9.1392,9.047,98.991,83.48,False,
BAT-001,366,2023-03-17T07:48:58,3.5453,3.9082,2.9253,1.388,-1.531,30.43,34.944,27.431,2.53272,2.50462,133.618,1.9169,1.5785,8.9793,8.8797,98.891,83.49,False,
BAT-001,367,2023-03-17T13:12:20,3.6378,4.1202,3.0565,1.3971,-1.6396,30.99,34.084,27.486,2.52595,2.51086,132.972,1.9516,1.5047,9.1888,9.1339,99.402,83.7,False,
BAT-001,368,2023-03-17T17:21:15,3.6109,4.0378,2.996,1.6585,-1.5584,28.976,34.819,26.092,2.5301,2.50068,128.274,1.5613,1.6229,9.136,9.0297,98.837,83.36,False,
BAT-001,369,2023-03-17T21:40:43,3.5661,4.0991,2.9333,1.5872,-1.4375,31.093,34.429,26.401,2.52449,2.4974,131.973,1.7282,1.7457,9.0025,8.9059,98.927,83.25,False,
BAT-001,370,2023-03-18T02:29:14,3.5997,4.0918,2.9923,1.6259,-1.5136,32.675,37.878,28.169,2.51854,2.49119,130.268,1.6123,1.5749,9.0659,8.9675,98.914,83.04,False,
BAT-001,371,2023-03-18T06:50:20,3.4645,3.9615,2.85,1.3295,-1.3518,31.65,35.549,28.388,2.51042,2.48208,126.682,1.814,1.7651,8.6975,8.5993,98.871,82.74,False,
BAT-001,372,2023-03-18T11:55:15,3.568,4.0774,2.8612,1.4878,-1.5114,32.537,38.439,30.293,2.51741,2.48728,131.381,1.7178,1.5935,8.9821,8.8746,98.803,82.91,False,
BAT-001,373,2023-03-18T17:03:26,3.5257,4.058,2.85,1.3666,-1.5734,31.278,34.355,27.693,2.52416,2.49692,130.292,1.7907,1.541,8.8993,8.8033,98.921,83.23,False,
BAT-001,374,2023-03-18T21:55:59,3.6022,4.126,2.9799,1.5746,-1.4579,31.166,34.991,27.432,2.51857,2.484,133.75,1.7006,1.6816,9.0725,8.9479,98.627,82.8,False,
BAT-001,375,2023-03-19T03:06:59,3.5405,3.9044,2.9514,1.6847,-1.646,30.994,34.522,27.391,2.50784,2.49107,130.44,1.6053,1.5511,8.879,8.8196,99.331,83.04,False,
BAT-001,376,2023-03-19T07:12:34,3.4829,3.8523,2.9202,1.6793,-1.4682,31.937,39.456,27.419,2.53696,2.50191,129.739,1.4482,1.7239,8.8358,8.7138,98.619,83.4,False,
BAT-001,377,2023-03-19T12:02:24,3.4906,4.0059,2.85,1.3492,-1.2502,30.892,34.214,28.686,2.52091,2.48407,131.03,2.0242,2.0467,8.7996,8.671,98.539,82.8,False,
BAT-001,378,2023-03-19T17:56:00,3.5242,4.0515,2.85,1.7478,-1.278,33.205,39.268,29.201,2.50143,2.48102,134.223,1.5558,1.9183,8.8156,8.7436,99.184,82.7,False,
BAT-001,379,2023-03-19T22:59:12,3.5952,3.9818,2.8544,1.7843,-1.6837,30.099,35.011,25.82,2.50866,2.47676,133.909,1.4944,1.4101,9.0191,8.9044,98.729,82.56,False,
BAT-001,380,2023-03-20T03:18:20,3.4899,4.0221,2.85,1.7659,-1.435,31.711,36.503,27.862,2.50346,2.47884,129.215,1.4215,1.77,8.7369,8.651,99.017,82.63,False,
BAT-001,381,2023-03-20T08:11:56,3.5115,4.003,2.8517,1.662,-1.2438,33.34,41.311,29.945,2.49447,2.47608,134.642,1.6209,1.9397,8.7593,8.6947,99.263,82.54,False,
BAT-001,382,2023-03-20T13:21:57,3.5553,4.0435,2.9789,1.3571,-1.586,30.741,36.338,26.019,2.50788,2.47534,130.047,1.9384,1.5446,8.9164,8.8007,98.702,82.51,False,
BAT-001,383,2023-03-20T17:58:11,3.5507,4.0417,2.85,1.3313,-1.5775,30.289,33.663,26.252,2.51311,2.48183,134.512,1.9963,1.577,8.9232,8.8121,98.755,82.73,False,
BAT-001,384,2023-03-20T23:14:01,3.5315,4.0506,2.85,1.387,-1.3831,31.661,38.095,28.917,2.49685,2.47944,138.552,1.852,1.845,8.8176,8.7562,99.303,82.65,False,
BAT-001,385,2023-03-21T04:26:14,3.5579,4.0827,2.9054,1.5367,-1.2992,30.805,35.47,27.993,2.49738,2.47675,134.53,1.6822,1.8991,8.8855,8.8121,99.174,82.56,False,
BAT-001,386,2023-03-21T09:51:08,3.6291,4.1519,3.0744,1.4256,-1.2217,32.345,38.252,28.803,2.48167,2.46394,126.174,1.7985,1.9669,9.0063,8.942,99.286,82.13,False,
BAT-001,387,2023-03-21T15:01:13,3.5963,4.1115,2.9032,1.3641,-1.2976,30.869,35.316,28.51,2.49867,2.47036,129.823,1.7827,1.8402,8.9859,8.8841,98.867,82.35,False,
BAT-001,388,2023-03-21T19:51:35,3.5245,3.9192,2.85,1.7799,-1.4462,29.716,34.019,27.242,2.49381,2.47706,137.025,1.5082,1.6416,8.7893,8.7303,99.328,82.57,False,
BAT-001,389,2023-03-22T00:57:33,3.4763,3.8496,2.85,1.5646,-1.2306,33.726,36.863,31.311,2.48487,2.45984,132.17,1.6989,1.9919,8.6381,8.5511,98.993,81.99,False,
BAT-001,390,2023-03-22T06:28:20,3.5031,3.8741,2.85,1.4363,-1.3321,32.816,39.805,28.484,2.49456,2.46685,135.847,1.8763,1.8135,8.7387,8.6416,98.889,82.23,False,
BAT-001,391,2023-03-22T11:21:38,3.5588,4.0727,2.85,1.7387,-1.223,32.552,36.791,29.624,2.49476,2.46404,135.819,1.4167,1.968,8.8783,8.769,98.768,82.13,False,
BAT-001,392,2023-03-22T16:04:27,3.6188,4.0877,3.0392,1.7081,-1.2186,30.655,33.94,26.653,2.47908,2.45712,133.399,1.459,2.0469,8.9713,8.8918,99.114,81.9,False,
BAT-001,393,2023-03-22T20:36:03,3.541,4.0002,2.976,1.634,-1.3544,31.114,34.892,27.622,2.49288,2.46923,133.636,1.5204,1.8585,8.8274,8.7436,99.051,82.31,False,
BAT-001,394,2023-03-23T00:50:26,3.6078,3.9671,2.9507,1.7977,-1.6845,29.754,36.532,26.719,2.4772,2.45787,131.99,1.3422,1.4833,8.9371,8.8674,99.22,81.93,False,
BAT-001,395,2023-03-23T04:55:03,3.5983,3.9568,2.9727,1.775,-1.4416,31.898,38.337,27.008,2.49637,2.46367,136.69,1.5276,1.7212,8.9826,8.865,98.69,82.12,False,
BAT-001,396,2023-03-23T09:13:51,3.5986,3.9724,2.9348,1.3782,-1.2305,28.466,34.743,23.904,2.50024,2.46777,137.951,1.9364,2.0772,8.9973,8.8805,98.701,82.26,False,
BAT-001,397,2023-03-23T14:53:04,3.5008,3.8821,2.85,1.6719,-1.6744,32.653,40.119,30.254,2.48973,2.47709,135.104,1.6109,1.5295,8.716,8.6717,99.492,82.57,False,
BAT-001,398,2023-03-23T19:49:53,3.5074,3.9486,2.9325,1.3103,-1.697,31.009,38.57,28.155,2.47446,2.45929,137.385,1.8564,1.4384,8.6789,8.6257,99.387,81.98,False,
BAT-001,399,2023-03-24T00:18:23,3.5545,3.9577,2.904,1.5159,-1.4725,33.035,37.161,30.952,2.48701,2.4556,134.831,1.568,1.6066,8.84,8.7283,98.737,81.85,False,
BAT-001,400,2023-03-24T04:50:12,3.5361,3.9664,2.9196,1.735,-1.4434,29.111,33.555,26.701,2.49061,2.45654,135.675,1.5615,1.6254,8.8071,8.6866,98.632,81.88,False,
BAT-001,401,2023-03-24T08:32:34,3.5611,3.9248,2.85,1.3959,-1.2165,31.932,35.348,29.644,2.48931,2.4571,134.815,1.9082,2.0181,8.8646,8.7499,98.706,81.9,False,
BAT-001,402,2023-03-24T13:19:53,3.521,3.9924,2.85,1.4873,-1.2325,31.67,37.862,29.251,2.46708,2.43712,133.298,1.7134,1.9176,8.6867,8.5812,98.786,81.24,False,
BAT-001,403,2023-03-24T18:43:46,3.6345,4.0581,2.9645,1.3424,-1.3913,31.227,38.987,27.992,2.48336,2.46048,132.107,1.969,1.7484,9.0258,8.9427,99.079,82.02,False,
BAT-001,404,2023-03-24T23:08:40,3.5268,3.9452,2.9636,1.4589,-1.3225,30.946,36.62,28.596,2.47214,2.45983,134.72,1.6828,1.8863,8.7189,8.6754,99.502,81.99,False,
BAT-001,405,2023-03-25T04:18:05,3.6339,4.0206,2.9949,1.3947,-1.2784,33.495,39.696,29.659,2.46999,2.44968,130.492,1.8552,1.9686,8.9758,8.9019,99.178,81.66,False,
BAT-001,406,2023-03-25T09:06:53,3.5786,3.9852,2.9441,1.3485,-1.4256,32.235,35.255,27.441,2.48217,2.45193,137.259,1.939,1.7305,8.8826,8.7744,98.782,81.73,False,
BAT-001,407,2023-03-25T13:47:45,3.5715,4.0612,2.85,1.5124,-1.3961,30.139,35.267,25.167,2.48859,2.45443,135.75,1.7377,1.7333,8.888,8.766,98.628,81.81,False,
BAT-001,408,2023-03-25T18:19:27,3.6132,4.0029,2.9176,1.6597,-1.3313,29.103,35.158,24.584,2.46102,2.44788,134.494,1.4389,1.7826,8.8921,8.8446,99.466,81.6,False,
BAT-001,409,2023-03-25T22:46:28,3.4827,4.0307,2.85,1.5492,-1.4794,32.102,35.838,28.07,2.47268,2.45025,134.347,1.6111,1.6215,8.6116,8.5335,99.093,81.67,False,
BAT-001,410,2023-03-26T02:33:15,3.5156,3.9723,2.85,1.3977,-1.4182,29.524,33.604,25.829,2.44845,2.43548,137.519,1.7025,1.719,8.6078,8.5623,99.47,81.18,False,
BAT-001,411,2023-03-26T06:38:45,3.5362,3.9842,2.85,1.4128,-1.376,29.106,34.21,25.1,2.47768,2.45774,141.495,1.8865,1.7979,8.7616,8.691,99.195,81.92,False,
BAT-001,412,2023-03-26T11:47:25,3.5081,4.0456,2.85,1.6081,-1.3893,30.693,34.717,27.405,2.44288,2.42982,135.162,1.5245,1.8211,8.5698,8.524,99.466,80.99,False,
BAT-001,413,2023-03-26T17:00:56,3.5089,3.8866,2.9481,1.6522,-1.4266,33.373,36.746,28.97,2.45177,2.43688,139.815,1.418,1.6275,8.6031,8.5509,99.393,81.23,False,
BAT-001,414,2023-03-26T21:15:11,3.46,3.852,2.85,1.675,-1.2297,30.894,35.236,27.725,2.47259,2.44584,135.985,1.4216,2.0564,8.5551,8.4625,98.918,81.53,False,
BAT-001,415,2023-03-27T02:04:20,3.6352,4.1709,2.9037,1.7955,-1.2658,32.655,39.677,28.722,2.47229,2.43651,131.528,1.3657,2.0144,8.9873,8.8572,98.553,81.22,False,
BAT-001,416,2023-03-27T06:15:32,3.6058,4.0257,2.9139,1.3784,-1.623,32.723,36.486,28.647,2.4601,2.43039,133.883,1.8309,1.5022,8.8706,8.7634,98.792,81.01,False,
BAT-001,417,2023-03-27T11:09:06,3.5557,3.9276,2.8861,1.3921,-1.6233,33.822,38.837,31.072,2.46558,2.43874,130.259,1.7986,1.5711,8.7667,8.6713,98.912,81.29,False,
BAT-001,418,2023-03-27T15:47:07,3.5238,3.904,2.85,1.7365,-1.6528,31.369,36.628,28.517,2.44242,2.41235,137.111,1.4708,1.5259,8.6067,8.5007,98.769,80.41,False,
BAT-001,419,2023-03-27T20:22:21,3.5498,3.9997,2.9341,1.7714,-1.454,33.521,38.262,29.602,2.46479,2.43029,136.766,1.4304,1.6095,8.7494,8.627,98.601,81.01,False,
BAT-001,420,2023-03-28T01:12:58,3.5584,4.1031,2.8677,1.4421,-1.3022,30.867,38.246,27.993,2.46497,2.4422,139.772,1.7424,1.914,8.7715,8.6904,99.076,81.41,False,
BAT-001,421,2023-03-28T06:40:50,3.6156,3.9913,2.8703,1.4008,-1.2683,31.33,35.925,28.93,2.45765,2.42723,139.197,1.8249,1.9633,8.8858,8.7758,98.762,80.91,False,
BAT-001,422,2023-03-28T12:09:31,3.5082,3.8587,2.8533,1.3973,-1.5621,33.213,37.257,29.266,2.45289,2.42724,134.801,1.7234,1.4789,8.6053,8.5153,98.954,80.91,False,
BAT-001,423,2023-03-28T16:59:55,3.5055,3.8961,2.85,1.6455,-1.3706,30.5,36.848,26.152,2.46841,2.4332,136.058,1.4432,1.6905,8.653,8.5296,98.574,81.11,False,
BAT-001,424,2023-03-28T20:48:14,3.5442,3.916,2.85,1.5996,-1.3943,31.181,35.752,26.618,2.45322,2.42974,137.381,1.5893,1.7418,8.6947,8.6114,99.043,80.99,False,
BAT-001,425,2023-03-29T02:00:05,3.4826,3.9264,2.85,1.6803,-1.3477,30.555,36.009,27.735,2.47784,2.44573,134.786,1.5485,1.8596,8.6294,8.5176,98.704,81.52,False,
BAT-001,426,2023-03-29T06:37:03,3.5238,4.0168,2.9205,1.578,-1.6277,34.536,41.867,31.332,2.43839,2.414,140.216,1.6087,1.556,8.5924,8.5065,99.0,80.47,False,
BAT-001,427,2023-03-29T11:08:06,3.5602,3.9797,2.8587,1.5326,-1.6342,32.87,40.741,28.205,2.4459,2.43263,138.599,1.577,1.5122,8.7079,8.6606,99.458,81.09,False,
BAT-001,428,2023-03-29T14:45:18,3.6163,4.1359,3.0639,1.521,-1.436,28.99,34.922,24.246,2.46081,2.44222,136.862,1.6164,1.7142,8.8991,8.8319,99.245,81.41,False,
BAT-001,429,2023-03-29T19:54:06,3.4666,3.9317,2.85,1.3742,-1.2897,31.448,35.196,28.04,2.43169,2.41861,139.599,1.8752,1.9037,8.4298,8.3844,99.462,80.62,False,
BAT-001,430,2023-03-30T00:29:48,3.4677,3.8862,2.85,1.4513,-1.2132,31.502,34.92,28.68,2.45342,2.4179,139.972,1.8576,2.0338,8.5077,8.3845,98.552,80.6,False,
BAT-001,431,2023-03-30T04:57:50,3.5716,4.0702,2.85,1.4233,-1.6615,31.95,36.244,27.413,2.44748,2.43115,143.53,1.6427,1.4719,8.7415,8.6832,99.333,81.04,False,
BAT-001,432,2023-03-30T09:39:40,3.607,3.989,2.9808,1.727,-1.2723,31.465,35.614,28.107,2.45423,2.42121,142.035,1.4252,1.8304,8.8525,8.7334,98.655,80.71,False,
BAT-001,433,2023-03-30T14:49:59,3.5421,4.0718,2.8523,1.5662,-1.5226,29.8,34.966,25.926,2.45057,2.42174,136.021,1.5905,1.6315,8.6802,8.5781,98.824,80.72,False,
BAT-001,434,2023-03-30T20:00:30,3.5961,4.0419,2.9946,1.3017,-1.6834,27.501,33.07,24.739,2.44417,2.41231,135.971,1.9789,1.4237,8.7894,8.6748,98.696,80.41,False,
BAT-001,435,2023-03-31T01:06:58,3.5355,3.9084,2.9311,1.3799,-1.5661,33.164,40.494,30.501,2.44221,2.42362,136.338,1.7101,1.4718,8.6344,8.5686,99.238,80.79,False,
BAT-001,436,2023-03-31T05:52:15,3.636,4.0684,2.9157,1.4224,-1.3335,31.057,35.424,29.049,2.43615,2.41181,142.995,1.737,1.7205,8.8579,8.7693,99.001,80.39,False,
BAT-001,437,2023-03-31T11:11:34,3.5865,3.9486,2.8604,1.5897,-1.5962,31.774,35.384,27.667,2.43447,2.40839,142.006,1.6372,1.4916,8.7313,8.6377,98.929,80.28,False,
BAT-001,438,2023-03-31T14:51:26,3.5562,3.9206,3.0011,1.7583,-1.3557,31.058,39.004,27.049,2.41918,2.40221,136.695,1.4154,1.7757,8.6032,8.5429,99.299,80.07,False,
BAT-001,439,2023-03-31T19:06:49,3.5317,4.0584,2.9546,1.7248,-1.3275,32.887,39.918,29.456,2.43801,2.40296,141.495,1.3836,1.8725,8.6104,8.4866,98.562,80.1,False,
BAT-001,440,2023-03-31T23:25:16,3.5876,4.0247,2.8592,1.318,-1.4287,32.22,39.659,28.439,2.4384,2.41402,141.495,1.9863,1.6428,8.7479,8.6604,99.0,80.47,False,
BAT-001,441,2023-04-01T04:04:46,3.5622,3.9239,2.85,1.7091,-1.4281,32.179,36.894,29.81,2.44353,2.41013,141.816,1.513,1.6972,8.7043,8.5853,98.633,80.34,False,
BAT-001,442,2023-04-01T08:08:27,3.5371,3.9205,2.8808,1.603,-1.2787,32.649,39.931,29.715,2.45401,2.41824,142.772,1.5991,1.9152,8.6802,8.5537,98.542,80.61,False,
BAT-001,443,2023-04-01T13:24:50,3.5444,3.9702,2.9108,1.3647,-1.412,31.291,34.463,28.465,2.41378,2.38185,139.35,1.8798,1.7,8.5555,8.4423,98.677,79.4,False,
BAT-001,444,2023-04-01T18:42:11,3.4756,3.8286,2.85,1.6963,-1.3659,33.891,38.702,31.709,2.43227,2.39978,140.906,1.364,1.6857,8.4536,8.3407,98.664,79.99,False,
BAT-001,445,2023-04-01T22:24:01,3.5896,3.9938,2.8841,1.755,-1.4192,32.103,39.096,27.447,2.41393,2.38942,134.648,1.392,1.6405,8.665,8.577,98.985,79.65,False,
BAT-001,446,2023-04-02T01:59:55,3.5228,4.0392,2.8776,1.7099,-1.396,32.653,38.568,29.259,2.44481,2.41082,138.302,1.5679,1.7298,8.6125,8.4928,98.61,80.36,False,
BAT-001,447,2023-04-02T06:22:27,3.5925,4.0193,2.9191,1.3304,-1.5277,31.656,36.922,27.499,2.43015,2.40495,133.454,1.943,1.6288,8.7303,8.6398,98.963,80.16,False,
BAT-001,448,2023-04-02T11:00:29,3.583,4.0875,2.995,1.5779,-1.2791,31.183,37.503,27.704,2.44746,2.4181,138.027,1.5619,1.9633,8.7693,8.664,98.8,80.6,False,
BAT-001,449,2023-04-02T16:11:33,3.6015,4.0086,2.9839,1.3529,-1.4509,30.556,36.727,27.985,2.43406,2.39927,141.642,1.7425,1.7312,8.7662,8.6409,98.571,79.98,False,
BAT-001,450,2023-04-02T21:09:13,3.5642,3.9172,2.85,1.61,-1.5723,35.416,41.508,32.644,2.4135,2.38984,141.037,1.6431,1.5048,8.6022,8.5179,99.02,79.66,False,
BAT-001,451,2023-04-03T01:02:42,3.6267,4.1748,2.9321,1.4696,-1.5006,31.559,36.647,28.954,2.42918,2.40189,137.794,1.8067,1.6799,8.8099,8.711,98.877,80.06,False,
BAT-001,452,2023-04-03T05:35:17,3.5358,3.9514,2.9428,1.3562,-1.3087,32.438,35.865,29.464,2.40482,2.38319,139.492,1.8251,1.7945,8.503,8.4265,99.1,79.44,False,
BAT-001,453,2023-04-03T10:29:03,3.6035,4.0411,2.9834,1.4132,-1.45,31.06,35.701,27.026,2.41684,2.38939,142.628,1.6525,1.5758,8.709,8.6101,98.864,79.65,False,
BAT-001,454,2023-04-03T15:11:27,3.6271,4.03,2.9554,1.6141,-1.5112,33.493,36.812,30.863,2.42461,2.39346,137.867,1.4618,1.5243,8.7944,8.6814,98.715,79.78,False,
BAT-001,455,2023-04-03T20:03:59,3.5306,4.0198,2.9172,1.5388,-1.6086,34.503,41.545,29.541,2.41546,2.38913,136.119,1.5784,1.522,8.5281,8.4352,98.91,79.64,False,
BAT-001,456,2023-04-04T00:34:15,3.5785,4.0474,2.8782,1.6955,-1.4101,31.624,36.293,29.117,2.41303,2.38348,141.841,1.4077,1.76,8.635,8.5292,98.775,79.45,False,
BAT-001,457,2023-04-04T04:42:07,3.5643,4.0431,2.8729,1.7528,-1.4817,34.663,39.017,30.539,2.39653,2.37889,144.486,1.4002,1.6133,8.5419,8.4791,99.264,79.3,False,
BAT-001,458,2023-04-04T09:06:37,3.584,4.112,2.9149,1.7835,-1.2596,31.823,38.407,28.391,2.41809,2.38767,137.791,1.3466,1.9051,8.6664,8.5573,98.742,79.59,False,
BAT-001,459,2023-04-04T13:24:33,3.5648,3.934,2.9019,1.5689,-1.2866,34.766,40.603,30.446,2.40153,2.38113,139.245,1.5372,1.8042,8.561,8.4883,99.15,79.37,False,
BAT-001,460,2023-04-04T18:40:39,3.4986,3.9897,2.85,1.7828,-1.3372,32.424,37.009,28.537,2.40618,2.39356,142.422,1.4032,1.7102,8.4183,8.3742,99.476,79.79,False,
BAT-001,461,2023-04-04T22:17:55,3.6221,4.1315,2.9044,1.6675,-1.3957,33.673,40.383,29.444,2.39464,2.3797,141.319,1.5585,1.7219,8.6736,8.6195,99.376,79.32,False,
BAT-001,462,2023-04-05T02:52:19,3.4779,3.9336,2.9132,1.7883,-1.2028,34.591,38.808,29.689,2.40729,2.38453,138.23,1.3559,1.8888,8.3724,8.2932,99.055,79.48,False,
BAT-001,463,2023-04-05T06:39:25,3.54,3.9101,2.8856,1.5999,-1.3255,30.006,37.505,28.003,2.41473,2.37936,133.509,1.4857,1.743,8.5482,8.4229,98.535,79.31,False,
BAT-001,464,2023-04-05T10:34:17,3.5965,4.1318,2.9144,1.3987,-1.2426,32.937,40.746,28.05,2.41129,2.38444,138.02,1.7365,1.8854,8.6721,8.5756,98.887,79.48,False,
BAT-001,465,2023-04-05T15:27:30,3.5283,3.9034,2.9018,1.7284,-1.2702,33.168,38.201,30.656,2.41358,2.37839,143.247,1.3292,1.83,8.516,8.3918,98.542,79.28,False,
BAT-001,466,2023-04-05T19:12:37,3.6161,4.1077,2.9331,1.4085,-1.3518,31.423,38.407,28.038,2.40921,2.37806,138.811,1.6834,1.846,8.712,8.5994,98.707,79.27,False,
BAT-001,467,2023-04-05T23:24:47,3.5948,4.0713,2.8934,1.6728,-1.3358,31.116,35.756,27.676,2.40239,2.37135,139.439,1.4879,1.8351,8.636,8.5244,98.708,79.04,False,
BAT-001,468,2023-04-06T04:23:23,3.5132,3.8652,2.8953,1.4281,-1.486,29.997,34.35,27.863,2.39086,2.37274,138.36,1.7516,1.6077,8.3995,8.3358,99.242,79.09,False,
BAT-001,469,2023-04-06T08:45:18,3.5786,4.0899,2.85,1.4914,-1.545,29.0,35.26,25.803,2.41051,2.37587,145.314,1.5372,1.6078,8.6262,8.5022,98.563,79.2,False,
BAT-001,470,2023-04-06T13:42:10,3.5671,3.978,2.927,1.6328,-1.2652,31.543,36.09,27.513,2.41553,2.37989,143.719,1.4356,1.8307,8.6165,8.4894,98.524,79.33,False,
BAT-001,471,2023-04-06T18:32:10,3.6146,4.135,2.9198,1.4696,-1.5819,34.203,40.207,30.527,2.39278,2.37092,145.537,1.7262,1.5736,8.6489,8.5699,99.086,79.03,False,
BAT-001,472,2023-04-06T23:12:13,3.6255,4.0086,2.9582,1.5246,-1.4854,30.412,38.07,27.159,2.40537,2.37581,138.026,1.6687,1.551,8.7207,8.6135,98.771,79.19,False,
BAT-001,473,2023-04-07T03:43:31,3.5921,4.0138,3.0409,1.3577,-1.6865,30.759,35.385,27.983,2.39197,2.3682,143.814,1.789,1.4309,8.5922,8.5068,99.006,78.94,False,
BAT-001,474,2023-04-07T07:58:49,3.5195,4.0013,2.8642,1.4354,-1.4769,34.327,41.307,29.459,2.37793,2.35665,141.725,1.6062,1.6569,8.3691,8.2942,99.105,78.56,False,
BAT-001,475,2023-04-07T12:48:02,3.484,3.9553,2.8536,1.5719,-1.2203,31.854,37.971,28.312,2.38402,2.36335,138.502,1.6199,1.9675,8.306,8.234,99.133,78.78,False,
BAT-001,476,2023-04-07T17:47:25,3.5932,3.9823,3.0004,1.3991,-1.4619,32.352,38.648,30.036,2.38496,2.37148,145.09,1.6263,1.5929,8.5695,8.5211,99.435,79.05,False,
BAT-001,477,2023-04-07T21:47:50,3.4851,3.9563,2.85,1.4823,-1.513,33.747,40.979,30.04,2.39909,2.37998,147.347,1.608,1.6051,8.3611,8.2945,99.203,79.33,False,
BAT-001,478,2023-04-08T02:44:25,3.5054,3.9756,2.85,1.557,-1.6267,28.752,34.44,26.605,2.40753,2.37225,142.312,1.573,1.5178,8.4394,8.3158,98.535,79.08,False,
BAT-001,479,2023-04-08T07:23:55,3.5627,4.0252,3.0018,1.4602,-1.5145,30.616,35.405,26.036,2.40478,2.37195,144.805,1.7914,1.4912,8.5675,8.4505,98.635,79.07,False,
BAT-001,480,2023-04-08T11:32:25,3.5945,4.0924,2.9007,1.3429,-1.2791,31.994,39.656,27.253,2.3816,2.35204,142.279,1.8969,1.7683,8.5606,8.4543,98.759,78.4,False,
BAT-001,481,2023-04-08T16:34:01,3.6095,4.0887,2.8627,1.6435,-1.2396,33.126,39.341,29.757,2.38988,2.3693,143.261,1.5253,1.9838,8.6262,8.5519,99.139,78.98,False,
BAT-001,482,2023-04-08T21:17:30,3.6039,4.0328,2.9766,1.44,-1.4013,35.992,40.549,33.474,2.37957,2.35712,140.959,1.7853,1.7614,8.5758,8.4949,99.057,78.57,False,
BAT-001,483,2023-04-09T02:01:35,3.5329,4.029,2.9131,1.784,-1.4144,31.578,36.71,28.944,2.37882,2.36586,145.249,1.4439,1.6495,8.4041,8.3584,99.455,78.86,False,
BAT-001,484,2023-04-09T06:36:24,3.5527,4.0831,2.8934,1.4425,-1.639,33.421,37.991,29.81,2.39277,2.35969,143.409,1.6603,1.4364,8.5009,8.3834,98.618,78.66,False,
BAT-001,485,2023-04-09T10:35:59,3.6447,4.0925,3.0178,1.6542,-1.2706,31.99,38.269,28.552,2.36887,2.35622,141.935,1.5258,1.928,8.6339,8.5877,99.466,78.54,False,
BAT-001,486,2023-04-09T15:47:19,3.5979,4.1329,2.9882,1.7202,-1.4681,34.173,39.915,31.735,2.36469,2.35079,140.98,1.3223,1.6744,8.5078,8.4578,99.412,78.36,False,
BAT-001,487,2023-04-09T19:55:27,3.6214,3.9952,2.9135,1.5747,-1.2643,31.855,35.976,29.072,2.38074,2.36053,143.52,1.4395,1.8141,8.6216,8.5484,99.151,78.68,False,
BAT-001,488,2023-04-10T00:47:07,3.5311,3.9321,2.9168,1.5577,-1.471,32.491,40.288,28.764,2.37371,2.34098,143.213,1.5824,1.5455,8.3818,8.2662,98.621,78.03,False,
BAT-001,489,2023-04-10T05:33:38,3.594,3.9852,2.8685,1.5307,-1.2483,33.983,37.972,31.135,2.37491,2.36086,141.821,1.5894,1.9384,8.5355,8.485,99.408,78.7,False,
BAT-001,490,2023-04-10T09:52:06,3.6173,4.0968,2.9242,1.3671,-1.2048,31.891,35.339,28.818,2.35622,2.34074,145.871,1.6952,2.0237,8.5231,8.4671,99.343,78.02,False,
BAT-001,491,2023-04-10T15:24:27,3.481,3.9595,2.8571,1.5363,-1.4446,35.159,39.73,31.904,2.38822,2.35958,142.644,1.6174,1.7079,8.3134,8.2137,98.801,78.65,False,
BAT-001,492,2023-04-10T20:02:25,3.5741,4.0386,3.0164,1.7531,-1.6764,32.444,36.508,29.904,2.37145,2.34085,149.189,1.4436,1.4101,8.4757,8.3664,98.71,78.03,False,
BAT-001,493,2023-04-10T23:39:36,3.5402,3.9863,2.9353,1.5123,-1.6542,32.468,40.05,28.818,2.37638,2.35627,141.747,1.674,1.395,8.4129,8.3417,99.154,78.54,False,
BAT-001,494,2023-04-11T04:24:53,3.4539,4.0039,2.85,1.3541,-1.6495,31.126,35.787,27.619,2.35798,2.34579,142.867,1.8272,1.3545,8.1441,8.102,99.483,78.19,False,
BAT-001,495,2023-04-11T08:50:55,3.5356,4.0785,2.85,1.6108,-1.4918,34.507,40.232,32.328,2.35197,2.33589,141.711,1.5401,1.5997,8.3155,8.2587,99.316,77.86,False,
BAT-001,496,2023-04-11T13:15:26,3.485,3.9054,2.85,1.3834,-1.2947,30.595,37.498,26.281,2.39216,2.36444,149.075,1.742,1.7665,8.3367,8.2401,98.841,78.81,False,
BAT-001,497,2023-04-11T17:25:55,3.5408,3.9923,2.85,1.3646,-1.334,30.904,35.821,26.958,2.37464,2.35366,145.563,1.9079,1.7733,8.4081,8.3338,99.117,78.46,False,
BAT-001,498,2023-04-11T22:04:16,3.4702,3.9545,2.8605,1.4106,-1.5415,33.5,37.996,30.536,2.35197,2.33899,147.41,1.7977,1.577,8.1618,8.1168,99.448,77.97,False,
BAT-001,499,2023-04-12T03:19:01,3.5198,3.8771,2.85,1.7531,-1.6883,32.243,39.992,30.016,2.34708,2.33261,141.044,1.344,1.3137,8.2612,8.2103,99.384,77.75,False,
BAT-001,500,2023-04-12T07:56:47,3.533,3.9151,2.85,1.5772,-1.3887,32.776,40.765,28.922,2.35149,2.33914,145.455,1.5146,1.6627,8.3078,8.2641,99.475,77.97,False,
BAT-002,1,2023-01-02T20:00:00,3.512,3.9429,2.85,1.7991,-1.6923,27.172,33.042,22.48,3.02547,2.99207,86.152,1.8462,1.8174,10.6254,10.5081,98.896,99.74,False,
BAT-002,2,2023-01-03T00:15:40,3.6012,4.0343,2.9706,1.7045,-1.3469,29.556,36.187,25.022,3.04038,2.9985,86.442,1.7802,2.2801,10.9491,10.7983,98.623,99.95,False,
BAT-002,3,2023-01-03T04:58:52,3.6258,3.9855,2.9081,1.5544,-1.551,27.86,33.745,25.511,3.02003,2.99258,89.188,1.8465,1.9289,10.9499,10.8504,99.091,99.75,False,
BAT-002,4,2023-01-03T10:40:49,3.6394,4.1303,2.9505,1.4269,-1.2319,27.327,31.912,23.226,3.02164,2.99549,85.739,2.2721,2.3641,10.9969,10.9017,99.135,99.85,False,
BAT-002,5,2023-01-03T16:36:32,3.6067,3.9852,2.9465,1.5114,-1.6957,28.526,36.202,26.09,3.00528,2.98397,87.211,2.0235,1.8075,10.8392,10.7623,99.291,99.47,False,
BAT-002,6,2023-01-03T21:29:30,3.5025,3.9328,2.8589,1.5643,-1.3327,25.589,33.147,20.67,3.01421,2.98402,79.568,2.1187,2.2771,10.5573,10.4515,98.998,99.47,False,
BAT-002,7,2023-01-04T03:03:54,3.5645,3.9893,2.9408,1.3159,-1.4119,27.948,32.072,25.206,2.99637,2.98075,86.083,2.3628,2.0727,10.6807,10.625,99.479,99.36,False,
BAT-002,8,2023-01-04T09:14:45,3.57,4.0485,2.9346,1.5547,-1.2905,25.362,30.227,21.364,3.02083,2.98863,88.369,1.9726,2.3806,10.7845,10.6695,98.934,99.62,False,
BAT-002,9,2023-01-04T14:44:17,3.5796,4.0834,2.942,1.3981,-1.6317,28.263,33.259,23.693,3.01391,2.99077,88.91,2.1751,1.7628,10.7886,10.7058,99.232,99.69,False,
BAT-002,10,2023-01-04T19:34:30,3.5311,3.9293,2.85,1.4983,-1.5692,28.352,31.811,25.031,2.98843,2.96907,87.086,2.0467,1.8841,10.5526,10.4842,99.352,98.97,False,
BAT-002,11,2023-01-05T01:13:48,3.5666,3.9742,2.8542,1.7284,-1.3336,26.922,34.165,23.648,3.01452,2.97622,92.148,1.8947,2.147,10.7515,10.6149,98.73,99.21,False,
BAT-002,12,2023-01-05T05:48:49,3.6289,4.0352,2.952,1.3019,-1.5638,27.645,35.534,23.571,2.98365,2.9522,87.151,2.1951,1.811,10.8275,10.7134,98.946,98.41,False,
BAT-002,13,2023-01-05T10:27:07,3.5236,3.9139,2.85,1.6817,-1.3473,27.622,31.737,24.485,3.00256,2.96743,86.334,1.9547,2.245,10.5798,10.456,98.83,98.91,False,
BAT-002,14,2023-01-05T16:25:18,3.5503,3.9828,2.8733,1.6677,-1.3216,27.678,32.576,24.864,2.9932,2.97125,91.109,1.7576,2.3166,10.6268,10.5488,99.266,99.04,False,
BAT-002,15,2023-01-05T21:31:37,3.6165,4.1555,3.0603,1.3665,-1.4944,26.47,30.724,22.808,2.98333,2.96192,91.272,2.1783,1.9927,10.7891,10.7117,99.282,98.73,False,
BAT-002,16,2023-01-06T03:11:14,3.5785,3.9791,2.85,1.4034,-1.5951,28.092,35.114,25.535,3.00216,2.97374,88.446,2.3425,1.8989,10.7431,10.6414,99.053,99.12,False,
BAT-002,17,2023-01-06T08:03:50,3.4955,3.9938,2.8801,1.7381,-1.3344,28.697,34.696,26.376,3.00631,2.97349,93.041,1.7149,2.2299,10.5087,10.394,98.908,99.12,False,
BAT-002,18,2023-01-06T12:56:17,3.607,4.0537,3.0047,1.696,-1.2984,30.976,38.184,26.752,2.99113,2.95557,88.253,1.8376,2.1713,10.7889,10.6606,98.811,98.52,False,
BAT-002,19,2023-01-06T17:38:16,3.5632,3.9199,3.0045,1.4307,-1.2418,26.657,30.276,22.713,2.96509,2.94983,88.44,2.2105,2.4873,10.5651,10.5107,99.485,98.33,False,
BAT-002,20,2023-01-07T00:15:30,3.5989,4.0208,2.9893,1.4097,-1.5531,28.771,34.449,24.039,2.97596,2.96028,87.356,2.0382,1.8393,10.7101,10.6537,99.473,98.68,False,
BAT-002,21,2023-01-07T05:12:40,3.6227,4.0445,2.948,1.7726,-1.5313,26.721,30.659,22.865,2.98528,2.95326,87.489,1.8093,1.9303,10.8147,10.6988,98.928,98.44,False,
BAT-002,22,2023-01-07T09:59:38,3.6147,4.1608,2.8877,1.3255,-1.6649,26.194,32.452,23.011,2.96321,2.94434,91.96,2.3967,1.7819,10.7111,10.6429,99.363,98.14,False,
BAT-002,23,2023-01-07T15:56:27,3.4746,3.8838,2.85,1.335,-1.2853,24.132,28.66,21.488,2.9654,2.94523,89.685,2.1865,2.2261,10.3036,10.2335,99.32,98.17,False,
BAT-002,24,2023-01-07T21:47:16,3.5376,3.9378,2.85,1.5069,-1.3435,28.185,34.461,24.343,2.97122,2.94581,94.221,2.1354,2.0959,10.5111,10.4212,99.145,98.19,False,
BAT-002,25,2023-01-08T03:46:31,3.4724,3.8508,2.8705,1.6456,-1.5551,27.501,34.572,23.97,2.97883,2.95343,91.054,1.9501,1.8208,10.3438,10.2556,99.147,98.45,False,
BAT-002,26,2023-01-08T08:06:38,3.4688,3.9987,2.85,1.7792,-1.6515,28.774,33.765,24.085,2.96653,2.94737,92.002,1.8158,1.869,10.2903,10.2239,99.354,98.25,False,
BAT-002,27,2023-01-08T13:26:52,3.5747,3.9435,2.8519,1.3278,-1.3696,27.674,33.069,24.977,2.98546,2.94294,88.523,2.4572,2.1616,10.672,10.52,98.576,98.1,False,
BAT-002,28,2023-01-08T19:54:48,3.5799,4.093,2.8619,1.594,-1.683,26.353,32.737,23.269,2.96091,2.94542,92.874,1.7653,1.7048,10.5999,10.5444,99.477,98.18,False,
BAT-002,29,2023-01-09T01:01:45,3.501,4.0405,2.8684,1.4225,-1.4436,28.345,34.993,23.459,2.98008,2.95552,91.853,2.1762,2.0661,10.4332,10.3473,99.176,98.52,False,
BAT-002,30,2023-01-09T06:19:08,3.6148,4.0632,3.0481,1.7186,-1.2852,28.53,35.731,25.156,2.96746,2.94334,92.078,1.8816,2.2237,10.7268,10.6396,99.187,98.11,False,
BAT-002,31,2023-01-09T11:59:49,3.5375,4.0693,2.85,1.768,-1.4943,26.415,30.938,22.286,2.95666,2.92595,90.37,1.81,1.9867,10.4592,10.3505,98.961,97.53,False,
BAT-002,32,2023-01-09T16:38:35,3.4958,3.9284,2.9207,1.7902,-1.4122,28.743,32.879,25.396,2.98181,2.94482,95.057,1.8284,2.083,10.4239,10.2946,98.76,98.16,False,
BAT-002,33,2023-01-09T21:04:03,3.4917,3.8571,2.85,1.363,-1.6093,27.4,31.265,24.012,2.99194,2.94835,88.882,2.119,1.8026,10.447,10.2948,98.543,98.28,False,
BAT-002,34,2023-01-10T01:35:13,3.6264,4.0822,2.9859,1.7658,-1.2995,25.879,32.622,21.702,2.97653,2.93282,91.429,1.7782,2.1499,10.794,10.6355,98.532,97.76,False,
BAT-002,35,2023-01-10T06:24:18,3.5217,4.061,2.85,1.3634,-1.6689,26.764,31.431,23.573,2.95152,2.91938,91.72,2.2921,1.7277,10.3943,10.2812,98.911,97.31,False,
BAT-002,36,2023-01-10T11:47:34,3.54,4.0297,2.8682,1.5201,-1.5249,28.541,35.542,24.068,2.93593,2.91565,91.74,1.9097,1.8967,10.393,10.3213,99.309,97.19,False,
BAT-002,37,2023-01-10T16:55:48,3.5186,3.9253,2.901,1.6024,-1.4918,28.005,32.037,23.526,2.96849,2.93127,89.638,1.7857,1.9675,10.445,10.314,98.746,97.71,False,
BAT-002,38,2023-01-10T21:57:50,3.6547,4.0477,3.0565,1.4724,-1.3958,28.991,33.153,26.324,2.97411,2.93347,87.937,2.0345,2.1379,10.8696,10.721,98.633,97.78,False,
BAT-002,39,2023-01-11T03:40:06,3.6266,4.0951,2.9687,1.3378,-1.6467,28.078,33.937,24.46,2.95231,2.93172,93.255,2.2263,1.7367,10.707,10.6323,99.302,97.72,False,
BAT-002,40,2023-01-11T09:15:52,3.6535,4.1283,2.9431,1.6342,-1.625,26.102,33.725,21.39,2.93974,2.92413,94.098,1.849,1.8219,10.7403,10.6832,99.469,97.47,False,
BAT-002,41,2023-01-11T13:45:16,3.6364,4.105,3.0263,1.4853,-1.3989,25.552,31.739,20.669,2.95359,2.93298,94.397,2.017,2.1959,10.7404,10.6654,99.302,97.77,False,
BAT-002,42,2023-01-11T19:28:09,3.5997,4.0326,2.8873,1.4553,-1.5918,29.529,37.133,26.725,2.95247,2.93086,92.142,1.9692,1.8777,10.6281,10.5503,99.268,97.7,False,
BAT-002,43,2023-01-12T00:03:37,3.504,3.9755,2.85,1.3551,-1.6627,28.317,34.659,25.198,2.95821,2.92442,96.343,2.0932,1.8394,10.3655,10.247,98.858,97.48,False,
BAT-002,44,2023-01-12T05:59:05,3.5046,3.9328,2.9441,1.4973,-1.2692,27.192,34.358,23.128,2.95272,2.91069,96.904,1.9327,2.3545,10.348,10.2007,98.577,97.02,False,
BAT-002,45,2023-01-12T11:08:46,3.4864,4.0243,2.85,1.7823,-1.6671,30.223,36.879,27.175,2.94964,2.91849,97.748,1.6933,1.6906,10.2835,10.1749,98.944,97.28,False,
BAT-002,46,2023-01-12T16:29:32,3.5672,4.1023,2.9529,1.5363,-1.4966,27.874,33.395,25.557,2.93073,2.90842,98.249,1.8603,1.9241,10.4545,10.3749,99.239,96.95,False,
BAT-002,47,2023-01-12T22:08:57,3.6371,3.9889,2.9495,1.5075,-1.5368,27.382,30.394,24.348,2.94545,2.92353,97.457,2.0627,1.882,10.713,10.6333,99.256,97.45,False,
BAT-002,48,2023-01-13T02:55:21,3.5982,4.0223,2.8541,1.7474,-1.3581,27.425,31.966,24.811,2.95956,2.92295,90.714,1.7481,2.2424,10.649,10.5173,98.763,97.43,False,
BAT-002,49,2023-01-13T08:43:07,3.5578,4.0955,2.85,1.4071,-1.5497,30.194,37.2,26.767,2.92681,2.89988,95.818,2.0359,1.8974,10.413,10.3172,99.08,96.66,False,
BAT-002,50,2023-01-13T13:16:20,3.6172,4.0473,2.9205,1.3819,-1.4833,28.943,33.717,24.447,2.92214,2.90146,96.965,2.1709,1.981,10.5701,10.4953,99.292,96.72,False,
BAT-002,51,2023-01-13T18:08:08,3.6121,4.002,2.957,1.6981,-1.5373,25.627,33.105,23.145,2.9272,2.91116,96.477,1.6821,1.9696,10.5732,10.5153,99.452,97.04,False,
BAT-002,52,2023-01-13T23:00:51,3.4892,3.9061,2.9158,1.511,-1.4744,27.177,32.204,23.27,2.92735,2.89683,101.117,2.0081,2.0086,10.2141,10.1076,98.957,96.56,False,
BAT-002,53,2023-01-14T04:47:07,3.5508,3.9633,2.9664,1.4929,-1.6867,30.908,36.055,27.21,2.93006,2.90327,100.395,2.0615,1.7101,10.4039,10.3088,99.085,96.78,False,
BAT-002,54,2023-01-14T09:43:42,3.5653,4.1118,2.8562,1.5519,-1.2847,25.732,32.904,20.935,2.92381,2.90751,98.721,2.0231,2.1927,10.4243,10.3661,99.442,96.92,False,
BAT-002,55,2023-01-14T15:30:47,3.5541,3.963,2.9864,1.7139,-1.6716,26.651,31.32,24.37,2.93637,2.9021,99.28,1.6996,1.7957,10.4363,10.3145,98.833,96.74,False,
BAT-002,56,2023-01-14T20:29:32,3.61,4.1528,2.9415,1.3039,-1.2126,28.169,34.395,23.879,2.91712,2.89274,98.524,2.3884,2.3666,10.5307,10.4427,99.164,96.42,False,
BAT-002,57,2023-01-15T02:56:42,3.5126,3.9451,2.85,1.311,-1.417,28.666,32.218,24.289,2.9198,2.90031,96.906,2.4304,1.9631,10.2561,10.1876,99.332,96.68,False,
BAT-002,58,2023-01-15T08:04:05,3.6287,4.1099,2.9684,1.7596,-1.5278,28.756,35.974,24.796,2.91176,2.89158,95.242,1.6971,1.8718,10.5659,10.4927,99.307,96.39,False,
BAT-002,59,2023-01-15T12:53:30,3.6128,3.9679,3.0062,1.4159,-1.5968,30.055,34.456,25.623,2.92245,2.89751,93.76,1.9668,1.7555,10.5583,10.4682,99.147,96.58,False,
BAT-002,60,2023-01-15T18:21:16,3.6363,4.1462,2.9446,1.4035,-1.6659,29.076,36.514,25.261,2.93405,2.89715,95.923,2.1512,1.6799,10.6691,10.535,98.742,96.57,False,
BAT-002,61,2023-01-16T00:03:25,3.5978,4.0675,2.9116,1.4397,-1.4847,26.292,34.024,21.712,2.90004,2.88543,96.339,2.0007,1.9491,10.4337,10.3811,99.496,96.18,False,
BAT-002,62,2023-01-16T05:15:27,3.6208,4.0809,3.0497,1.6087,-1.3828,29.195,34.272,26.786,2.90633,2.88057,99.47,1.9422,2.1499,10.5234,10.4301,99.114,96.02,False,
BAT-002,63,2023-01-16T10:53:32,3.5118,4.0097,2.9157,1.3557,-1.6745,30.33,34.615,27.782,2.92684,2.89379,97.894,2.0534,1.6961,10.2785,10.1625,98.871,96.46,False,
BAT-002,64,2023-01-16T16:36:10,3.5461,4.0284,2.8744,1.6248,-1.5996,26.291,33.25,23.854,2.92607,2.89698,94.382,1.8939,1.854,10.3761,10.2729,99.006,96.57,False,
BAT-002,65,2023-01-16T21:18:02,3.5129,3.9365,2.85,1.5276,-1.5472,28.802,34.942,23.971,2.88869,2.86736,102.086,2.0241,1.8348,10.1477,10.0728,99.262,95.58,False,
BAT-002,66,2023-01-17T03:05:09,3.5745,4.0413,2.9522,1.5672,-1.2009,31.345,36.155,28.925,2.90369,2.88859,98.054,1.8819,2.402,10.3793,10.3254,99.48,96.29,False,
BAT-002,67,2023-01-17T08:49:32,3.5615,4.0661,2.8795,1.6247,-1.4135,29.2,34.882,27.048,2.90184,2.88615,101.795,1.7768,2.1415,10.3349,10.279,99.459,96.21,False,
BAT-002,68,2023-01-17T14:14:14,3.4989,3.9947,2.85,1.3349,-1.2575,28.358,34.213,24.3,2.89898,2.87819,97.042,2.1211,2.3406,10.1432,10.0705,99.283,95.94,False,
BAT-002,69,2023-01-17T20:36:12,3.5329,3.9434,2.85,1.5056,-1.6323,28.423,34.008,26.407,2.89816,2.87812,97.722,2.0127,1.694,10.239,10.1682,99.309,95.94,False,
BAT-002,70,2023-01-18T01:31:41,3.4738,4.0217,2.9123,1.4597,-1.3607,28.385,34.809,25.642,2.90541,2.87971,96.556,2.0283,2.147,10.0928,10.0036,99.116,95.99,False,
BAT-002,71,2023-01-18T06:41:13,3.5489,3.9363,2.9007,1.5819,-1.4128,28.116,32.509,23.139,2.92642,2.88375,100.273,2.0137,1.9546,10.3857,10.2342,98.542,96.12,False,
BAT-002,72,2023-01-18T12:08:24,3.6276,4.0476,2.8805,1.3911,-1.2637,29.389,36.276,25.372,2.90602,2.87188,95.236,2.2277,2.3167,10.542,10.4181,98.825,95.73,False,
BAT-002,73,2023-01-18T17:23:17,3.5121,4.0184,2.9108,1.316,-1.6126,28.689,33.322,26.655,2.89816,2.86162,103.846,2.1039,1.8265,10.1787,10.0504,98.739,95.39,False,
BAT-002,74,2023-01-18T22:33:10,3.4842,3.9441,2.8922,1.4718,-1.439,29.785,33.428,27.668,2.90012,2.87543,100.022,1.8824,1.9683,10.1046,10.0185,99.149,95.85,False,
BAT-002,75,2023-01-19T03:58:54,3.4656,3.8546,2.9044,1.5657,-1.2198,29.981,35.446,25.797,2.90914,2.87217,95.344,1.9744,2.3562,10.082,9.9539,98.729,95.74,False,
BAT-002,76,2023-01-19T10:12:02,3.5477,4.0039,2.922,1.5402,-1.5816,29.44,35.127,26.435,2.89064,2.86601,99.139,2.0039,1.8374,10.2551,10.1677,99.148,95.53,False,
BAT-002,77,2023-01-19T14:33:16,3.5701,4.0589,2.85,1.6894,-1.4727,30.851,35.921,26.484,2.88346,2.86426,104.368,1.8337,1.8744,10.2942,10.2257,99.334,95.48,False,
BAT-002,78,2023-01-19T19:07:11,3.5161,3.8864,2.9121,1.6328,-1.3993,27.895,34.884,22.941,2.88819,2.86908,98.672,1.8304,1.9641,10.1551,10.0879,99.338,95.64,False,
BAT-002,79,2023-01-19T23:34:07,3.5781,4.0178,2.8685,1.7332,-1.3187,25.855,29.641,20.98,2.89253,2.85882,99.653,1.6486,2.2171,10.3498,10.2291,98.835,95.29,False,
BAT-002,80,2023-01-20T04:16:51,3.6078,4.1288,2.9917,1.6722,-1.4797,25.298,30.686,21.498,2.88314,2.8501,97.24,1.6731,1.9085,10.4018,10.2826,98.854,95.0,False,
BAT-002,81,2023-01-20T08:37:44,3.6,3.9548,2.8923,1.7547,-1.6402,30.421,38.382,26.662,2.87967,2.86171,101.201,1.796,1.823,10.3669,10.3022,99.376,95.39,False,
BAT-002,82,2023-01-20T13:13:04,3.6226,4.0526,2.9446,1.6689,-1.6399,28.72,35.327,23.849,2.91639,2.87917,98.735,1.7069,1.8348,10.5649,10.4301,98.724,95.97,False,
BAT-002,83,2023-01-20T17:21:21,3.5508,4.0305,2.8546,1.3871,-1.5472,27.729,31.416,25.287,2.88329,2.86638,97.163,2.1615,1.9042,10.2381,10.178,99.413,95.55,False,
BAT-002,84,2023-01-20T22:49:01,3.6397,4.0197,3.0626,1.5987,-1.4736,28.319,35.729,23.449,2.89713,2.86585,98.801,1.7904,1.8879,10.5446,10.4307,98.92,95.53,False,
BAT-002,85,2023-01-21T03:18:58,3.4871,3.8551,2.8558,1.5018,-1.5242,29.644,37.018,27.595,2.89718,2.85849,96.491,2.0567,1.7859,10.1027,9.9678,98.665,95.28,False,
BAT-002,86,2023-01-21T08:06:54,3.6042,4.0811,3.0493,1.5499,-1.2765,28.262,34.254,23.931,2.89025,2.85624,100.735,1.7817,2.301,10.4171,10.2945,98.824,95.21,False,
BAT-002,87,2023-01-21T13:45:27,3.4839,3.8945,2.87,1.3875,-1.2944,28.524,35.444,25.491,2.87558,2.85432,101.249,2.2634,2.1476,10.0183,9.9442,99.261,95.14,False,
BAT-002,88,2023-01-21T19:16:43,3.5332,4.0073,2.9021,1.5157,-1.332,29.64,33.737,25.037,2.88972,2.86273,97.332,2.025,2.13,10.21,10.1146,99.066,95.42,False,
BAT-002,89,2023-01-22T01:03:16,3.5647,4.1073,2.9387,1.4753,-1.5053,29.376,33.083,24.491,2.87651,2.85242,104.028,2.0891,1.9819,10.2539,10.168,99.163,95.08,False,
BAT-002,90,2023-01-22T05:57:08,3.5024,3.8662,2.85,1.693,-1.5477,29.995,36.612,26.649,2.87957,2.85283,102.737,1.6561,1.8055,10.0854,9.9917,99.071,95.09,False,
BAT-002,91,2023-01-22T10:39:56,3.5478,4.0279,2.9973,1.6092,-1.3219,28.821,35.352,25.148,2.87835,2.83665,99.253,1.7981,2.0745,10.2118,10.0639,98.552,94.56,False,
BAT-002,92,2023-01-22T15:47:47,3.6171,4.1326,3.0558,1.4491,-1.2391,29.491,37.085,25.34,2.89754,2.85717,99.613,2.0871,2.3134,10.4808,10.3348,98.607,95.24,False,
BAT-002,93,2023-01-22T21:33:04,3.6035,4.1489,3.0472,1.4933,-1.641,29.511,33.217,26.414,2.88216,2.84442,97.273,1.9575,1.8084,10.386,10.25,98.691,94.81,False,
BAT-002,94,2023-01-23T03:04:17,3.6331,4.0809,3.0772,1.3044,-1.5527,30.685,36.424,26.597,2.90023,2.85813,100.73,2.1229,1.8313,10.537,10.384,98.548,95.27,False,
BAT-002,95,2023-01-23T08:33:07,3.6057,4.0341,2.9135,1.7081,-1.3516,31.708,39.251,28.251,2.86442,2.84171,104.57,1.7749,2.1075,10.3282,10.2463,99.207,94.72,False,
BAT-002,96,2023-01-23T14:04:32,3.5318,3.9614,2.85,1.5312,-1.3444,29.203,35.006,26.122,2.84663,2.83181,98.146,1.7785,2.0244,10.0536,10.0013,99.48,94.39,False,
BAT-002,97,2023-01-23T18:35:15,3.4812,3.9129,2.85,1.4965,-1.2446,27.357,34.955,22.997,2.86248,2.83113,99.107,2.0571,2.3721,9.9649,9.8557,98.905,94.37,False,
BAT-002,98,2023-01-24T00:28:17,3.6199,4.0655,2.9123,1.3975,-1.5016,27.204,33.185,23.177,2.83466,2.81962,105.808,2.0325,1.8245,10.261,10.2066,99.47,93.99,False,
BAT-002,99,2023-01-24T05:18:40,3.5047,3.9923,2.9486,1.4678,-1.4334,31.134,34.721,28.512,2.86795,2.83459,107.381,1.8634,1.8971,10.0513,9.9344,98.837,94.49,False,
BAT-002,100,2023-01-24T09:58:16,3.5823,3.9768,2.9878,1.6,-1.4308,28.715,34.498,23.805,2.85446,2.82546,100.397,1.7789,1.9787,10.2255,10.1215,98.984,94.18,False,
BAT-002,101,2023-01-24T14:56:57,3.5129,4.0251,2.8866,1.7921,-1.3824,26.68,32.052,23.379,2.85971,2.82496,103.981,1.7183,1.9731,10.0459,9.9238,98.785,94.17,False,
BAT-002,102,2023-01-24T19:59:32,3.6165,4.0363,2.8945,1.7792,-1.3286,29.839,34.248,25.891,2.85558,2.81751,97.968,1.5472,2.1703,10.3273,10.1896,98.667,93.92,False,
BAT-002,103,2023-01-25T00:50:22,3.5549,3.9681,2.9758,1.5177,-1.672,26.871,33.251,24.722,2.85417,2.83924,99.861,1.9891,1.6537,10.1464,10.0933,99.477,94.64,False,
BAT-002,104,2023-01-25T05:39:34,3.5292,4.0737,2.8852,1.7572,-1.4308,25.671,29.822,22.449,2.85893,2.84151,99.977,1.625,2.0586,10.0897,10.0283,99.391,94.72,False,
BAT-002,105,2023-01-25T10:51:40,3.5539,3.9646,2.9697,1.6385,-1.2124,29.574,37.087,24.581,2.84645,2.81851,104.314,1.7774,2.3237,10.1161,10.0168,99.018,93.95,False,
BAT-002,106,2023-01-25T16:37:20,3.5254,4.0261,2.85,1.673,-1.5041,29.131,35.427,25.739,2.85177,2.82558,100.346,1.6941,1.8824,10.0536,9.9612,99.081,94.19,False,
BAT-002,107,2023-01-25T21:05:12,3.5051,3.9549,2.9226,1.7812,-1.4235,24.982,28.128,20.452,2.82748,2.80933,104.215,1.6571,1.9571,9.9107,9.847,99.358,93.64,False,
BAT-002,108,2023-01-26T01:34:09,3.481,3.8323,2.85,1.7907,-1.6964,29.797,33.608,24.864,2.85302,2.81237,103.679,1.5919,1.6303,9.9315,9.79,98.575,93.75,False,
BAT-002,109,2023-01-26T06:19:20,3.5977,4.0258,3.0345,1.6963,-1.4986,29.364,32.944,26.449,2.85824,2.82084,107.26,1.6919,1.9168,10.2831,10.1485,98.692,94.03,False,
BAT-002,110,2023-01-26T11:36:45,3.4737,3.8985,2.85,1.5354,-1.3822,31.746,38.889,29.02,2.83905,2.81665,105.403,1.8517,2.0795,9.862,9.7841,99.211,93.89,False,
BAT-002,111,2023-01-26T17:12:38,3.6204,4.0564,2.8734,1.3565,-1.5528,27.17,30.924,23.027,2.85101,2.83093,102.527,2.1447,1.8874,10.3217,10.249,99.296,94.36,False,
BAT-002,112,2023-01-26T23:06:14,3.6994,4.22,2.9595,3.8461,-1.4382,29.868,35.67,26.654,2.69277,2.65502,106.166,0.6735,1.8286,9.9616,9.822,98.598,88.5,True,capacity_drop
BAT-002,113,2023-01-27T03:24:19,3.5559,4.0928,2.8755,1.3474,-1.594,26.588,30.812,22.878,2.82925,2.81286,103.385,1.999,1.7585,10.0606,10.0024,99.421,93.76,False,
BAT-002,114,2023-01-27T08:55:43,3.504,3.9048,2.85,1.3859,-1.6706,29.397,34.082,25.067,2.83627,2.81257,103.528,1.9736,1.724,9.9382,9.8552,99.164,93.75,False,
BAT-002,115,2023-01-27T13:32:59,3.5577,3.9196,2.9974,1.6006,-1.5119,29.794,34.686,25.955,2.84782,2.81466,106.393,1.8655,1.9227,10.1318,10.0138,98.836,93.82,False,
BAT-002,116,2023-01-27T18:28:09,3.4775,3.9947,2.8874,1.6151,-1.4885,28.501,35.668,24.406,2.84839,2.818,105.464,1.6814,1.9455,9.9051,9.7994,98.933,93.93,False,
BAT-002,117,2023-01-27T23:21:24,3.5051,3.9849,2.85,1.3349,-1.3397,27.787,33.94,24.249,2.83921,2.8048,105.868,2.2639,2.044,9.9518,9.8312,98.788,93.49,False,
BAT-002,118,2023-01-28T05:13:04,3.6372,4.1266,2.8934,1.5868,-1.3087,31.067,34.94,28.06,2.85051,2.8149,105.194,1.7529,2.1433,10.3678,10.2382,98.751,93.83,False,
BAT-002,119,2023-01-28T10:14:32,3.5602,4.0737,2.9622,1.3065,-1.5147,31.018,36.782,28.384,2.85948,2.81922,102.171,2.3227,1.8927,10.1802,10.0369,98.592,93.97,False,
BAT-002,120,2023-01-28T15:48:19,3.5772,4.0322,2.9344,1.6548,-1.5052,27.294,30.928,23.189,2.8576,2.82137,102.717,1.8078,1.8448,10.2222,10.0926,98.732,94.05,False,
BAT-002,121,2023-01-28T20:29:33,3.5686,4.0659,2.913,1.7879,-1.2276,28.831,34.675,26.222,2.86607,2.82477,102.366,1.6682,2.3659,10.2277,10.0804,98.559,94.16,False,
BAT-002,122,2023-01-29T01:14:01,3.576,4.0431,2.935,1.686,-1.4778,28.661,35.433,25.108,2.8341,2.80081,108.195,1.6417,1.9072,10.1346,10.0156,98.825,93.36,False,
BAT-002,123,2023-01-29T06:42:18,3.5225,3.9778,2.923,1.4739,-1.6711,29.299,36.304,25.297,2.81735,2.79503,102.439,1.9686,1.6119,9.9242,9.8455,99.208,93.17,False,
BAT-002,124,2023-01-29T11:05:33,3.6137,4.0184,3.0322,1.7878,-1.3178,31.134,37.238,27.465,2.83883,2.80831,107.38,1.5623,2.1674,10.2586,10.1483,98.925,93.61,False,
BAT-002,125,2023-01-29T15:28:03,3.6402,4.1411,3.0259,1.6597,-1.6831,27.012,35.007,23.097,2.81786,2.80155,101.532,1.8036,1.6233,10.2575,10.1981,99.421,93.38,False,
BAT-002,126,2023-01-29T20:21:33,3.549,4.076,2.8809,1.3411,-1.2804,27.429,30.969,22.499,2.83991,2.79914,106.766,2.0792,2.2279,10.0788,9.9341,98.565,93.3,False,
BAT-002,127,2023-01-30T02:07:15,3.57,3.9572,2.8754,1.3366,-1.4956,29.872,34.124,25.45,2.81879,2.79901,107.718,2.0591,1.9525,10.0631,9.9925,99.298,93.3,False,
BAT-002,128,2023-01-30T07:57:34,3.6253,3.9817,2.9731,1.3429,-1.4869,29.475,32.889,25.027,2.81295,2.79048,105.765,2.0724,1.8845,10.1978,10.1164,99.201,93.02,False,
BAT-002,129,2023-01-30T13:22:29,3.5387,3.9359,2.85,1.3443,-1.693,31.893,37.104,28.321,2.82018,2.79243,107.642,2.1811,1.6123,9.9798,9.8816,99.016,93.08,False,
BAT-002,130,2023-01-30T18:40:48,3.606,4.0818,3.0354,1.3731,-1.2103,27.716,33.913,24.151,2.8174,2.78881,104.997,2.1569,2.3446,10.1596,10.0565,98.985,92.96,False,
BAT-002,131,2023-01-30T23:53:30,3.5812,4.0933,3.016,1.6162,-1.2602,28.751,33.84,24.597,2.81924,2.78786,105.602,1.6708,2.2244,10.0961,9.9838,98.887,92.93,False,
BAT-002,132,2023-01-31T04:30:15,3.5755,3.9704,2.8605,1.7048,-1.6271,30.533,36.173,26.213,2.8054,2.78812,104.762,1.5971,1.752,10.0307,9.9689,99.384,92.94,False,
BAT-002,133,2023-01-31T08:29:59,3.5411,3.9602,2.85,1.5705,-1.4647,30.781,37.233,27.605,2.81761,2.78592,111.494,1.7536,1.9865,9.9773,9.8651,98.875,92.86,False,
BAT-002,134,2023-01-31T13:30:00,3.6206,4.0972,3.0237,1.3259,-1.4189,29.423,35.4,25.25,2.82883,2.78754,102.814,2.0806,2.0103,10.2421,10.0926,98.54,92.92,False,
BAT-002,135,2023-01-31T19:30:55,3.4928,4.0326,2.85,1.6945,-1.6843,32.524,37.133,28.59,2.80986,2.77422,102.862,1.5814,1.6588,9.8142,9.6897,98.732,92.47,False,
BAT-002,136,2023-02-01T00:28:07,3.4919,3.8621,2.85,1.5489,-1.4143,29.466,33.467,26.093,2.81524,2.79302,104.837,1.9584,2.0342,9.8306,9.753,99.211,93.1,False,
BAT-002,137,2023-02-01T05:12:21,3.6234,4.0456,2.9215,1.432,-1.6174,27.779,34.483,22.882,2.8039,2.77818,105.067,2.1526,1.7905,10.1596,10.0664,99.083,92.61,False,
BAT-002,138,2023-02-01T10:57:18,3.5586,3.9305,2.8905,1.6503,-1.402,28.874,34.74,26.791,2.82095,2.78017,104.93,1.8695,1.9413,10.0386,9.8935,98.555,92.67,False,
BAT-002,139,2023-02-01T15:28:38,3.4833,3.9229,2.8962,1.6679,-1.229,27.965,32.879,24.57,2.82216,2.78438,103.681,1.7152,2.1869,9.8305,9.6989,98.661,92.81,False,
BAT-002,140,2023-02-01T20:12:35,3.5116,3.887,2.85,1.7621,-1.5949,28.107,35.173,24.894,2.79603,2.77893,109.33,1.712,1.7944,9.8185,9.7585,99.388,92.63,False,
BAT-002,141,2023-02-02T00:13:08,3.611,4.107,2.8633,1.541,-1.3856,28.419,35.442,25.698,2.78724,2.76609,103.292,1.7863,2.0177,10.0646,9.9882,99.241,92.2,False,
BAT-002,142,2023-02-02T05:55:58,3.489,3.9569,2.9341,1.3902,-1.5111,30.518,36.07,27.366,2.80231,2.77796,110.391,2.0892,1.8647,9.7772,9.6922,99.131,92.6,False,
BAT-002,143,2023-02-02T11:35:30,3.6113,4.1527,2.883,1.4605,-1.2101,27.267,32.459,23.019,2.81418,2.78178,107.167,1.9822,2.2015,10.1629,10.0459,98.849,92.73,False,
BAT-002,144,2023-02-02T16:38:33,3.5122,3.9684,2.9122,1.626,-1.5467,31.073,35.943,26.84,2.79074,2.77582,113.744,1.8163,1.8027,9.8016,9.7491,99.465,92.53,False,
BAT-002,145,2023-02-02T21:55:40,3.5941,3.9803,2.9407,1.6304,-1.3118,29.795,35.987,27.151,2.8018,2.78458,106.818,1.7293,2.0624,10.0699,10.008,99.386,92.82,False,
BAT-002,146,2023-02-03T03:34:27,3.4854,3.9571,2.9319,1.4434,-1.2291,30.633,33.876,26.811,2.77451,2.75739,109.69,2.0246,2.2954,9.6703,9.6107,99.383,91.91,False,
BAT-002,147,2023-02-03T08:43:50,3.5465,3.9587,2.9202,1.6148,-1.2277,28.645,32.517,26.565,2.79706,2.76416,104.458,1.6469,2.2288,9.9199,9.8032,98.824,92.14,False,
BAT-002,148,2023-02-03T14:25:58,3.5465,3.9058,2.85,1.5481,-1.4275,29.816,36.786,27.142,2.82357,2.78425,107.158,1.9269,1.9915,10.0137,9.8743,98.608,92.81,False,
BAT-002,149,2023-02-03T20:07:32,3.6299,4.0988,3.0374,1.3923,-1.5197,27.59,33.356,23.086,2.78739,2.76882,110.116,2.019,1.7998,10.1178,10.0504,99.334,92.29,False,
BAT-002,150,2023-02-04T00:29:54,3.5084,3.8774,2.85,1.6063,-1.4593,29.687,33.452,26.185,2.80126,2.76809,101.766,1.6724,1.9777,9.8279,9.7116,98.816,92.27,False,
BAT-002,151,2023-02-04T04:44:08,3.4922,3.851,2.85,1.6283,-1.3249,27.443,32.231,22.957,2.78566,2.77179,107.791,1.8464,2.0242,9.728,9.6795,99.502,92.39,False,
BAT-002,152,2023-02-04T09:38:11,3.5363,4.0595,2.85,1.6869,-1.2196,29.206,35.079,25.694,2.79651,2.77921,109.428,1.5775,2.3694,9.8892,9.828,99.381,92.64,False,
BAT-002,153,2023-02-04T14:53:57,3.5947,3.9897,3.0042,1.6563,-1.4507,34.074,40.617,30.432,2.79247,2.76057,106.991,1.8009,1.8685,10.038,9.9233,98.858,92.02,False,
BAT-002,154,2023-02-04T20:21:25,3.5244,3.9355,2.8616,1.5064,-1.254,29.289,33.312,25.687,2.80606,2.7746,108.817,1.9358,2.111,9.8897,9.7788,98.879,92.49,False,
BAT-002,155,2023-02-05T01:02:50,3.6043,3.9693,2.9181,1.5497,-1.3025,29.707,34.163,26.853,2.78975,2.75763,108.066,1.7839,2.1739,10.055,9.9393,98.849,91.92,False,
BAT-002,156,2023-02-05T06:33:51,3.5658,3.9229,2.8521,1.4205,-1.5159,30.459,33.482,25.476,2.77847,2.75836,111.383,2.0971,1.8172,9.9076,9.8359,99.276,91.95,False,
BAT-002,157,2023-02-05T11:59:56,3.5338,3.9758,2.8938,1.3715,-1.6882,29.847,32.897,26.726,2.78973,2.75544,108.998,2.1216,1.5798,9.8585,9.7373,98.771,91.85,False,
BAT-002,158,2023-02-05T17:00:01,3.5297,3.9019,2.85,1.7202,-1.2526,29.794,34.199,27.758,2.78262,2.76619,112.327,1.776,2.23,9.8219,9.7639,99.409,92.21,False,
BAT-002,159,2023-02-05T22:25:03,3.5483,3.9567,2.929,1.4848,-1.27,31.467,36.7,28.539,2.7839,2.7473,107.62,1.8277,2.1358,9.8781,9.7483,98.685,91.58,False,
BAT-002,160,2023-02-06T03:36:09,3.4799,3.8613,2.8508,1.7897,-1.2905,27.366,33.992,23.839,2.77397,2.74077,112.7,1.4827,2.0519,9.6532,9.5377,98.803,91.36,False,
BAT-002,161,2023-02-06T09:02:24,3.5252,3.9092,2.9183,1.4559,-1.6982,27.162,30.808,22.385,2.80107,2.76963,110.441,1.8745,1.6928,9.8744,9.7636,98.878,92.32,False,
BAT-002,162,2023-02-06T14:04:58,3.4691,3.9984,2.85,1.5614,-1.4681,30.198,35.696,26.327,2.77761,2.74328,106.622,1.8657,1.8372,9.6358,9.5168,98.764,91.44,False,
BAT-002,163,2023-02-06T18:59:34,3.5901,3.9447,2.902,1.5063,-1.6197,28.604,31.673,25.44,2.77845,2.75289,111.192,1.956,1.7798,9.9749,9.8831,99.08,91.76,False,
BAT-002,164,2023-02-07T00:33:14,3.5634,3.9927,2.85,1.4103,-1.2528,29.313,36.85,26.379,2.77523,2.73927,109.338,2.1056,2.1142,9.8892,9.7611,98.704,91.31,False,
BAT-002,165,2023-02-07T06:23:31,3.5897,3.9848,3.0132,1.7786,-1.5279,29.055,35.54,24.566,2.77227,2.75369,112.189,1.5187,1.8017,9.9517,9.8849,99.33,91.79,False,
BAT-002,166,2023-02-07T11:12:47,3.6179,3.9752,2.8739,1.3698,-1.3163,31.831,38.686,27.021,2.75976,2.74194,110.814,2.1578,2.1147,9.9847,9.9202,99.354,91.4,False,
BAT-002,167,2023-02-07T16:24:45,3.5109,3.9204,2.8957,1.7303,-1.2053,28.972,36.686,25.344,2.78258,2.74288,106.069,1.6364,2.2331,9.7694,9.63,98.573,91.43,False,
BAT-002,168,2023-02-07T20:53:34,3.491,3.8432,2.85,1.3619,-1.3916,29.882,33.415,26.432,2.7533,2.73713,110.699,2.1767,1.9781,9.6119,9.5554,99.413,91.24,False,
BAT-002,169,2023-02-08T01:51:48,3.4758,3.9909,2.8615,1.3689,-1.4593,28.912,31.955,26.744,2.77955,2.7471,117.699,2.056,1.9156,9.6613,9.5485,98.832,91.57,False,
BAT-002,170,2023-02-08T07:02:56,3.55,3.9976,2.85,1.4589,-1.5722,29.442,35.246,26.317,2.75996,2.74503,115.49,1.9502,1.6774,9.798,9.745,99.459,91.5,False,
BAT-002,171,2023-02-08T12:36:25,3.4939,3.9074,2.85,1.3947,-1.31,28.775,32.219,24.577,2.7759,2.73956,111.596,1.9708,2.125,9.6986,9.5716,98.691,91.32,False,
BAT-002,172,2023-02-08T18:30:44,3.4866,3.9525,2.8669,1.4216,-1.3097,30.957,34.551,28.043,2.7568,2.73729,109.994,1.9795,1.9857,9.6117,9.5437,99.292,91.24,False,
BAT-002,173,2023-02-09T00:21:32,3.6126,4.1165,2.9783,1.5444,-1.5508,31.643,37.201,29.026,2.77676,2.7443,111.018,1.7777,1.7445,10.0312,9.914,98.831,91.48,False,
BAT-002,174,2023-02-09T04:23:42,3.6022,4.0909,3.0522,1.3297,-1.5492,31.224,37.812,27.235,2.74616,2.73243,108.752,2.1811,1.806,9.8922,9.8427,99.5,91.08,False,
BAT-002,175,2023-02-09T09:58:07,3.5312,4.0337,2.9143,1.4376,-1.5907,31.395,36.192,28.192,2.74797,2.73229,109.896,1.9019,1.6323,9.7036,9.6482,99.429,91.08,False,
BAT-002,176,2023-02-09T14:21:22,3.4747,3.8322,2.85,1.6951,-1.6911,30.345,34.924,26.271,2.74478,2.72263,113.501,1.6127,1.6725,9.5373,9.4603,99.193,90.75,False,
BAT-002,177,2023-02-09T18:45:27,3.6301,4.0288,3.0199,1.5122,-1.4366,30.975,37.927,28.305,2.77255,2.73389,114.811,1.9334,1.97,10.0647,9.9243,98.606,91.13,False,
BAT-002,178,2023-02-10T00:03:59,3.612,3.9713,2.8653,1.6357,-1.6221,31.67,39.447,29.071,2.74581,2.72705,112.037,1.6414,1.7468,9.918,9.8502,99.317,90.9,False,
BAT-002,179,2023-02-10T05:17:32,3.59,4.0095,3.0277,1.6329,-1.5697,30.873,36.789,25.911,2.73899,2.72196,114.425,1.6552,1.7467,9.8329,9.7718,99.378,90.73,False,
BAT-002,180,2023-02-10T10:06:37,3.5806,4.0712,3.0041,1.3133,-1.4443,28.435,36.431,24.299,2.7731,2.73564,109.559,2.2748,1.865,9.9292,9.7951,98.649,91.19,False,
BAT-002,181,2023-02-10T15:30:49,3.5544,4.0205,2.9608,1.3015,-1.3179,28.747,33.602,24.081,2.74136,2.71644,116.622,2.1235,2.1323,9.7439,9.6553,99.091,90.55,False,
BAT-002,182,2023-02-10T21:06:10,3.5676,3.9796,2.8743,1.686,-1.6878,30.59,38.351,27.415,2.747,2.72821,111.36,1.7526,1.6236,9.8003,9.7332,99.316,90.94,False,
BAT-002,183,2023-02-11T01:49:34,3.5456,4.0441,2.9013,1.6401,-1.4426,30.787,37.157,26.658,2.78121,2.74474,111.99,1.8203,1.9103,9.8611,9.7318,98.689,91.49,False,
BAT-002,184,2023-02-11T06:20:48,3.6114,4.061,2.8639,1.4176,-1.2098,31.369,35.592,27.191,2.7472,2.73144,109.125,2.0666,2.2726,9.9212,9.8643,99.426,91.05,False,
BAT-002,185,2023-02-11T11:34:06,3.5769,4.0903,2.8742,1.4541,-1.5177,34.119,37.835,31.539,2.73876,2.72473,114.934,1.9823,1.8731,9.7963,9.7461,99.488,90.82,False,
BAT-002,186,2023-02-11T16:47:17,3.4807,4.0107,2.85,1.7637,-1.2764,30.126,36.05,27.497,2.75993,2.72864,115.287,1.5338,2.198,9.6064,9.4975,98.866,90.95,False,
BAT-002,187,2023-02-11T22:01:40,3.4716,3.9252,2.8597,1.7828,-1.4357,27.064,30.153,22.888,2.7383,2.71746,112.911,1.4986,1.8336,9.5063,9.4339,99.239,90.58,False,
BAT-002,188,2023-02-12T02:29:45,3.4832,3.9184,2.85,1.302,-1.5132,29.657,35.129,26.764,2.74951,2.71915,113.755,2.3218,1.7486,9.577,9.4713,98.896,90.64,False,
BAT-002,189,2023-02-12T08:26:08,3.5263,4.0001,2.8674,1.318,-1.6239,32.898,36.133,30.073,2.748,2.72292,111.566,2.1296,1.743,9.6903,9.6019,99.087,90.76,False,
BAT-002,190,2023-02-12T13:59:35,3.5633,3.9925,2.8881,1.7866,-1.5309,30.507,37.032,27.754,2.73122,2.70761,112.731,1.65,1.7481,9.7322,9.648,99.135,90.25,False,
BAT-002,191,2023-02-12T18:11:26,3.5707,4.0877,2.9411,1.3334,-1.442,30.679,34.664,25.991,2.74019,2.71965,110.108,2.2526,1.8015,9.7843,9.711,99.25,90.66,False,
BAT-002,192,2023-02-12T23:56:18,3.5028,4.0515,2.85,1.4266,-1.425,31.301,36.495,26.6,2.73185,2.71121,113.072,2.0687,1.8729,9.5691,9.4968,99.244,90.37,False,
BAT-002,193,2023-02-13T05:25:27,3.47,3.9433,2.85,1.678,-1.4918,30.951,34.037,26.605,2.75123,2.71669,118.478,1.6927,1.8725,9.5468,9.4269,98.745,90.56,False,
BAT-002,194,2023-02-13T09:44:00,3.4764,3.9453,2.85,1.7532,-1.5747,29.965,35.367,25.277,2.74684,2.7084,112.26,1.5903,1.7994,9.549,9.4154,98.601,90.28,False,
BAT-002,195,2023-02-13T14:36:07,3.4768,3.9702,2.8953,1.4742,-1.545,29.945,35.538,25.074,2.74897,2.72151,116.91,2.0304,1.7569,9.5575,9.462,99.001,90.72,False,
BAT-002,196,2023-02-13T19:07:46,3.5644,4.0257,2.9079,1.7624,-1.3072,28.234,31.391,23.926,2.72807,2.70794,116.959,1.6841,2.0496,9.724,9.6522,99.262,90.26,False,
BAT-002,197,2023-02-13T23:28:22,3.5655,3.9539,2.8897,1.5153,-1.2872,32.11,36.733,27.307,2.73684,2.70057,117.052,1.8699,2.1011,9.7582,9.6289,98.675,90.02,False,
BAT-002,198,2023-02-14T04:34:44,3.6099,4.0122,3.0425,1.6883,-1.4076,30.257,35.604,26.964,2.74166,2.706,115.383,1.7093,1.9433,9.8971,9.7684,98.699,90.2,False,
BAT-002,199,2023-02-14T10:11:22,3.6249,4.0605,2.9144,1.5275,-1.3139,29.591,32.945,24.897,2.73369,2.70465,111.703,1.8964,2.1121,9.9093,9.804,98.938,90.16,False,
BAT-002,200,2023-02-14T16:00:35,3.5259,4.0657,2.85,1.4022,-1.2972,30.475,34.185,26.723,2.72669,2.70151,118.308,1.9577,2.0413,9.6141,9.5253,99.077,90.05,False,
BAT-002,201,2023-02-14T21:31:29,3.5483,4.0139,2.8989,1.6414,-1.3186,29.586,36.862,25.764,2.72703,2.69263,119.828,1.6194,2.0008,9.6762,9.5541,98.738,89.75,False,
BAT-002,202,2023-02-15T03:07:47,3.6315,4.091,3.0196,1.649,-1.6167,31.128,39.014,27.218,2.73367,2.70296,116.444,1.6547,1.6716,9.9273,9.8157,98.877,90.1,False,
BAT-002,203,2023-02-15T08:10:50,3.5592,3.938,2.9421,1.434,-1.5489,30.654,35.934,27.22,2.71867,2.69892,113.562,1.8386,1.7776,9.6764,9.6061,99.274,89.96,False,
BAT-002,204,2023-02-15T13:47:07,3.514,3.9,2.9435,1.398,-1.5978,29.319,36.104,24.473,2.71673,2.69722,119.176,2.0136,1.6856,9.5466,9.478,99.282,89.91,False,
BAT-002,205,2023-02-15T19:06:35,3.6029,4.1226,2.9133,1.5653,-1.6139,33.056,38.458,28.099,2.73187,2.70675,110.246,1.8871,1.6789,9.8427,9.7521,99.08,90.22,False,
BAT-002,206,2023-02-15T23:16:46,3.5601,4.0857,2.85,1.6821,-1.4038,30.136,36.484,27.592,2.73797,2.70346,113.096,1.6833,2.0183,9.7473,9.6245,98.74,90.12,False,
BAT-002,207,2023-02-16T04:18:24,3.5706,3.9558,2.8976,1.4479,-1.4538,30.124,33.212,26.432,2.73155,2.69976,117.616,1.8413,1.8161,9.7532,9.6397,98.836,89.99,False,
BAT-002,208,2023-02-16T08:30:58,3.6023,4.1077,2.873,1.5597,-1.2176,29.074,36.997,26.299,2.73225,2.69222,119.277,1.786,2.1803,9.8423,9.6981,98.535,89.74,False,
BAT-002,209,2023-02-16T13:34:05,3.61,4.1237,2.9055,1.5582,-1.4484,27.79,32.914,25.311,2.72067,2.69698,112.34,1.7406,1.8183,9.8217,9.7362,99.129,89.9,False,
BAT-002,210,2023-02-16T18:38:55,3.6205,4.1565,2.8904,1.3926,-1.5431,28.201,35.318,24.294,2.72903,2.69814,118.073,1.9481,1.7047,9.8806,9.7687,98.868,89.94,False,
BAT-002,211,2023-02-16T23:26:45,3.5262,3.9933,2.9463,1.4676,-1.6428,29.069,35.789,25.614,2.72722,2.69232,116.376,1.8949,1.6588,9.6167,9.4937,98.72,89.74,False,
BAT-002,212,2023-02-17T03:53:19,3.4667,4.0043,2.85,1.5615,-1.6844,30.262,36.058,27.712,2.73473,2.70129,115.16,1.7442,1.6743,9.4805,9.3646,98.777,90.04,False,
BAT-002,213,2023-02-17T09:06:34,3.4819,3.9488,2.8737,1.4466,-1.3145,29.769,34.713,26.013,2.70109,2.681,112.35,1.8584,2.0808,9.4049,9.3349,99.256,89.37,False,
BAT-002,214,2023-02-17T13:42:03,3.5325,4.074,2.9617,1.3916,-1.415,30.053,36.298,25.982,2.72741,2.69389,114.375,2.0167,1.925,9.6347,9.5163,98.771,89.8,False,
BAT-002,215,2023-02-17T18:47:34,3.5811,3.9468,2.9621,1.6557,-1.261,29.098,35.975,25.192,2.69943,2.68488,117.334,1.6086,2.1942,9.667,9.6149,99.461,89.5,False,
BAT-002,216,2023-02-17T23:25:02,3.6042,4.0447,2.9701,1.6033,-1.5623,30.975,35.34,27.083,2.72196,2.6895,114.003,1.7876,1.7516,9.8105,9.6935,98.808,89.65,False,
BAT-002,217,2023-02-18T04:11:45,3.5185,3.9221,2.9619,1.3258,-1.5475,29.272,34.546,26.831,2.72098,2.68706,115.464,2.2016,1.695,9.5739,9.4545,98.753,89.57,False,
BAT-002,218,2023-02-18T10:05:09,3.5258,3.897,2.85,1.6837,-1.6307,31.387,35.535,27.824,2.70959,2.68989,120.29,1.734,1.6293,9.5536,9.4841,99.273,89.66,False,
BAT-002,219,2023-02-18T14:02:23,3.552,4.0944,2.9421,1.6806,-1.2114,32.76,36.569,29.823,2.69294,2.67311,118.431,1.6191,2.2016,9.5652,9.4948,99.264,89.1,False,
BAT-002,220,2023-02-18T18:43:42,3.6214,4.1135,2.9522,1.6285,-1.5261,31.062,38.883,27.781,2.71822,2.68659,115.765,1.7402,1.8137,9.8437,9.7292,98.836,89.55,False,
BAT-002,221,2023-02-18T22:47:02,3.5263,3.9127,2.8647,1.7597,-1.648,27.766,32.055,23.399,2.70319,2.67238,121.124,1.6265,1.6225,9.5322,9.4236,98.86,89.08,False,
BAT-002,222,2023-02-19T03:06:59,3.5895,4.0344,2.9485,1.7686,-1.6799,32.606,39.7,29.219,2.71697,2.69336,118.431,1.5079,1.5846,9.7525,9.6677,99.131,89.78,False,
BAT-002,223,2023-02-19T08:06:59,3.6273,4.0883,2.9789,1.7938,-1.3091,29.939,37.755,25.872,2.71417,2.68048,118.615,1.5591,1.9722,9.8451,9.7229,98.759,89.35,False,
BAT-002,224,2023-02-19T12:55:03,3.5659,4.0985,2.9359,1.604,-1.3396,31.946,36.046,28.352,2.70027,2.67081,117.704,1.7453,1.9614,9.6289,9.5238,98.909,89.03,False,
BAT-002,225,2023-02-19T17:31:57,3.4865,4.0363,2.8846,1.748,-1.5046,33.469,39.274,30.926,2.69239,2.67528,114.143,1.6589,1.8364,9.3871,9.3275,99.365,89.18,False,
BAT-002,226,2023-02-19T22:03:08,3.603,4.1288,2.8592,1.6711,-1.26,31.762,38.0,28.746,2.69859,2.67073,117.691,1.7483,2.1336,9.7229,9.6225,98.968,89.02,False,
BAT-002,227,2023-02-20T03:42:49,3.5684,3.9991,2.9912,1.6431,-1.4154,31.634,39.459,27.331,2.6877,2.66667,119.888,1.6135,1.9247,9.5909,9.5158,99.218,88.89,False,
BAT-002,228,2023-02-20T07:46:56,3.5363,4.0853,2.8802,1.7316,-1.6555,30.508,35.787,26.85,2.70179,2.67521,121.01,1.6807,1.691,9.5544,9.4604,99.016,89.17,False,
BAT-002,229,2023-02-20T12:08:47,3.6075,4.0473,2.9836,1.4267,-1.2667,33.625,40.985,30.369,2.66935,2.64855,121.979,1.8665,2.1409,9.6298,9.5547,99.221,88.28,False,
BAT-002,230,2023-02-20T16:58:38,3.5363,3.9324,2.9301,1.4109,-1.3726,31.079,36.237,27.826,2.70613,2.66783,116.189,1.9333,2.0338,9.5697,9.4342,98.584,88.93,False,
BAT-002,231,2023-02-20T21:37:13,3.5199,3.9739,2.9243,1.6765,-1.5287,31.642,35.609,27.516,2.67994,2.65795,114.941,1.5933,1.8255,9.4331,9.3557,99.18,88.6,False,
BAT-002,232,2023-02-21T02:38:12,3.5403,4.0259,2.9153,1.3215,-1.608,31.51,37.872,29.04,2.69772,2.66133,115.385,2.0717,1.7145,9.5507,9.4219,98.651,88.71,False,
BAT-002,233,2023-02-21T07:03:52,3.5009,3.941,2.8652,1.4809,-1.3928,30.499,34.033,27.224,2.68775,2.65817,114.096,1.9017,1.9082,9.4097,9.3061,98.9,88.61,False,
BAT-002,234,2023-02-21T11:37:23,3.6155,4.1008,3.0501,1.7772,-1.3576,26.588,30.702,24.334,2.67862,2.65359,118.419,1.6104,1.9039,9.6846,9.5942,99.066,88.45,False,
BAT-002,235,2023-02-21T16:03:41,3.6429,4.1742,2.9971,1.3853,-1.3634,31.991,38.576,29.914,2.70754,2.66819,117.113,1.8984,1.9927,9.8634,9.72,98.547,88.94,False,
BAT-002,236,2023-02-21T20:38:16,3.4944,3.8905,2.85,1.4002,-1.2177,30.545,37.926,27.99,2.67101,2.65484,117.164,1.8882,2.1123,9.3336,9.2771,99.394,88.49,False,
BAT-002,237,2023-02-22T02:13:04,3.5713,4.0981,2.8758,1.694,-1.2359,33.566,40.589,28.696,2.6971,2.65903,116.161,1.6512,2.1532,9.6322,9.4963,98.589,88.63,False,
BAT-002,238,2023-02-22T07:09:37,3.5052,3.9791,2.85,1.333,-1.3988,30.344,35.852,27.682,2.68837,2.65071,120.161,2.0229,1.8776,9.4234,9.2914,98.599,88.36,False,
BAT-002,239,2023-02-22T11:44:12,3.5711,3.956,2.988,1.349,-1.5677,34.389,40.73,31.854,2.67928,2.65033,118.643,1.9221,1.6335,9.5681,9.4647,98.92,88.34,False,
BAT-002,240,2023-02-22T16:33:17,3.5729,3.9854,3.007,1.378,-1.2458,31.06,35.943,27.49,2.68971,2.65488,118.722,2.0794,2.1037,9.6101,9.4857,98.705,88.5,False,
BAT-002,241,2023-02-22T22:12:42,3.5098,4.0033,2.85,1.6735,-1.2309,27.473,30.745,22.996,2.66916,2.64324,122.607,1.6923,2.1671,9.3683,9.2773,99.029,88.11,False,
BAT-002,242,2023-02-23T03:13:46,3.6033,4.0823,2.889,1.5316,-1.3184,33.833,38.084,30.246,2.68625,2.65335,118.816,1.7879,2.069,9.6793,9.5608,98.775,88.45,False,
BAT-002,243,2023-02-23T07:56:47,3.5253,3.9728,2.9214,1.5803,-1.6392,30.087,34.522,27.902,2.66519,2.63948,120.199,1.6367,1.6201,9.3956,9.305,99.035,87.98,False,
BAT-002,244,2023-02-23T12:43:43,3.5345,3.9252,2.972,1.4765,-1.2672,31.095,36.133,28.176,2.66499,2.64685,119.739,1.7395,2.1105,9.4193,9.3552,99.319,88.23,False,
BAT-002,245,2023-02-23T17:49:53,3.6465,4.0833,3.0507,1.7174,-1.3806,31.937,37.695,28.469,2.6783,2.6423,121.201,1.6804,1.9577,9.7663,9.635,98.656,88.08,False,
BAT-002,246,2023-02-23T23:17:01,3.6396,4.1593,2.9345,1.5888,-1.3299,31.072,34.127,28.39,2.66826,2.63813,119.17,1.6972,2.0008,9.7113,9.6017,98.871,87.94,False,
BAT-002,247,2023-02-24T04:19:22,3.531,4.0195,2.9314,1.4757,-1.3675,31.0,38.299,28.552,2.66419,2.64817,122.513,1.8074,1.9738,9.4072,9.3506,99.399,88.27,False,
BAT-002,248,2023-02-24T08:40:13,3.6275,4.0605,3.0563,1.3177,-1.3223,34.74,40.278,32.087,2.6765,2.63794,122.039,2.1163,1.9314,9.709,9.5692,98.559,87.93,False,
BAT-002,249,2023-02-24T13:42:27,3.5888,4.0239,2.85,1.3268,-1.4092,30.563,34.297,27.176,2.67263,2.64102,120.177,1.9612,1.8777,9.5916,9.4782,98.817,88.03,False,
BAT-002,250,2023-02-24T19:25:49,3.5474,3.9586,2.8719,1.7617,-1.2858,32.072,38.23,27.633,2.66857,2.65246,123.361,1.4779,2.0492,9.4664,9.4093,99.396,88.42,False,
BAT-002,251,2023-02-24T23:39:02,3.6271,4.0965,3.0196,1.6244,-1.2962,31.803,37.47,28.802,2.65015,2.63532,117.981,1.6115,1.9599,9.6125,9.5587,99.44,87.84,False,
BAT-002,252,2023-02-25T04:46:53,3.5325,3.9681,2.85,1.6399,-1.6192,29.099,32.842,24.165,2.65974,2.63883,117.882,1.7322,1.6415,9.3955,9.3217,99.214,87.96,False,
BAT-002,253,2023-02-25T08:54:10,3.5715,4.0241,2.9839,1.3776,-1.2378,32.792,38.569,27.951,2.67245,2.643,118.563,2.061,2.1926,9.5446,9.4394,98.898,88.1,False,
BAT-002,254,2023-02-25T14:25:12,3.4857,3.8598,2.9203,1.6465,-1.6174,30.83,34.201,26.17,2.66664,2.62873,125.522,1.5708,1.5497,9.2952,9.163,98.578,87.62,False,
BAT-002,255,2023-02-25T19:07:20,3.5201,4.0212,2.85,1.4606,-1.3369,30.736,33.989,27.892,2.65931,2.63261,122.149,1.7366,2.026,9.3612,9.2671,98.996,87.75,False,
BAT-002,256,2023-02-25T23:46:07,3.6018,3.9695,2.9019,1.3107,-1.3115,30.563,38.054,28.548,2.66789,2.64035,118.27,2.0842,1.998,9.6092,9.51,98.968,88.01,False,
BAT-002,257,2023-02-26T05:19:48,3.534,4.0472,2.85,1.4995,-1.3707,32.379,35.788,30.218,2.6675,2.63135,123.058,1.6965,1.8531,9.4269,9.2991,98.645,87.71,False,
BAT-002,258,2023-02-26T10:39:55,3.5943,4.0841,2.9883,1.5596,-1.6774,29.323,33.489,25.113,2.66651,2.63111,116.571,1.6509,1.4944,9.5842,9.457,98.672,87.7,False,
BAT-002,259,2023-02-26T14:21:10,3.4483,3.9049,2.85,1.5594,-1.46,29.775,35.839,25.118,2.66754,2.63604,118.407,1.7025,1.8032,9.1984,9.0898,98.819,87.87,False,
BAT-002,260,2023-02-26T18:21:50,3.5576,3.9607,2.937,1.793,-1.4153,32.08,37.929,28.866,2.64902,2.62875,115.22,1.4157,1.9244,9.4242,9.352,99.235,87.62,False,
BAT-002,261,2023-02-26T22:13:39,3.5955,4.0659,2.9299,1.3248,-1.2297,28.74,32.268,26.015,2.66205,2.6281,119.449,2.0592,2.0653,9.5714,9.4493,98.725,87.6,False,
BAT-002,262,2023-02-27T04:02:12,3.5578,3.9804,2.8686,1.5946,-1.3736,30.928,37.192,28.527,2.67125,2.63587,119.409,1.8075,1.9336,9.5036,9.3778,98.676,87.86,False,
BAT-002,263,2023-02-27T08:26:43,3.6512,4.1198,2.9314,1.5719,-1.4207,31.665,35.432,28.369,2.66023,2.63569,124.494,1.7235,1.8984,9.713,9.6234,99.077,87.86,False,
BAT-002,264,2023-02-27T13:13:49,3.5298,4.041,2.9662,1.4671,-1.3095,32.025,37.802,28.541,2.67225,2.63711,114.417,1.939,1.9802,9.4325,9.3084,98.685,87.9,False,
BAT-002,265,2023-02-27T18:13:25,3.4887,3.8806,2.8542,1.4183,-1.6505,32.409,37.493,29.588,2.64321,2.60486,120.319,1.8768,1.5744,9.2214,9.0876,98.549,86.83,False,
BAT-002,266,2023-02-27T23:14:44,3.4982,3.8863,2.928,1.6192,-1.3966,30.051,33.07,27.814,2.64625,2.61103,121.325,1.6807,1.8193,9.2572,9.134,98.669,87.03,False,
BAT-002,267,2023-02-28T04:24:43,3.4914,3.8893,2.85,1.4727,-1.4478,32.367,39.478,29.463,2.63232,2.61545,122.672,1.7541,1.893,9.1905,9.1316,99.359,87.18,False,
BAT-002,268,2023-02-28T09:02:21,3.5064,3.9538,2.8542,1.6867,-1.5549,30.411,38.265,26.228,2.65662,2.62569,121.673,1.5144,1.6726,9.3151,9.2067,98.836,87.52,False,
BAT-002,269,2023-02-28T13:38:22,3.5213,4.0381,2.8869,1.5637,-1.4814,30.0,34.066,26.202,2.63311,2.61529,119.629,1.6842,1.7927,9.2719,9.2092,99.323,87.18,False,
BAT-002,270,2023-02-28T17:50:06,3.5224,4.0166,2.85,1.651,-1.6445,29.884,36.232,26.56,2.64117,2.60799,119.446,1.6728,1.5819,9.3032,9.1864,98.744,86.93,False,
BAT-002,271,2023-02-28T22:45:17,3.6305,4.0533,2.9996,1.5259,-1.6339,29.726,36.947,25.201,2.636,2.61727,119.083,1.6927,1.5648,9.5699,9.5019,99.289,87.24,False,
BAT-002,272,2023-03-01T03:24:22,3.5064,3.9177,2.85,1.666,-1.4653,32.5,39.565,29.331,2.63953,2.62111,125.661,1.6908,1.7362,9.2552,9.1906,99.302,87.37,False,
BAT-002,273,2023-03-01T08:05:17,3.4904,3.9707,2.85,1.3272,-1.2477,29.588,36.802,24.979,2.64981,2.62548,121.621,1.9895,2.1504,9.2489,9.1639,99.082,87.52,False,
BAT-002,274,2023-03-01T13:35:38,3.5835,3.9428,3.023,1.5268,-1.5462,30.108,34.013,25.534,2.64656,2.63091,120.055,1.7448,1.7805,9.4838,9.4277,99.409,87.7,False,
BAT-002,275,2023-03-01T17:47:47,3.5823,4.0172,2.85,1.4452,-1.4066,32.265,36.71,29.807,2.63825,2.60416,117.027,1.8191,1.8994,9.4511,9.329,98.708,86.81,False,
BAT-002,276,2023-03-01T23:18:17,3.5886,4.1305,2.9693,1.4499,-1.4906,32.27,37.639,30.062,2.64856,2.61919,123.169,1.776,1.8336,9.5045,9.3991,98.891,87.31,False,
BAT-002,277,2023-03-02T03:31:01,3.5075,3.9589,2.8892,1.6245,-1.3132,32.097,35.105,29.061,2.65176,2.6189,122.052,1.6393,2.0838,9.3011,9.1858,98.761,87.3,False,
BAT-002,278,2023-03-02T07:48:25,3.2558,3.7362,2.85,1.6346,-1.5685,52.2,59.019,48.972,2.46377,2.43603,122.198,1.5908,1.5904,8.0215,7.9312,98.874,81.2,True,capacity_drop
BAT-002,279,2023-03-02T12:29:58,3.495,4.0379,2.8517,1.7666,-1.699,33.384,40.006,29.453,2.63007,2.60118,122.79,1.4673,1.4617,9.1922,9.0912,98.901,86.71,False,
BAT-002,280,2023-03-02T16:36:31,3.5865,3.9937,2.9425,1.3909,-1.3233,30.962,34.596,28.331,2.63454,2.61298,122.132,1.9643,1.963,9.4488,9.3715,99.182,87.1,False,
BAT-002,281,2023-03-02T21:26:10,3.5795,4.1122,2.858,1.6176,-1.4674,30.108,35.519,25.801,2.62311,2.59649,124.174,1.6653,1.7121,9.3895,9.2942,98.985,86.55,False,
BAT-002,282,2023-03-03T01:24:03,3.6045,4.0184,3.0099,1.5729,-1.5085,30.414,38.174,25.428,2.62437,2.6048,120.564,1.7947,1.7794,9.4596,9.389,99.254,86.83,False,
BAT-002,283,2023-03-03T06:01:27,3.4877,3.8455,2.85,1.6443,-1.2017,31.769,36.653,27.392,2.63408,2.61184,120.831,1.5312,2.0754,9.187,9.1094,99.156,87.06,False,
BAT-002,284,2023-03-03T11:03:40,3.6173,4.0469,2.8718,1.3538,-1.598,31.79,37.223,29.33,2.63291,2.59832,124.494,2.0223,1.6745,9.5241,9.399,98.686,86.61,False,
BAT-002,285,2023-03-03T15:18:27,3.6431,4.0778,3.0017,1.4402,-1.3393,29.912,36.001,25.473,2.62136,2.6017,122.921,1.8398,1.9634,9.5499,9.4783,99.25,86.72,False,
BAT-002,286,2023-03-03T20:57:03,3.6433,4.1522,2.9597,1.7916,-1.4208,27.349,33.843,23.153,2.64633,2.60928,122.934,1.5697,1.7797,9.6413,9.5063,98.6,86.98,False,
BAT-002,287,2023-03-04T01:19:26,3.6051,4.0743,3.0271,1.6177,-1.6435,31.946,39.424,26.949,2.62835,2.59595,124.653,1.631,1.6148,9.4754,9.3586,98.767,86.53,False,
BAT-002,288,2023-03-04T05:52:47,3.5021,3.8805,2.8658,1.5617,-1.4191,32.912,38.128,30.664,2.61364,2.59444,120.079,1.839,1.8913,9.1531,9.0859,99.266,86.48,False,
BAT-002,289,2023-03-04T11:06:00,3.5145,3.9001,2.85,1.423,-1.3266,28.865,35.468,25.978,2.61232,2.59602,123.919,1.8868,1.9241,9.1809,9.1236,99.376,86.53,False,
BAT-002,290,2023-03-04T16:34:22,3.4794,3.8442,2.85,1.4251,-1.643,31.346,35.513,27.993,2.64437,2.60681,126.464,1.8173,1.5356,9.2008,9.0701,98.58,86.89,False,
BAT-002,291,2023-03-04T20:52:37,3.5801,3.9815,2.8587,1.4811,-1.2721,32.483,35.781,29.268,2.59918,2.58141,122.095,1.8828,2.053,9.3053,9.2417,99.316,86.05,False,
BAT-002,292,2023-03-05T02:05:23,3.4996,3.8968,2.85,1.6818,-1.4287,34.018,37.282,29.337,2.59802,2.58316,122.256,1.4815,1.7884,9.0921,9.0401,99.428,86.11,False,
BAT-002,293,2023-03-05T05:56:26,3.5094,3.9493,2.8948,1.3107,-1.5281,29.031,36.553,25.6,2.64839,2.61145,126.671,2.0241,1.7109,9.2941,9.1645,98.605,87.05,False,
BAT-002,294,2023-03-05T10:28:04,3.5334,3.9845,2.877,1.6612,-1.4889,33.424,40.443,28.655,2.62333,2.59043,124.508,1.5128,1.6739,9.2693,9.153,98.746,86.35,False,
BAT-002,295,2023-03-05T15:12:27,3.5889,3.967,3.0211,1.5194,-1.6614,30.523,35.314,25.797,2.60086,2.57811,125.733,1.7259,1.5531,9.3344,9.2527,99.125,85.94,False,
BAT-002,296,2023-03-05T19:09:40,3.521,3.9047,2.85,1.343,-1.5245,30.509,34.298,27.413,2.62997,2.59877,125.869,1.873,1.7143,9.2601,9.1502,98.814,86.63,False,
BAT-002,297,2023-03-06T00:44:27,3.5416,4.0669,2.9269,1.6393,-1.6431,32.194,38.336,29.736,2.63179,2.59315,124.281,1.5427,1.5963,9.3207,9.1838,98.532,86.44,False,
BAT-002,298,2023-03-06T05:07:49,3.5568,3.9843,2.9837,1.7328,-1.5046,32.477,37.596,29.226,2.62684,2.60617,125.257,1.5767,1.751,9.3432,9.2697,99.213,86.87,False,
BAT-002,299,2023-03-06T09:55:33,3.4796,3.9155,2.85,1.3836,-1.5157,31.357,36.266,27.199,2.59039,2.57485,123.287,1.7987,1.672,9.0136,8.9596,99.4,85.83,False,
BAT-002,300,2023-03-06T14:29:01,3.6184,4.1012,3.0518,1.7356,-1.458,30.759,35.396,26.357,2.62205,2.58464,122.598,1.6324,1.7762,9.4877,9.3524,98.573,86.15,False,
BAT-002,301,2023-03-06T19:06:46,3.5379,4.0594,2.9575,1.4941,-1.2283,32.788,39.65,30.197,2.61653,2.58228,125.039,1.8061,2.0049,9.257,9.1358,98.691,86.08,False,
BAT-002,302,2023-03-07T00:46:13,3.4955,3.9885,2.9215,1.7903,-1.2113,31.956,35.815,27.798,2.6112,2.58473,128.964,1.401,2.0445,9.1274,9.0348,98.986,86.16,False,
BAT-002,303,2023-03-07T05:24:54,3.5799,3.9876,2.9189,1.7753,-1.3663,30.637,38.081,27.639,2.60864,2.58854,122.836,1.4798,1.8575,9.3385,9.2666,99.229,86.28,False,
BAT-002,304,2023-03-07T10:28:00,3.5358,3.9206,2.9563,1.3579,-1.527,31.539,34.967,28.391,2.61666,2.58739,130.858,1.9026,1.6344,9.2521,9.1486,98.882,86.25,False,
BAT-002,305,2023-03-07T14:43:22,3.6146,4.0903,2.8831,1.5599,-1.5167,31.688,36.325,28.693,2.60501,2.57827,124.928,1.6237,1.7504,9.4161,9.3195,98.974,85.94,False,
BAT-002,306,2023-03-07T18:40:48,3.4753,3.894,2.85,1.6456,-1.5607,32.248,38.795,28.08,2.6036,2.56855,123.525,1.5188,1.6001,9.0484,8.9266,98.654,85.62,False,
BAT-002,307,2023-03-07T22:19:06,3.5492,3.9336,2.9843,1.7587,-1.6514,31.683,35.913,26.773,2.61108,2.57565,129.198,1.5809,1.5868,9.2672,9.1415,98.643,85.85,False,
BAT-002,308,2023-03-08T02:19:13,3.5626,4.0521,2.9069,1.5088,-1.2427,32.011,38.812,29.937,2.60927,2.57521,121.991,1.6564,2.1561,9.2957,9.1743,98.695,85.84,False,
BAT-002,309,2023-03-08T07:41:20,3.5237,3.9654,2.9333,1.6607,-1.2515,32.147,35.996,30.007,2.59414,2.57324,125.175,1.5175,2.1321,9.1409,9.0673,99.194,85.77,False,
BAT-002,310,2023-03-08T12:06:10,3.5422,4.025,2.8859,1.6283,-1.2202,30.61,38.393,27.782,2.5856,2.56921,122.819,1.6582,2.0428,9.1586,9.1005,99.366,85.64,False,
BAT-002,311,2023-03-08T17:07:30,3.5819,3.9761,2.9061,1.6277,-1.582,28.042,32.054,25.607,2.60893,2.5719,122.101,1.5598,1.6183,9.3449,9.2123,98.581,85.73,False,
BAT-002,312,2023-03-08T22:07:15,3.5353,4.0164,2.9151,1.7571,-1.4493,32.849,38.265,28.825,2.59021,2.56029,125.782,1.4816,1.8274,9.1572,9.0514,98.845,85.34,False,
BAT-002,313,2023-03-09T02:43:46,3.5535,3.976,2.9241,1.3903,-1.4939,32.53,36.648,28.846,2.60846,2.5735,129.902,1.8581,1.7467,9.2691,9.1448,98.66,85.78,False,
BAT-002,314,2023-03-09T07:52:12,3.4858,3.9811,2.85,1.5241,-1.6729,27.607,35.007,23.207,2.58996,2.57484,121.432,1.7213,1.4857,9.0282,8.9755,99.416,85.83,False,
BAT-002,315,2023-03-09T11:48:39,3.5468,4.0208,2.9538,1.5142,-1.6692,35.299,42.907,30.317,2.58903,2.57017,129.096,1.6377,1.5446,9.1829,9.116,99.272,85.67,False,
BAT-002,316,2023-03-09T15:45:03,3.6425,4.101,3.0456,1.7497,-1.2956,31.4,34.461,28.854,2.62126,2.58279,126.692,1.4658,1.9093,9.548,9.4079,98.532,86.09,False,
BAT-002,317,2023-03-09T20:55:39,3.5462,3.9608,2.8833,1.4908,-1.2938,30.948,37.702,26.689,2.58444,2.56508,124.934,1.7396,1.9862,9.165,9.0964,99.251,85.5,False,
BAT-002,318,2023-03-10T02:17:56,3.5286,3.997,2.85,1.6959,-1.5253,32.553,40.227,28.374,2.58136,2.56668,126.443,1.5665,1.6334,9.1086,9.0568,99.431,85.56,False,
BAT-002,319,2023-03-10T06:58:21,3.6219,4.098,2.8788,1.7557,-1.2013,32.296,36.188,29.41,2.59464,2.56429,127.527,1.4699,2.131,9.3976,9.2877,98.831,85.48,False,
BAT-002,320,2023-03-10T11:05:22,3.6004,4.0401,2.9984,1.7266,-1.2566,30.058,36.633,26.547,2.56709,2.55357,128.074,1.434,1.9343,9.2426,9.1939,99.474,85.12,False,
BAT-002,321,2023-03-10T15:46:29,3.5254,3.9715,2.9428,1.6335,-1.5029,33.327,38.574,30.491,2.58857,2.55427,126.393,1.7042,1.7321,9.1258,9.0049,98.675,85.14,False,
BAT-002,322,2023-03-10T20:46:16,3.6043,4.1159,2.9838,1.3628,-1.2396,30.606,37.499,27.742,2.58772,2.5526,127.396,1.8371,2.0072,9.327,9.2004,98.643,85.09,False,
BAT-002,323,2023-03-11T01:26:05,3.4889,3.9767,2.85,1.5843,-1.683,30.286,37.587,26.348,2.55912,2.54094,128.389,1.5549,1.5565,8.9286,8.8651,99.29,84.7,False,
BAT-002,324,2023-03-11T05:55:22,3.604,3.954,3.0025,1.5438,-1.6106,31.793,39.388,28.426,2.57086,2.55349,125.923,1.6797,1.5428,9.2654,9.2028,99.324,85.12,False,
BAT-002,325,2023-03-11T09:58:21,3.6121,3.9714,2.9212,1.5533,-1.6273,30.636,33.658,28.019,2.55419,2.53945,124.626,1.6257,1.5921,9.2259,9.1727,99.423,84.65,False,
BAT-002,326,2023-03-11T14:27:15,3.4792,3.9093,2.85,1.7693,-1.3199,31.466,35.229,27.325,2.56218,2.53649,126.196,1.3782,1.9518,8.9142,8.8248,98.997,84.55,False,
BAT-002,327,2023-03-11T18:31:44,3.5485,4.0891,2.9403,1.571,-1.6272,31.109,35.723,27.452,2.57393,2.54696,127.29,1.5769,1.5724,9.1335,9.0378,98.952,84.9,False,
BAT-002,328,2023-03-11T22:49:31,3.479,3.9359,2.8537,1.6143,-1.4528,30.986,36.033,28.739,2.58436,2.54999,128.263,1.5934,1.7738,8.9911,8.8715,98.67,85.0,False,
BAT-002,329,2023-03-12T03:04:36,3.62,4.0091,2.9858,1.4759,-1.695,35.071,41.468,30.33,2.56896,2.54757,122.898,1.8178,1.4653,9.2996,9.2221,99.167,84.92,False,
BAT-002,330,2023-03-12T07:46:15,3.536,3.9179,2.9503,1.6017,-1.5755,32.482,37.129,30.303,2.57478,2.55125,121.695,1.6405,1.62,9.1044,9.0212,99.086,85.04,False,
BAT-002,331,2023-03-12T12:41:14,3.534,4.0334,2.85,1.5112,-1.5241,32.525,39.214,27.789,2.58308,2.54814,126.605,1.8595,1.6145,9.1286,9.0051,98.647,84.94,False,
BAT-002,332,2023-03-12T16:58:03,3.5356,4.0224,2.9465,1.3632,-1.5514,33.167,40.139,29.496,2.57483,2.54604,127.313,1.9294,1.6043,9.1036,9.0018,98.882,84.87,False,
BAT-002,333,2023-03-12T22:28:37,3.5775,4.0443,2.9235,1.4369,-1.3409,34.289,38.963,30.103,2.58289,2.55029,128.341,1.9646,1.8904,9.2403,9.1237,98.738,85.01,False,
BAT-002,334,2023-03-13T02:58:41,3.5462,4.01,2.8929,1.4619,-1.3408,31.666,39.141,29.26,2.56385,2.55085,129.153,1.7515,1.844,9.0918,9.0457,99.493,85.03,False,
BAT-002,335,2023-03-13T07:42:51,3.585,4.0294,2.995,1.6651,-1.6741,33.491,41.257,30.515,2.57597,2.5439,121.995,1.5991,1.5502,9.2349,9.1199,98.755,84.8,False,
BAT-002,336,2023-03-13T11:39:45,3.5391,3.9439,2.85,1.3705,-1.5035,31.739,35.648,29.457,2.56299,2.54852,129.969,1.9605,1.6498,9.0706,9.0194,99.435,84.95,False,
BAT-002,337,2023-03-13T16:37:55,3.4759,3.9186,2.85,1.4482,-1.2729,32.538,37.044,28.813,2.54601,2.5254,126.331,1.9164,1.9425,8.8497,8.7781,99.191,84.18,False,
BAT-002,338,2023-03-13T21:45:35,3.5606,4.0544,2.8711,1.635,-1.3911,30.722,34.903,28.255,2.56992,2.53816,128.868,1.5746,1.7797,9.1505,9.0374,98.764,84.61,False,
BAT-002,339,2023-03-14T02:36:31,3.4971,3.9515,2.85,1.4991,-1.3164,32.091,35.566,30.015,2.54989,2.52074,128.686,1.8642,1.8376,8.9173,8.8154,98.857,84.02,False,
BAT-002,340,2023-03-14T06:59:52,3.5751,3.945,2.9764,1.7302,-1.5903,35.044,39.614,30.209,2.58078,2.5511,126.854,1.494,1.6386,9.2267,9.1206,98.85,85.04,False,
BAT-002,341,2023-03-14T11:57:16,3.6113,4.1314,2.9926,1.5031,-1.3699,33.415,37.069,29.692,2.55518,2.53727,126.463,1.6527,1.9315,9.2274,9.1627,99.299,84.58,False,
BAT-002,342,2023-03-14T17:14:08,3.526,3.9889,2.8904,1.6597,-1.4289,32.508,36.045,29.53,2.57617,2.55578,128.508,1.6149,1.7233,9.0837,9.0118,99.209,85.19,False,
BAT-002,343,2023-03-14T21:53:57,3.5395,3.9556,2.9864,1.5345,-1.5835,33.888,40.564,30.135,2.56226,2.53199,127.566,1.7126,1.6149,9.0692,8.962,98.819,84.4,False,
BAT-002,344,2023-03-15T02:13:49,3.5114,3.891,2.8623,1.3013,-1.2968,32.591,39.963,30.444,2.56841,2.53596,127.459,2.0404,1.9823,9.0188,8.9048,98.737,84.53,False,
BAT-002,345,2023-03-15T08:09:06,3.5957,4.1314,2.8616,1.7743,-1.3465,33.737,40.052,31.631,2.54219,2.52695,128.361,1.4182,1.8217,9.141,9.0862,99.401,84.23,False,
BAT-002,346,2023-03-15T12:26:52,3.5596,3.9226,2.8811,1.6285,-1.6193,34.646,38.447,30.417,2.57673,2.54252,131.108,1.5352,1.5504,9.1721,9.0503,98.672,84.75,False,
BAT-002,347,2023-03-15T16:48:24,3.495,3.9027,2.85,1.7983,-1.4833,32.102,39.751,29.435,2.54071,2.52413,130.478,1.3803,1.7077,8.8799,8.822,99.348,84.14,False,
BAT-002,348,2023-03-15T21:02:08,3.6023,3.9815,3.0031,1.7662,-1.5153,33.203,36.59,28.847,2.53559,2.52192,134.391,1.486,1.6752,9.1339,9.0847,99.461,84.06,False,
BAT-002,349,2023-03-16T02:00:59,3.6219,4.1082,3.0415,1.386,-1.6508,30.776,33.897,26.451,2.53328,2.51666,125.807,1.8358,1.5088,9.1754,9.1152,99.344,83.89,False,
BAT-002,350,2023-03-16T07:03:39,3.5006,3.9143,2.85,1.7595,-1.6245,33.745,37.928,29.067,2.56122,2.53209,132.377,1.4818,1.591,8.9658,8.8638,98.863,84.4,False,
BAT-002,351,2023-03-16T11:52:28,3.5678,3.9878,2.9693,1.6625,-1.5929,33.805,37.543,29.138,2.53822,2.52261,129.156,1.6256,1.6156,9.0559,9.0002,99.385,84.09,False,
BAT-002,352,2023-03-16T16:05:07,3.5186,4.0554,2.8678,1.7191,-1.3418,32.911,38.694,28.139,2.54957,2.52414,127.925,1.4488,1.8256,8.9708,8.8813,99.002,84.14,False,
BAT-002,353,2023-03-16T21:16:59,3.4905,3.9508,2.85,1.5368,-1.5712,35.814,40.193,32.843,2.5641,2.53533,131.173,1.6659,1.6561,8.95,8.8496,98.878,84.51,False,
BAT-002,354,2023-03-17T01:37:37,3.6084,4.0535,3.005,1.558,-1.3312,31.599,36.544,29.212,2.54094,2.51713,127.201,1.6081,1.8974,9.1688,9.0829,99.063,83.9,False,
BAT-002,355,2023-03-17T07:00:25,3.6238,4.0037,2.951,1.6959,-1.584,34.981,41.641,31.231,2.54317,2.52388,131.674,1.4699,1.5226,9.2159,9.1459,99.241,84.13,False,
BAT-002,356,2023-03-17T11:03:14,3.6163,3.9802,2.9324,1.55,-1.2747,31.813,35.896,29.579,2.53935,2.51682,128.058,1.7406,1.9958,9.1831,9.1016,99.113,83.89,False,
BAT-002,357,2023-03-17T15:52:55,3.5902,4.035,2.9554,1.495,-1.2952,31.465,36.363,26.804,2.56349,2.52781,131.212,1.7202,2.018,9.2034,9.0753,98.608,84.26,False,
BAT-002,358,2023-03-17T20:56:12,3.549,4.0145,2.882,1.5127,-1.5788,33.074,38.339,29.258,2.5472,2.51689,129.442,1.8489,1.556,9.04,8.9324,98.81,83.9,False,
BAT-002,359,2023-03-18T01:11:22,3.5597,4.0879,2.9211,1.6038,-1.2563,34.219,37.556,31.117,2.53911,2.50926,128.588,1.6163,1.9464,9.0384,8.9322,98.825,83.64,False,
BAT-002,360,2023-03-18T05:46:36,3.4909,3.9802,2.85,1.6108,-1.2481,30.154,38.032,26.749,2.53548,2.51408,135.352,1.5208,2.0588,8.8511,8.7764,99.156,83.8,False,
BAT-002,361,2023-03-18T11:17:55,3.6258,4.0057,2.9097,1.3726,-1.3916,32.225,36.443,30.148,2.5377,2.50949,133.761,1.9135,1.7854,9.2013,9.099,98.888,83.65,False,
BAT-002,362,2023-03-18T16:19:30,3.6394,3.9899,2.9331,1.7137,-1.2294,32.759,39.064,30.321,2.53991,2.50381,134.168,1.5309,1.9844,9.2437,9.1124,98.579,83.46,False,
BAT-002,363,2023-03-18T20:21:53,3.6078,4.0454,2.9723,1.4409,-1.5126,33.796,40.439,30.726,2.51956,2.49481,130.231,1.6955,1.7092,9.0901,9.0008,99.018,83.16,False,
BAT-002,364,2023-03-19T01:30:42,3.601,4.0581,3.0394,1.3875,-1.5909,32.65,35.826,30.147,2.52582,2.49611,134.52,1.8418,1.6032,9.0955,8.9885,98.824,83.2,False,
BAT-002,365,2023-03-19T06:00:07,3.606,4.0391,3.0365,1.3263,-1.2323,34.072,41.25,30.441,2.56642,2.53203,134.28,2.1133,2.0626,9.2545,9.1305,98.66,84.4,False,
BAT-002,366,2023-03-19T11:37:15,3.6219,4.0116,2.9478,1.6191,-1.4813,30.755,37.025,26.358,2.53601,2.50989,131.659,1.5691,1.6969,9.185,9.0904,98.97,83.66,False,
BAT-002,367,2023-03-19T15:33:41,3.5279,4.018,2.9765,1.3918,-1.5751,31.989,35.12,27.097,2.52524,2.50994,132.764,1.7648,1.5952,8.9087,8.8548,99.394,83.66,False,
BAT-002,368,2023-03-19T19:47:38,3.5856,4.0986,2.9527,1.5207,-1.6434,33.616,36.73,30.998,2.5444,2.51233,131.616,1.7972,1.4757,9.1233,9.0083,98.739,83.74,False,
BAT-002,369,2023-03-19T23:59:41,3.5345,4.083,2.9518,1.725,-1.435,32.794,36.387,29.293,2.51997,2.50284,128.676,1.4653,1.6978,8.9068,8.8463,99.32,83.43,False,
BAT-002,370,2023-03-20T05:05:46,3.5171,3.9211,2.9301,1.3473,-1.2381,32.961,37.372,28.026,2.52852,2.49291,129.269,1.8344,1.9841,8.8931,8.7679,98.591,83.1,False,
BAT-002,371,2023-03-20T09:58:37,3.4672,3.9828,2.9172,1.5668,-1.3297,33.518,38.619,30.343,2.53525,2.50097,136.28,1.7537,1.8877,8.7903,8.6714,98.648,83.37,False,
BAT-002,372,2023-03-20T15:28:26,3.5429,3.9304,2.85,1.5902,-1.5059,32.542,38.314,28.539,2.52723,2.50591,135.524,1.6659,1.6165,8.9537,8.8781,99.156,83.53,False,
BAT-002,373,2023-03-20T20:07:48,3.4699,3.9113,2.85,1.6363,-1.5264,29.429,33.463,27.098,2.53652,2.508,129.609,1.6282,1.5997,8.8014,8.7024,98.876,83.6,False,
BAT-002,374,2023-03-21T00:01:47,3.5019,4.0361,2.85,1.4144,-1.6402,32.539,39.347,30.5,2.51759,2.49729,126.766,1.7995,1.4841,8.8164,8.7453,99.194,83.24,False,
BAT-002,375,2023-03-21T04:52:10,3.4723,3.8946,2.8893,1.4127,-1.3695,34.654,40.207,30.755,2.52313,2.49902,133.052,1.8128,1.8115,8.7611,8.6774,99.044,83.3,False,
BAT-002,376,2023-03-21T10:09:59,3.5161,4.0557,2.8601,1.7884,-1.355,34.414,38.969,32.402,2.52573,2.49769,132.516,1.5529,1.7954,8.8806,8.782,98.89,83.26,False,
BAT-002,377,2023-03-21T15:28:27,3.5691,4.0501,2.9803,1.3055,-1.3284,30.903,35.043,27.36,2.53211,2.49705,129.785,2.034,1.909,9.0374,8.9123,98.616,83.24,False,
BAT-002,378,2023-03-21T21:15:28,3.5156,3.9006,2.9353,1.4588,-1.4868,34.189,37.255,29.854,2.53992,2.50508,135.011,1.6998,1.6506,8.9293,8.8068,98.628,83.5,False,
BAT-002,379,2023-03-22T01:35:29,3.5051,4.0108,2.85,1.6298,-1.4951,32.373,36.647,30.173,2.52871,2.49724,134.027,1.5927,1.6303,8.8634,8.7531,98.755,83.24,False,
BAT-002,380,2023-03-22T05:59:27,3.5234,3.8817,2.9502,1.3483,-1.2309,34.31,38.095,29.766,2.51565,2.49522,138.058,2.0044,2.0846,8.8636,8.7917,99.188,83.17,False,
BAT-002,381,2023-03-22T11:30:07,3.6127,4.1235,2.9514,1.4065,-1.2423,31.868,35.327,29.36,2.5064,2.47574,131.791,1.6993,1.9531,9.0548,8.944,98.777,82.52,False,
BAT-002,382,2023-03-22T17:06:34,3.5151,3.992,2.9596,1.5557,-1.2181,31.755,39.434,27.033,2.50726,2.48882,131.788,1.5808,2.0928,8.8132,8.7484,99.265,82.96,False,
BAT-002,383,2023-03-22T22:28:21,3.5028,3.9846,2.8665,1.4241,-1.6236,35.169,43.143,30.789,2.52124,2.50223,129.757,1.9128,1.5833,8.8313,8.7648,99.246,83.41,False,
BAT-002,384,2023-03-23T02:37:39,3.4894,3.9748,2.9244,1.5444,-1.2871,33.877,37.458,31.284,2.50611,2.48397,137.474,1.7373,1.8787,8.7449,8.6677,99.117,82.8,False,
BAT-002,385,2023-03-23T07:50:57,3.6209,4.0196,2.9636,1.4928,-1.5951,35.542,41.175,32.187,2.49955,2.48131,131.381,1.6768,1.6292,9.0506,8.9845,99.27,82.71,False,
BAT-002,386,2023-03-23T12:22:48,3.5576,4.0437,2.85,1.5493,-1.3654,33.902,38.535,31.547,2.52738,2.49079,129.037,1.7403,1.7521,8.9914,8.8612,98.552,83.03,False,
BAT-002,387,2023-03-23T16:58:12,3.4913,3.8537,2.8586,1.6159,-1.385,32.568,36.588,28.861,2.50363,2.48389,130.343,1.5032,1.8465,8.7408,8.6719,99.212,82.8,False,
BAT-002,388,2023-03-23T21:41:44,3.5963,3.9881,2.8988,1.3736,-1.3228,32.869,39.513,30.714,2.50975,2.49591,132.363,1.7705,1.8767,9.0259,8.9761,99.448,83.2,False,
BAT-002,389,2023-03-24T02:43:54,3.6232,4.0059,3.0204,1.3741,-1.3971,31.978,36.713,29.531,2.5178,2.48925,133.388,1.8844,1.8693,9.1226,9.0192,98.866,82.97,False,
BAT-002,390,2023-03-24T07:16:04,3.5657,3.9682,2.9305,1.3476,-1.5535,31.997,36.534,28.298,2.51447,2.48163,131.209,1.8375,1.538,8.966,8.8489,98.694,82.72,False,
BAT-002,391,2023-03-24T12:08:19,3.5962,4.02,2.8961,1.5551,-1.3005,31.347,36.048,29.039,2.51081,2.47903,132.5,1.6346,1.9203,9.0294,8.9151,98.734,82.63,False,
BAT-002,392,2023-03-24T17:06:30,3.5249,4.0221,2.9537,1.6029,-1.4985,34.251,37.624,31.643,2.49549,2.46977,132.591,1.6914,1.6601,8.7963,8.7056,98.969,82.33,False,
BAT-002,393,2023-03-24T21:38:47,3.6074,4.153,3.0245,1.4331,-1.2483,32.273,40.194,29.382,2.51924,2.48439,133.303,1.7558,1.9462,9.088,8.9623,98.617,82.81,False,
BAT-002,394,2023-03-25T02:04:51,3.6188,4.0747,2.8702,1.7263,-1.5576,32.713,36.055,28.331,2.49175,2.47786,135.092,1.4527,1.6176,9.0171,8.9668,99.442,82.6,False,
BAT-002,395,2023-03-25T06:45:36,3.6266,3.9891,2.8848,1.6403,-1.4704,31.672,36.727,26.716,2.49138,2.47546,133.398,1.6383,1.6465,9.0353,8.9775,99.361,82.52,False,
BAT-002,396,2023-03-25T11:06:05,3.548,3.9925,2.85,1.629,-1.4591,33.668,39.955,29.74,2.49689,2.46827,134.224,1.4848,1.7417,8.859,8.7575,98.854,82.28,False,
BAT-002,397,2023-03-25T15:31:42,3.5869,3.9475,2.9524,1.4114,-1.2998,33.943,37.0,29.036,2.51362,2.48077,132.609,1.7975,1.8702,9.0161,8.8983,98.693,82.69,False,
BAT-002,398,2023-03-25T21:04:33,3.6175,3.9838,2.8687,1.3044,-1.5541,30.358,36.121,26.001,2.50447,2.47687,130.924,2.1098,1.5216,9.0599,8.96,98.898,82.56,False,
BAT-002,399,2023-03-26T02:07:45,3.546,4.0669,2.85,1.3498,-1.5758,31.543,34.577,28.761,2.49505,2.4751,134.682,1.9931,1.5143,8.8476,8.7768,99.201,82.5,False,
BAT-002,400,2023-03-26T06:19:57,3.5112,3.9859,2.85,1.3489,-1.4291,32.333,36.662,29.825,2.47988,2.45761,133.415,1.8518,1.6911,8.7074,8.6291,99.102,81.92,False,
BAT-002,401,2023-03-26T10:39:13,3.4717,3.9328,2.85,1.5062,-1.591,33.908,39.803,29.127,2.50392,2.47954,129.172,1.7352,1.5914,8.6928,8.6082,99.026,82.65,False,
BAT-002,402,2023-03-26T15:47:39,3.5527,4.0008,2.9365,1.5686,-1.2322,31.536,35.281,29.452,2.47681,2.45939,136.76,1.6711,1.9611,8.7994,8.7375,99.297,81.98,False,
BAT-002,403,2023-03-26T20:10:45,3.5249,4.0126,2.9528,1.4096,-1.2952,34.732,38.533,31.691,2.48629,2.46598,134.709,1.74,1.8205,8.7639,8.6923,99.183,82.2,False,
BAT-002,404,2023-03-27T01:32:44,3.494,3.8563,2.851,1.7719,-1.2795,35.632,41.634,30.692,2.47283,2.45819,135.053,1.4066,1.9498,8.64,8.5889,99.408,81.94,False,
BAT-002,405,2023-03-27T05:37:49,3.4864,3.8839,2.85,1.6738,-1.6241,30.735,36.032,26.724,2.47817,2.45966,131.99,1.4106,1.5759,8.6399,8.5753,99.253,81.99,False,
BAT-002,406,2023-03-27T10:02:25,3.621,4.0731,2.9968,1.7728,-1.5171,32.243,38.234,28.353,2.47891,2.45596,134.616,1.478,1.6275,8.9761,8.8931,99.074,81.87,False,
BAT-002,407,2023-03-27T14:57:32,3.5822,4.0369,2.8541,1.3465,-1.3437,30.093,37.79,26.815,2.47266,2.44958,137.025,1.7976,1.8085,8.8576,8.775,99.067,81.65,False,
BAT-002,408,2023-03-27T19:44:57,3.5968,4.0793,2.9714,1.4682,-1.3758,34.809,39.785,30.991,2.48016,2.4611,135.839,1.7372,1.8562,8.9208,8.8522,99.232,82.04,False,
BAT-002,409,2023-03-28T00:23:47,3.5697,4.1169,2.8754,1.3053,-1.6197,35.657,41.462,32.949,2.48475,2.45183,134.707,1.8511,1.5332,8.8699,8.7523,98.675,81.73,False,
BAT-002,410,2023-03-28T04:56:26,3.5136,3.8732,2.8852,1.3863,-1.503,32.192,39.05,29.849,2.47077,2.45208,134.674,1.8418,1.6468,8.6812,8.6156,99.243,81.74,False,
BAT-002,411,2023-03-28T08:57:44,3.6419,4.1325,2.9533,1.6347,-1.4581,34.017,39.526,29.502,2.48014,2.46026,132.563,1.501,1.739,9.0323,8.9599,99.198,82.01,False,
BAT-002,412,2023-03-28T14:11:49,3.4817,3.9001,2.85,1.5061,-1.2045,36.02,39.232,32.738,2.47843,2.45866,137.242,1.7707,2.0898,8.6292,8.5603,99.202,81.96,False,
BAT-002,413,2023-03-28T19:44:27,3.5446,4.0142,2.8505,1.6055,-1.573,35.847,42.654,33.223,2.47092,2.44956,135.496,1.6645,1.5175,8.7583,8.6826,99.136,81.65,False,
BAT-002,414,2023-03-29T00:09:39,3.496,4.0286,2.8827,1.554,-1.6309,32.748,39.904,29.408,2.45198,2.43328,139.75,1.6031,1.4408,8.5722,8.5068,99.237,81.11,False,
BAT-002,415,2023-03-29T03:53:32,3.6075,4.0426,2.8786,1.7481,-1.4624,32.924,36.784,30.11,2.47401,2.4416,135.933,1.5102,1.6403,8.9251,8.8081,98.69,81.39,False,
BAT-002,416,2023-03-29T08:35:05,3.5652,4.1134,2.85,1.6479,-1.2769,34.108,41.571,29.448,2.4661,2.4422,134.581,1.5292,1.8497,8.7922,8.707,99.031,81.41,False,
BAT-002,417,2023-03-29T13:35:42,3.5466,4.0345,2.867,1.5544,-1.227,34.094,39.153,30.746,2.4707,2.45001,136.186,1.6187,1.9698,8.7625,8.6891,99.163,81.67,False,
BAT-002,418,2023-03-29T18:41:44,3.6389,4.0022,2.9764,1.4657,-1.6765,33.636,39.171,30.347,2.4833,2.44965,132.159,1.8627,1.4856,9.0365,8.914,98.645,81.65,False,
BAT-002,419,2023-03-29T23:18:53,3.5629,4.0236,2.8964,1.5387,-1.5813,33.316,40.576,30.335,2.46351,2.44336,139.024,1.6873,1.6059,8.7772,8.7054,99.182,81.45,False,
BAT-002,420,2023-03-30T04:15:41,3.4867,3.9983,2.9321,1.7739,-1.4229,32.699,39.64,27.997,2.45504,2.42578,135.042,1.4878,1.7856,8.56,8.4579,98.808,80.86,False,
BAT-002,421,2023-03-30T08:58:43,3.5483,3.9827,2.859,1.4134,-1.6004,54.508,58.358,50.052,2.2654,2.25061,166.794,1.5855,1.4687,8.0383,7.9858,99.347,75.02,True,capacity_drop
BAT-002,422,2023-03-30T13:59:25,3.6163,4.1617,2.9908,1.3294,-1.6992,33.412,40.04,31.41,2.47288,2.44598,135.752,1.9228,1.4198,8.9427,8.8454,98.912,81.53,False,
BAT-002,423,2023-03-30T18:24:18,3.5284,3.9939,2.85,1.6386,-1.321,34.123,41.286,29.506,2.46923,2.45024,135.343,1.6529,1.9401,8.7125,8.6455,99.231,81.67,False,
BAT-002,424,2023-03-30T23:26:55,3.6358,4.069,3.0103,1.4458,-1.3835,35.136,41.643,32.386,2.46277,2.43964,138.241,1.8001,1.7421,8.9542,8.8701,99.061,81.32,False,
BAT-002,425,2023-03-31T04:19:39,3.5942,4.0224,2.9061,1.4194,-1.4387,31.616,38.048,26.88,2.45118,2.42639,141.094,1.7196,1.7447,8.8101,8.721,98.989,80.88,False,
BAT-002,426,2023-03-31T08:45:30,3.609,4.0143,2.8605,1.7685,-1.4151,34.328,38.845,29.819,2.47389,2.44147,139.113,1.5284,1.7825,8.9284,8.8114,98.689,81.38,False,
BAT-002,427,2023-03-31T13:09:52,3.5087,3.8893,2.9176,1.6769,-1.3909,31.462,37.454,26.582,2.47261,2.44771,136.608,1.5681,1.7855,8.6758,8.5884,98.993,81.59,False,
BAT-002,428,2023-03-31T18:08:02,3.5737,4.0027,2.9695,1.4776,-1.4143,35.588,41.088,33.265,2.45818,2.42926,141.105,1.6653,1.6964,8.7848,8.6814,98.824,80.98,False,
BAT-002,429,2023-03-31T23:03:21,3.5671,4.0161,2.9023,1.7667,-1.5278,34.06,38.964,29.68,2.45007,2.43769,140.294,1.3717,1.6634,8.7398,8.6956,99.495,81.26,False,
BAT-002,430,2023-04-01T03:23:04,3.6487,4.0628,2.9449,1.4111,-1.3923,36.632,44.476,33.314,2.46438,2.44624,138.292,1.789,1.7079,8.9917,8.9255,99.264,81.54,False,
BAT-002,431,2023-04-01T07:59:10,3.5839,4.0291,2.9776,1.5,-1.4734,34.176,41.878,31.18,2.46054,2.42756,137.659,1.7022,1.7138,8.8183,8.7001,98.66,80.92,False,
BAT-002,432,2023-04-01T12:20:15,3.5943,4.0405,2.9248,1.7872,-1.3256,34.542,40.073,32.011,2.47339,2.43786,141.049,1.4483,1.8929,8.89,8.7623,98.563,81.26,False,
BAT-002,433,2023-04-01T17:01:55,3.5864,3.991,2.9471,1.7548,-1.2254,34.257,41.159,30.026,2.45033,2.4293,135.991,1.5049,2.0298,8.7878,8.7124,99.142,80.98,False,
BAT-002,434,2023-04-01T22:29:14,3.581,4.0044,2.9205,1.6774,-1.4718,33.494,40.682,30.698,2.46913,2.44168,142.489,1.5345,1.6685,8.842,8.7437,98.888,81.39,False,
BAT-002,435,2023-04-02T02:31:52,3.5508,3.9983,2.85,1.5856,-1.3594,35.037,38.815,32.056,2.44099,2.41566,136.048,1.5634,1.8192,8.6676,8.5776,98.962,80.52,False,
BAT-002,436,2023-04-02T07:40:03,3.6253,4.1309,3.0373,1.4569,-1.6682,35.384,41.078,30.637,2.44976,2.41851,138.41,1.8179,1.4828,8.8812,8.768,98.724,80.62,False,
BAT-002,437,2023-04-02T12:47:29,3.4606,3.9694,2.85,1.3433,-1.334,32.794,37.4,28.161,2.46417,2.43356,134.699,1.9248,1.8671,8.5274,8.4215,98.758,81.12,False,
BAT-002,438,2023-04-02T17:06:14,3.628,4.1726,3.0751,1.4629,-1.5875,28.706,36.311,26.051,2.45024,2.43036,141.16,1.7911,1.4853,8.8894,8.8173,99.189,81.01,False,
BAT-002,439,2023-04-02T21:10:33,3.5769,3.9382,3.0135,1.7098,-1.3184,34.973,41.023,31.221,2.45367,2.41872,134.581,1.4517,1.7436,8.7765,8.6514,98.576,80.62,False,
BAT-002,440,2023-04-03T01:32:44,3.6309,4.0725,2.9982,1.7209,-1.4704,36.246,40.259,34.015,2.45089,2.43833,139.195,1.5008,1.6783,8.899,8.8534,99.487,81.28,False,
BAT-002,441,2023-04-03T06:28:24,3.6183,4.1448,2.8691,1.5018,-1.5585,35.402,39.273,31.492,2.46078,2.43326,139.208,1.6619,1.5536,8.9038,8.8042,98.882,81.11,False,
BAT-002,442,2023-04-03T10:27:32,3.5038,3.8739,2.886,1.4862,-1.6417,33.431,39.423,28.807,2.46161,2.43247,138.903,1.6793,1.5385,8.6251,8.523,98.816,81.08,False,
BAT-002,443,2023-04-03T14:22:53,3.638,4.1132,3.0324,1.7656,-1.4358,33.679,41.617,30.41,2.44365,2.4292,139.25,1.392,1.6132,8.8901,8.8375,99.409,80.97,False,
BAT-002,444,2023-04-03T18:09:15,3.4575,3.9515,2.85,1.5649,-1.4891,34.558,41.874,31.549,2.43993,2.41618,136.775,1.5887,1.6446,8.4361,8.3541,99.027,80.54,False,
BAT-002,445,2023-04-03T22:21:31,3.5332,3.8986,2.9763,1.332,-1.2616,33.297,40.443,30.271,2.4496,2.41421,138.936,1.865,1.9327,8.6548,8.5298,98.555,80.47,False,
BAT-002,446,2023-04-04T03:06:35,3.5375,4.0648,2.85,1.7312,-1.2029,33.979,39.845,31.697,2.44192,2.42047,139.068,1.5373,2.0678,8.6383,8.5624,99.121,80.68,False,
BAT-002,447,2023-04-04T07:25:58,3.4989,4.0424,2.85,1.4296,-1.5882,34.006,41.594,29.208,2.43768,2.42251,136.043,1.8515,1.5465,8.5291,8.476,99.378,80.75,False,
BAT-002,448,2023-04-04T11:50:40,3.5462,4.0193,2.85,1.5455,-1.4769,34.832,41.369,32.529,2.42378,2.40879,140.466,1.5013,1.654,8.5952,8.542,99.381,80.29,False,
BAT-002,449,2023-04-04T16:18:08,3.5807,4.0198,2.852,1.6688,-1.3097,34.584,38.245,32.002,2.42921,2.40911,139.859,1.5388,1.7706,8.6983,8.6263,99.173,80.3,False,
BAT-002,450,2023-04-04T20:31:55,3.6267,4.1031,3.0009,1.6486,-1.3742,34.082,37.552,29.769,2.44262,2.41274,140.499,1.4263,1.7732,8.8586,8.7502,98.777,80.42,False,
BAT-002,451,2023-04-05T01:31:05,3.6164,4.0475,2.878,1.4075,-1.4211,31.666,35.29,28.47,2.44963,2.42746,137.367,1.836,1.6806,8.8589,8.7788,99.095,80.92,False,
BAT-002,452,2023-04-05T06:34:08,3.5974,4.087,2.973,1.6539,-1.3069,33.421,37.049,30.912,2.4507,2.41739,138.17,1.5443,1.8195,8.816,8.6962,98.641,80.58,False,
BAT-002,453,2023-04-05T11:29:18,3.5966,3.9627,2.9323,1.6744,-1.3085,34.688,39.023,30.971,2.43112,2.40416,136.247,1.4591,1.8679,8.7439,8.6469,98.891,80.14,False,
BAT-002,454,2023-04-05T16:13:51,3.5823,3.9724,2.9722,1.768,-1.3632,34.572,38.28,32.475,2.42093,2.40285,140.101,1.3836,1.8151,8.6726,8.6078,99.253,80.1,False,
BAT-002,455,2023-04-05T20:36:18,3.5982,4.1188,2.9934,1.5504,-1.5384,35.229,42.308,32.294,2.42431,2.41111,137.702,1.5073,1.6089,8.7232,8.6757,99.455,80.37,False,
BAT-002,456,2023-04-06T01:16:44,3.5614,3.9602,2.9168,1.7551,-1.2515,32.869,38.31,28.19,2.43751,2.40404,138.425,1.4488,1.9538,8.681,8.5618,98.627,80.13,False,
BAT-002,457,2023-04-06T06:20:27,3.6361,4.1153,2.9594,1.5762,-1.5038,33.645,37.089,29.786,2.4381,2.41091,138.826,1.5424,1.5714,8.8651,8.7663,98.885,80.36,False,
BAT-002,458,2023-04-06T10:14:41,3.6283,4.0219,3.0476,1.4058,-1.2481,34.57,38.983,29.831,2.44241,2.40716,139.536,1.8104,1.9016,8.8618,8.7339,98.557,80.24,False,
BAT-002,459,2023-04-06T15:56:01,3.6446,4.1706,3.0817,1.577,-1.4513,34.782,38.217,32.717,2.42684,2.3962,138.712,1.5298,1.5774,8.8449,8.7333,98.738,79.87,False,
BAT-002,460,2023-04-06T20:10:32,3.4604,3.8396,2.85,1.5584,-1.665,32.162,39.075,27.974,2.4219,2.39522,141.321,1.5994,1.4624,8.3807,8.2884,98.898,79.84,False,
BAT-002,461,2023-04-06T23:57:15,3.5001,3.896,2.8531,1.4119,-1.5242,36.143,39.662,33.312,2.43744,2.40179,135.721,1.8414,1.5479,8.5313,8.4065,98.537,80.06,False,
BAT-002,462,2023-04-07T04:32:58,3.5912,4.07,2.951,1.7633,-1.691,33.916,41.493,31.506,2.42613,2.39527,141.152,1.4422,1.3737,8.7126,8.6018,98.728,79.84,False,
BAT-002,463,2023-04-07T08:16:51,3.6093,4.1445,2.8817,1.7245,-1.3148,33.534,40.215,28.606,2.4294,2.3996,144.383,1.3408,1.7936,8.7683,8.6608,98.773,79.99,False,
BAT-002,464,2023-04-07T12:25:44,3.5169,3.9483,2.9381,1.6054,-1.4613,32.105,38.848,27.147,2.43022,2.39862,138.596,1.4804,1.6844,8.547,8.4358,98.7,79.95,False,
BAT-002,465,2023-04-07T16:55:15,3.4687,3.9817,2.8862,1.6226,-1.5689,33.983,38.569,29.341,2.40696,2.38389,144.434,1.5522,1.553,8.349,8.269,99.042,79.46,False,
BAT-002,466,2023-04-07T21:30:15,3.5022,4.0308,2.85,1.5992,-1.2545,35.469,41.527,33.223,2.41941,2.40391,138.172,1.4626,2.0108,8.4732,8.4189,99.359,80.13,False,
BAT-002,467,2023-04-08T01:58:33,3.5545,4.007,3.0015,1.5413,-1.2276,36.291,39.86,33.64,2.4242,2.40612,139.729,1.6027,1.9003,8.6169,8.5527,99.254,80.2,False,
BAT-002,468,2023-04-08T06:47:16,3.5616,3.9372,2.8843,1.7321,-1.5938,36.399,43.002,33.217,2.42273,2.38805,142.519,1.5219,1.4572,8.6289,8.5053,98.568,79.6,False,
BAT-002,469,2023-04-08T11:08:33,3.492,3.8828,2.85,1.6503,-1.2907,36.621,41.93,32.989,2.42607,2.39323,140.93,1.6107,1.8833,8.4719,8.3572,98.646,79.77,False,
BAT-002,470,2023-04-08T16:01:09,3.5385,3.9946,2.8506,1.3897,-1.5008,36.011,39.936,32.034,2.40592,2.38921,139.269,1.6566,1.5969,8.5134,8.4543,99.306,79.64,False,
BAT-002,471,2023-04-08T20:53:06,3.493,3.9654,2.9102,1.6709,-1.466,37.637,45.384,34.161,2.40632,2.38643,140.443,1.5291,1.5819,8.4052,8.3357,99.173,79.55,False,
BAT-002,472,2023-04-09T00:42:06,3.5961,4.0158,2.8887,1.6084,-1.4536,33.86,39.584,29.044,2.40647,2.37855,141.407,1.605,1.6131,8.6538,8.5534,98.84,79.28,False,
BAT-002,473,2023-04-09T05:07:02,3.5314,4.0574,2.85,1.7012,-1.3379,34.157,37.321,30.889,2.41229,2.37909,138.372,1.4274,1.7846,8.5188,8.4016,98.624,79.3,False,
BAT-002,474,2023-04-09T09:40:12,3.4864,3.8747,2.8725,1.4386,-1.5543,34.032,38.529,29.538,2.41884,2.40192,142.957,1.6189,1.5865,8.433,8.374,99.3,80.06,False,
BAT-002,475,2023-04-09T13:44:53,3.5622,4.0752,2.9897,1.5078,-1.6319,34.219,39.71,30.545,2.38864,2.37662,139.26,1.6865,1.4971,8.5087,8.4659,99.497,79.22,False,
BAT-002,476,2023-04-09T18:45:50,3.5438,4.0581,2.8734,1.329,-1.5384,33.305,36.651,29.485,2.41381,2.39194,141.384,1.9249,1.5575,8.554,8.4765,99.094,79.73,False,
BAT-002,477,2023-04-09T22:45:17,3.5336,3.8861,2.9642,1.5257,-1.5793,33.299,38.904,30.233,2.38898,2.37693,139.453,1.498,1.5177,8.4418,8.3992,99.496,79.23,False,
BAT-002,478,2023-04-10T02:50:25,3.6194,4.0576,2.8906,1.5122,-1.4826,35.812,39.975,31.129,2.4016,2.3783,141.655,1.6033,1.6191,8.6923,8.608,99.029,79.28,False,
BAT-002,479,2023-04-10T07:03:17,3.5318,4.0049,2.9742,1.3838,-1.3048,32.276,36.51,29.863,2.38821,2.37516,139.054,1.7942,1.8647,8.4346,8.3885,99.454,79.17,False,
BAT-002,480,2023-04-10T12:14:30,3.5658,3.9642,2.9208,1.4189,-1.544,35.976,39.736,33.522,2.40755,2.37538,137.48,1.6443,1.5291,8.5848,8.4701,98.664,79.18,False,
BAT-002,481,2023-04-10T15:55:11,3.6384,4.1037,3.0048,1.6492,-1.6616,37.731,41.228,33.433,2.39054,2.37161,139.964,1.3793,1.4651,8.6979,8.629,99.208,79.05,False,
BAT-002,482,2023-04-10T19:23:29,3.5751,4.0953,2.9336,1.7981,-1.3788,33.509,40.739,30.262,2.41642,2.38584,143.693,1.4529,1.6545,8.6389,8.5296,98.735,79.53,False,
BAT-002,483,2023-04-10T23:09:56,3.5438,3.9685,2.9242,1.6217,-1.5261,37.453,42.554,33.525,2.40619,2.37997,142.948,1.4671,1.545,8.527,8.4341,98.91,79.33,False,
BAT-002,484,2023-04-11T03:35:53,3.5859,4.0994,2.9425,1.5365,-1.5853,34.437,38.629,32.122,2.38752,2.37491,146.432,1.6328,1.4936,8.5613,8.5161,99.472,79.16,False,
BAT-002,485,2023-04-11T08:26:19,3.5142,3.8832,2.85,1.3135,-1.4611,33.926,40.824,31.292,2.40625,2.38444,142.899,1.8959,1.6999,8.456,8.3793,99.093,79.48,False,
BAT-002,486,2023-04-11T13:30:30,3.4884,4.0009,2.8524,1.6792,-1.5528,34.901,39.518,30.722,2.39596,2.36529,140.523,1.4345,1.473,8.3582,8.2512,98.72,78.84,False,
BAT-002,487,2023-04-11T17:23:50,3.4996,4.0449,2.85,1.6648,-1.5865,33.792,40.786,28.907,2.38961,2.37103,144.573,1.5233,1.5262,8.3626,8.2976,99.223,79.03,False,
BAT-002,488,2023-04-11T21:35:42,3.5648,4.0358,3.0097,1.6613,-1.6645,34.767,42.074,30.291,2.38043,2.3665,145.483,1.5463,1.3996,8.4858,8.4362,99.415,78.88,False,
BAT-002,489,2023-04-12T01:45:08,3.5062,4.0102,2.85,1.5901,-1.2566,35.842,43.127,32.8,2.41655,2.38294,143.047,1.4672,1.8588,8.4729,8.355,98.609,79.43,False,
BAT-002,490,2023-04-12T06:47:17,3.6266,4.065,3.046,1.4523,-1.6073,34.368,39.546,29.687,2.398,2.382,143.127,1.6628,1.5359,8.6967,8.6387,99.333,79.4,False,
BAT-002,491,2023-04-12T10:32:03,3.5943,4.1074,2.9028,1.4271,-1.4331,35.136,41.075,30.48,2.38156,2.34972,143.492,1.704,1.5868,8.56,8.4456,98.663,78.32,False,
BAT-002,492,2023-04-12T14:38:49,3.4795,3.9895,2.85,1.7112,-1.2501,35.03,40.942,30.357,2.3899,2.3778,138.26,1.3464,1.8713,8.3157,8.2736,99.494,79.26,False,
BAT-002,493,2023-04-12T19:21:13,3.567,4.0887,2.85,1.7011,-1.6093,34.761,38.33,31.883,2.40585,2.37385,139.489,1.5506,1.4817,8.5816,8.4674,98.67,79.13,False,
BAT-002,494,2023-04-12T23:09:02,3.61,4.0507,3.0558,1.7441,-1.287,34.692,40.509,30.545,2.39035,2.36327,138.703,1.4307,1.7611,8.629,8.5313,98.867,78.78,False,
BAT-002,495,2023-04-13T03:23:33,3.5329,3.9123,2.85,1.3917,-1.464,36.798,42.984,34.16,2.39013,2.37057,143.246,1.8364,1.6311,8.4442,8.3751,99.182,79.02,False,
BAT-002,496,2023-04-13T08:47:46,3.5064,3.9344,2.85,1.3122,-1.4139,35.329,40.632,32.615,2.40076,2.37447,140.813,1.8655,1.7382,8.4179,8.3257,98.905,79.15,False,
BAT-002,497,2023-04-13T13:12:36,3.4697,3.8328,2.85,1.5208,-1.4092,34.905,40.749,32.47,2.4079,2.37254,143.414,1.6939,1.6821,8.3548,8.2321,98.532,79.08,False,
BAT-002,498,2023-04-13T17:56:09,3.5368,3.8985,2.85,1.5504,-1.4809,33.911,37.191,31.161,2.38095,2.36474,140.829,1.6329,1.5828,8.4209,8.3636,99.32,78.82,False,
BAT-002,499,2023-04-13T22:29:32,3.5154,4.0555,2.85,1.4557,-1.6734,36.216,44.121,31.709,2.37281,2.35992,144.359,1.6009,1.4243,8.3413,8.296,99.457,78.66,False,
BAT-002,500,2023-04-14T03:12:54,3.4881,3.9114,2.85,1.3977,-1.2971,35.408,38.95,31.405,2.38081,2.36066,143.009,1.7206,1.8512,8.3045,8.2342,99.153,78.69,False,
BAT-003,1,2023-01-02T10:00:00,3.5208,3.9833,2.9259,1.5296,-1.6012,23.212,29.214,18.278,3.00375,2.98715,86.027,2.0022,1.7797,10.5755,10.5171,99.448,99.57,False,
BAT-003,2,2023-01-02T15:30:39,3.5201,3.9307,2.8515,1.6758,-1.6689,25.656,29.408,21.887,3.00365,2.98347,89.595,1.7292,1.7646,10.5732,10.5021,99.328,99.45,False,
BAT-003,3,2023-01-02T20:26:29,3.571,3.9838,2.871,1.676,-1.3196,27.485,33.861,24.662,3.00826,2.98683,85.244,1.8268,2.2489,10.7426,10.6661,99.288,99.56,False,
BAT-003,4,2023-01-03T02:10:39,3.5875,4.0377,2.9291,1.4575,-1.3567,24.543,31.401,20.578,3.0191,2.98918,88.592,2.2426,2.1505,10.8309,10.7236,99.009,99.64,False,
BAT-003,5,2023-01-03T07:49:47,3.5704,3.9772,2.8996,1.7005,-1.2451,22.598,30.057,17.709,3.0246,2.98247,88.938,1.9054,2.346,10.7989,10.6485,98.607,99.42,False,
BAT-003,6,2023-01-03T13:27:13,3.6379,4.02,3.0738,1.6557,-1.2931,23.173,27.021,20.256,3.01463,2.97729,86.194,1.9868,2.2994,10.9671,10.8312,98.761,99.24,False,
BAT-003,7,2023-01-03T18:37:52,3.4909,3.8615,2.8772,1.6754,-1.2335,22.377,28.48,17.731,2.9944,2.97894,83.731,1.7472,2.4861,10.4533,10.3993,99.484,99.3,False,
BAT-003,8,2023-01-04T00:39:42,3.622,4.0145,3.039,1.7682,-1.2778,23.431,28.458,19.26,3.00828,2.96943,90.038,1.6397,2.3761,10.896,10.7552,98.708,98.98,False,
BAT-003,9,2023-01-04T05:56:43,3.4857,4.0317,2.9111,1.4004,-1.6048,26.808,30.919,22.791,3.00185,2.98133,92.791,2.1646,1.92,10.4636,10.392,99.316,99.38,False,
BAT-003,10,2023-01-04T11:29:14,3.5164,3.9495,2.8577,1.6669,-1.2303,22.529,26.005,18.354,3.00732,2.97466,85.919,1.8785,2.3761,10.5748,10.46,98.914,99.16,False,
BAT-003,11,2023-01-04T16:21:22,3.4943,3.8974,2.85,1.6414,-1.202,23.3,27.459,21.253,3.00428,2.97999,87.479,1.9089,2.4061,10.4978,10.413,99.192,99.33,False,
BAT-003,12,2023-01-04T22:31:14,3.5595,4.0129,2.85,1.5121,-1.4127,22.141,26.541,19.655,2.98303,2.96202,86.633,2.0454,2.1794,10.618,10.5432,99.296,98.73,False,
BAT-003,13,2023-01-05T04:20:57,3.5193,3.9274,2.85,1.5387,-1.5346,24.022,30.436,19.33,3.00452,2.97769,88.963,2.0917,1.9534,10.5738,10.4794,99.107,99.26,False,
BAT-003,14,2023-01-05T09:20:24,3.6225,4.1202,3.0065,1.7767,-1.2182,24.827,29.205,20.131,3.0129,2.97203,86.0,1.8223,2.3434,10.9141,10.7661,98.643,99.07,False,
BAT-003,15,2023-01-05T14:52:34,3.5059,3.9071,2.85,1.5772,-1.3076,24.537,31.652,21.741,2.97971,2.95855,93.392,2.0671,2.2101,10.4466,10.3724,99.29,98.62,False,
BAT-003,16,2023-01-05T20:05:32,3.5674,3.9656,2.9834,1.4793,-1.2731,26.034,32.621,21.645,2.98409,2.96438,86.753,2.1427,2.2687,10.6455,10.5752,99.34,98.81,False,
BAT-003,17,2023-01-06T01:12:52,3.4738,3.8638,2.85,1.3074,-1.4544,24.055,31.457,19.89,3.00939,2.96992,85.742,2.1991,2.1011,10.4541,10.317,98.688,99.0,False,
BAT-003,18,2023-01-06T07:12:06,3.508,3.928,2.8571,1.7769,-1.5078,25.442,33.15,21.341,3.00894,2.96654,91.574,1.6763,2.0474,10.5555,10.4067,98.591,98.88,False,
BAT-003,19,2023-01-06T11:56:30,3.5303,4.0123,2.85,1.3574,-1.3049,21.974,28.861,18.936,2.98703,2.95807,92.601,2.2085,2.2599,10.5451,10.4429,99.03,98.6,False,
BAT-003,20,2023-01-06T17:55:15,3.6013,4.1275,3.0427,1.3639,-1.2901,22.498,27.507,18.532,3.00266,2.96482,91.8,2.3862,2.3038,10.8136,10.6774,98.74,98.83,False,
BAT-003,21,2023-01-06T23:54:34,3.5374,3.9302,2.87,1.363,-1.2503,25.364,28.955,21.539,2.99661,2.95813,95.392,2.2047,2.4597,10.6001,10.464,98.716,98.6,False,
BAT-003,22,2023-01-07T06:08:07,3.5252,4.0188,2.9146,1.4758,-1.2782,26.424,34.208,23.174,3.00109,2.95979,91.626,2.2357,2.2407,10.5795,10.4339,98.624,98.66,False,
BAT-003,23,2023-01-07T12:18:21,3.5147,3.985,2.85,1.4874,-1.2815,24.105,29.959,20.398,2.98371,2.94868,93.529,1.9749,2.3587,10.4867,10.3636,98.826,98.29,False,
BAT-003,24,2023-01-07T17:16:17,3.572,4.01,2.8624,1.5547,-1.3429,25.28,33.0,22.993,2.98833,2.96092,90.959,2.0988,2.2656,10.6743,10.5764,99.083,98.7,False,
BAT-003,25,2023-01-07T22:17:45,3.6409,4.0926,3.0454,1.5705,-1.6013,21.76,27.527,18.696,2.96638,2.95059,93.949,2.0063,1.8799,10.8003,10.7428,99.468,98.35,False,
BAT-003,26,2023-01-08T03:43:49,3.5838,4.1072,2.9841,1.3279,-1.6813,26.495,34.01,22.658,2.97901,2.94662,91.176,2.4404,1.764,10.6763,10.5602,98.913,98.22,False,
BAT-003,27,2023-01-08T09:39:58,3.4688,4.0091,2.8637,1.6759,-1.4542,25.001,32.956,22.86,2.98646,2.95615,88.349,1.8485,2.0249,10.3593,10.2542,98.985,98.54,False,
BAT-003,28,2023-01-08T14:09:16,3.606,3.9762,2.9987,1.3686,-1.5988,23.48,26.494,19.851,2.99194,2.95664,90.337,2.2352,1.8757,10.789,10.6617,98.82,98.55,False,
BAT-003,29,2023-01-08T18:49:03,3.5813,3.9745,2.8947,1.3136,-1.4784,24.82,29.015,21.259,2.96244,2.93749,87.882,2.216,1.9997,10.6095,10.5201,99.158,97.92,False,
BAT-003,30,2023-01-08T23:45:24,3.5743,4.1155,2.9837,1.4043,-1.3524,24.076,29.11,21.171,2.96698,2.9373,92.94,2.242,2.0716,10.605,10.4989,99.0,97.91,False,
BAT-003,31,2023-01-09T05:23:36,3.5278,3.9827,2.951,1.7409,-1.5773,24.778,31.38,22.044,2.98314,2.94996,90.965,1.7386,1.8491,10.524,10.407,98.888,98.33,False,
BAT-003,32,2023-01-09T09:32:05,3.6121,4.0622,2.9051,1.6022,-1.2847,22.718,29.506,18.153,2.95701,2.93222,92.575,1.8415,2.1761,10.6809,10.5913,99.162,97.74,False,
BAT-003,33,2023-01-09T14:57:52,3.595,4.0619,2.8641,1.6209,-1.2909,23.973,30.442,19.04,2.9535,2.91615,94.198,1.7975,2.2214,10.6177,10.4835,98.735,97.2,False,
BAT-003,34,2023-01-09T20:42:56,3.5033,4.0153,2.9502,1.6734,-1.5663,24.241,29.288,22.156,2.9635,2.9303,93.387,1.8954,1.8008,10.382,10.2657,98.879,97.68,False,
BAT-003,35,2023-01-10T01:19:58,3.6484,4.0306,3.0108,1.6938,-1.6422,24.418,32.299,22.367,2.9475,2.92405,92.784,1.8148,1.7123,10.7537,10.6681,99.205,97.47,False,
BAT-003,36,2023-01-10T06:43:31,3.5912,4.0618,2.85,1.454,-1.2006,26.369,31.439,23.076,2.95813,2.93457,96.3,2.1502,2.4698,10.6233,10.5387,99.203,97.82,False,
BAT-003,37,2023-01-10T12:17:54,3.6103,3.9638,2.8884,1.6759,-1.6734,25.846,30.458,21.862,2.95114,2.91248,87.26,1.9174,1.8262,10.6545,10.5149,98.69,97.08,False,
BAT-003,38,2023-01-10T17:10:02,3.6041,4.0233,2.8615,1.3602,-1.447,25.956,31.638,21.682,2.94525,2.92563,92.164,2.2551,1.9364,10.615,10.5443,99.334,97.52,False,
BAT-003,39,2023-01-10T22:07:42,3.5221,4.0293,2.8726,1.5694,-1.4345,24.331,28.713,22.141,2.9547,2.91982,92.738,1.9884,1.989,10.4067,10.2838,98.82,97.33,False,
BAT-003,40,2023-01-11T03:03:13,3.5396,3.8907,2.85,1.5366,-1.5599,26.656,29.67,22.631,2.9577,2.93173,93.474,1.8629,1.8715,10.469,10.3771,99.122,97.72,False,
BAT-003,41,2023-01-11T08:33:29,3.5355,4.0029,2.8865,1.4077,-1.4452,24.864,32.861,21.867,2.97056,2.92696,92.7,2.1568,2.0829,10.5025,10.3483,98.532,97.57,False,
BAT-003,42,2023-01-11T14:22:01,3.5449,3.9039,2.8515,1.3024,-1.657,26.818,32.645,23.531,2.96397,2.92185,92.779,2.4992,1.805,10.5069,10.3576,98.579,97.4,False,
BAT-003,43,2023-01-11T20:22:56,3.5059,3.9807,2.8908,1.7865,-1.2466,25.157,30.562,21.901,2.92798,2.91278,92.934,1.5633,2.3899,10.2651,10.2119,99.481,97.09,False,
BAT-003,44,2023-01-12T01:59:34,3.5228,3.9596,2.85,1.6593,-1.2552,22.992,27.68,18.185,2.95096,2.92125,96.694,1.8505,2.2173,10.3957,10.291,98.993,97.38,False,
BAT-003,45,2023-01-12T07:39:43,3.5928,4.0632,2.957,1.3418,-1.6644,26.815,31.38,24.241,2.9547,2.91456,97.93,2.4198,1.8286,10.6155,10.4713,98.641,97.15,False,
BAT-003,46,2023-01-12T12:56:04,3.6373,4.1392,3.0693,1.6511,-1.6936,22.164,29.572,18.94,2.95054,2.91252,94.249,1.9581,1.7461,10.7319,10.5936,98.711,97.08,False,
BAT-003,47,2023-01-12T17:17:00,3.6383,4.1784,3.0683,1.6324,-1.6828,24.166,31.661,19.192,2.94406,2.92796,94.588,1.887,1.789,10.7113,10.6527,99.453,97.6,False,
BAT-003,48,2023-01-12T21:30:27,3.5955,4.1318,3.0278,1.7769,-1.2504,26.54,32.691,23.515,2.93673,2.91376,96.919,1.7393,2.3945,10.5591,10.4765,99.218,97.13,False,
BAT-003,49,2023-01-13T03:23:02,3.5527,3.9664,2.85,1.7743,-1.611,24.743,30.583,22.243,2.92334,2.90354,91.869,1.6581,1.7893,10.3858,10.3155,99.323,96.78,False,
BAT-003,50,2023-01-13T08:44:44,3.6346,4.1478,3.0412,1.3766,-1.6494,24.703,31.409,22.441,2.93108,2.90875,95.043,2.2202,1.7848,10.6532,10.5721,99.238,96.96,False,
BAT-003,51,2023-01-13T14:32:41,3.4967,3.9461,2.9311,1.7778,-1.3572,24.717,32.226,20.986,2.94737,2.91285,95.369,1.7573,2.0717,10.306,10.1853,98.829,97.09,False,
BAT-003,52,2023-01-13T19:28:51,3.4961,3.8484,2.8897,1.4234,-1.5822,23.459,27.348,19.755,2.92844,2.90661,92.581,2.0241,1.8234,10.2382,10.1619,99.255,96.89,False,
BAT-003,53,2023-01-14T01:09:38,3.4902,3.9537,2.85,1.7876,-1.3742,25.936,31.731,23.23,2.94288,2.90939,94.956,1.5771,2.1418,10.2711,10.1543,98.862,96.98,False,
BAT-003,54,2023-01-14T05:49:33,3.5615,4.0052,2.85,1.338,-1.6899,24.638,28.678,20.513,2.93154,2.89676,98.9,2.1094,1.6734,10.4407,10.3169,98.814,96.56,False,
BAT-003,55,2023-01-14T10:20:22,3.5404,4.084,2.9688,1.599,-1.4409,26.769,34.551,23.745,2.93745,2.90609,98.366,1.9515,2.0062,10.3998,10.2888,98.933,96.87,False,
BAT-003,56,2023-01-14T15:47:18,3.625,4.024,2.9692,1.6571,-1.3763,25.814,32.406,23.131,2.93633,2.91513,96.073,1.8233,2.0567,10.6443,10.5674,99.278,97.17,False,
BAT-003,57,2023-01-14T20:10:23,3.5154,4.055,2.85,1.7816,-1.6972,24.154,32.15,20.276,2.93746,2.90242,100.26,1.6893,1.7815,10.3263,10.2032,98.807,96.75,False,
BAT-003,58,2023-01-15T01:23:25,3.6212,4.032,2.9675,1.3381,-1.6806,22.807,26.76,19.995,2.90771,2.88456,96.508,2.3246,1.7394,10.5294,10.4456,99.204,96.15,False,
BAT-003,59,2023-01-15T06:39:04,3.5852,4.1314,2.8931,1.5118,-1.6803,25.734,32.434,21.433,2.92464,2.88425,96.343,1.9607,1.7178,10.4853,10.3405,98.619,96.14,False,
BAT-003,60,2023-01-15T11:07:01,3.6342,4.1502,3.028,1.3143,-1.2202,24.452,29.725,21.492,2.90748,2.88241,94.519,2.3235,2.3587,10.5665,10.4754,99.138,96.08,False,
BAT-003,61,2023-01-15T16:24:37,3.5078,3.997,2.85,1.6782,-1.4677,24.454,27.483,20.513,2.91803,2.90057,100.115,1.7274,1.9268,10.2359,10.1747,99.402,96.69,False,
BAT-003,62,2023-01-15T22:01:36,3.5226,3.9534,2.85,1.647,-1.4369,26.769,31.6,22.936,2.90167,2.8863,95.665,1.7409,1.9388,10.2214,10.1672,99.47,96.21,False,
BAT-003,63,2023-01-16T03:15:03,3.5661,4.1013,3.0114,1.506,-1.3021,22.458,30.106,18.052,2.93831,2.8977,99.804,1.94,2.3261,10.4782,10.3334,98.618,96.59,False,
BAT-003,64,2023-01-16T08:03:39,3.6152,4.0434,2.9743,1.3135,-1.632,24.519,28.516,21.292,2.91614,2.88393,99.83,2.3458,1.8327,10.5425,10.4261,98.895,96.13,False,
BAT-003,65,2023-01-16T13:03:44,3.3804,3.7527,2.85,1.3584,-1.3889,26.084,30.354,21.423,2.91931,2.88895,134.755,2.3344,2.1757,9.8686,9.7659,98.96,96.3,True,resistance_spike
BAT-003,66,2023-01-16T18:20:38,3.4748,3.9461,2.85,1.4294,-1.6668,25.561,28.948,22.339,2.90415,2.87188,97.072,1.9508,1.7946,10.0915,9.9793,98.889,95.73,False,
BAT-003,67,2023-01-16T23:42:13,3.633,4.1309,2.9892,1.3236,-1.2142,25.323,31.302,20.929,2.91909,2.88497,96.989,2.409,2.299,10.6051,10.4811,98.831,96.17,False,
BAT-003,68,2023-01-17T05:19:29,3.5421,4.0045,2.9412,1.3927,-1.3485,23.575,29.363,20.65,2.91794,2.87513,98.952,2.2195,2.1466,10.3355,10.1839,98.533,95.84,False,
BAT-003,69,2023-01-17T10:59:21,3.45,3.9005,2.8583,1.3008,-1.5535,25.719,32.046,22.407,2.8949,2.87129,98.609,2.3277,1.8615,9.9874,9.9059,99.184,95.71,False,
BAT-003,70,2023-01-17T16:02:12,3.5514,4.0982,2.85,1.4211,-1.6551,24.69,31.957,22.14,2.90535,2.87617,95.224,2.0727,1.8218,10.3179,10.2143,98.996,95.87,False,
BAT-003,71,2023-01-17T20:34:37,3.6373,4.1635,2.9135,1.3073,-1.3324,26.228,31.903,24.013,2.89367,2.86517,91.502,2.2319,2.218,10.5253,10.4216,99.015,95.51,False,
BAT-003,72,2023-01-18T01:47:12,3.5025,3.9765,2.9351,1.7115,-1.6033,26.712,34.153,21.834,2.89199,2.86448,101.868,1.6162,1.867,10.1293,10.033,99.049,95.48,False,
BAT-003,73,2023-01-18T06:11:21,3.5913,4.1398,3.0262,1.629,-1.3365,25.079,28.823,20.269,2.88687,2.86752,100.553,1.8653,2.0491,10.3677,10.2982,99.33,95.58,False,
BAT-003,74,2023-01-18T12:04:47,3.5842,4.0268,2.9317,1.3216,-1.4503,25.332,29.68,21.385,2.8978,2.87454,96.689,2.2242,1.9673,10.3862,10.3028,99.197,95.82,False,
BAT-003,75,2023-01-18T17:00:36,3.5143,3.9515,2.8815,1.7375,-1.5797,24.748,30.091,19.868,2.88631,2.86556,98.93,1.8164,1.8511,10.1433,10.0704,99.281,95.52,False,
BAT-003,76,2023-01-18T22:19:04,3.6367,4.0693,3.0194,1.7021,-1.5272,22.979,29.029,20.555,2.91545,2.87337,96.452,1.7549,1.8971,10.6026,10.4496,98.557,95.78,False,
BAT-003,77,2023-01-19T03:25:24,3.5694,4.0752,2.8703,1.4651,-1.2559,24.735,30.24,22.434,2.88224,2.86518,99.319,2.0267,2.3215,10.2879,10.227,99.408,95.51,False,
BAT-003,78,2023-01-19T08:45:05,3.5395,4.0892,2.9154,1.3101,-1.4465,24.537,32.001,20.402,2.89654,2.86441,98.698,2.2345,2.0322,10.2522,10.1385,98.891,95.48,False,
BAT-003,79,2023-01-19T14:01:48,3.5268,3.9692,2.9132,1.3186,-1.4095,25.164,30.196,22.332,2.90353,2.8628,104.21,2.2137,2.06,10.2402,10.0966,98.597,95.43,False,
BAT-003,80,2023-01-19T20:08:26,3.5023,3.8624,2.8823,1.7994,-1.3647,27.832,31.261,24.453,2.8979,2.86506,101.55,1.6149,2.0368,10.1492,10.0342,98.867,95.5,False,
BAT-003,81,2023-01-20T00:51:04,3.6036,4.15,3.0392,1.4382,-1.4084,22.401,28.131,18.697,2.88714,2.85883,101.862,2.177,1.9848,10.4042,10.3021,99.019,95.29,False,
BAT-003,82,2023-01-20T06:44:17,3.5259,4.0286,2.8805,1.3769,-1.5799,24.498,32.244,20.91,2.8829,2.85462,99.15,2.1946,1.8031,10.1647,10.065,99.019,95.15,False,
BAT-003,83,2023-01-20T12:15:25,3.6088,4.0551,2.9165,1.3634,-1.3631,28.264,31.371,23.996,2.87003,2.85184,106.239,2.0716,2.1617,10.3574,10.2917,99.366,95.06,False,
BAT-003,84,2023-01-20T18:20:49,3.6326,4.0584,3.0237,1.7518,-1.3131,26.504,30.475,22.574,2.89915,2.86452,101.868,1.6842,2.0953,10.5315,10.4058,98.806,95.48,False,
BAT-003,85,2023-01-20T22:48:55,3.5009,3.8703,2.85,1.6967,-1.6468,25.473,30.162,22.709,2.88908,2.85294,95.451,1.8467,1.6711,10.1143,9.9878,98.749,95.1,False,
BAT-003,86,2023-01-21T02:55:19,3.6496,4.0548,3.024,1.6911,-1.3071,23.26,28.822,18.91,2.88295,2.84707,103.628,1.8311,2.1735,10.5217,10.3908,98.755,94.9,False,
BAT-003,87,2023-01-21T08:32:19,3.5793,4.1233,2.85,1.6099,-1.6919,25.254,30.132,21.873,2.89601,2.85853,102.616,1.7213,1.6978,10.3656,10.2315,98.706,95.28,False,
BAT-003,88,2023-01-21T13:27:25,3.5955,3.9961,2.8772,1.3861,-1.2654,28.69,33.92,24.309,2.87783,2.85625,103.703,2.0605,2.1924,10.3472,10.2696,99.25,95.21,False,
BAT-003,89,2023-01-21T19:01:59,3.5228,3.8969,2.8504,1.5924,-1.4691,21.702,28.021,17.147,2.85369,2.83164,100.781,1.746,1.9881,10.0528,9.9752,99.227,94.39,False,
BAT-003,90,2023-01-21T23:21:34,3.4696,3.8271,2.85,1.3777,-1.6044,26.107,30.569,23.614,2.8655,2.83681,100.199,2.1037,1.8357,9.9422,9.8427,98.999,94.56,False,
BAT-003,91,2023-01-22T04:23:54,3.6186,4.0679,3.0072,1.5413,-1.3096,27.17,31.317,23.303,2.90388,2.8614,96.772,2.0046,2.2874,10.5079,10.3541,98.537,95.38,False,
BAT-003,92,2023-01-22T10:27:15,3.5161,4.0171,2.8946,1.3331,-1.4544,23.566,29.958,21.089,2.85346,2.8333,102.633,2.1987,2.0263,10.0331,9.9622,99.294,94.44,False,
BAT-003,93,2023-01-22T15:15:38,3.5,3.9145,2.9397,1.3416,-1.4288,25.201,32.099,20.604,2.87986,2.84512,102.53,2.0435,2.053,10.0796,9.958,98.793,94.84,False,
BAT-003,94,2023-01-22T21:19:44,3.6061,4.1331,2.9145,1.4462,-1.3122,25.524,30.389,22.536,2.87389,2.83911,108.049,1.9408,2.2384,10.3636,10.2382,98.79,94.64,False,
BAT-003,95,2023-01-23T03:03:57,3.4883,3.86,2.85,1.4396,-1.2129,23.231,28.069,20.202,2.85351,2.83261,101.883,1.9184,2.3729,9.9538,9.8809,99.268,94.42,False,
BAT-003,96,2023-01-23T08:23:43,3.5718,4.0611,2.9293,1.6443,-1.5318,25.525,32.018,22.739,2.88184,2.84963,101.97,1.8074,1.788,10.2933,10.1782,98.882,94.99,False,
BAT-003,97,2023-01-23T12:31:30,3.501,3.931,2.85,1.7043,-1.2734,26.005,31.16,22.919,2.85479,2.83612,101.57,1.7158,2.2651,9.9946,9.9292,99.346,94.54,False,
BAT-003,98,2023-01-23T17:58:02,3.606,4.015,2.8991,1.7067,-1.4454,27.737,34.668,24.514,2.86059,2.82653,104.831,1.6446,1.9803,10.3153,10.1925,98.809,94.22,False,
BAT-003,99,2023-01-23T22:44:51,3.5601,3.9331,2.8622,1.6241,-1.4469,25.919,33.693,21.186,2.87038,2.82841,105.657,1.7086,1.9292,10.2189,10.0695,98.538,94.28,False,
BAT-003,100,2023-01-24T03:39:38,3.6198,4.024,2.9478,1.478,-1.5112,26.124,33.103,21.261,2.86767,2.83041,102.866,1.922,1.8748,10.3803,10.2454,98.701,94.35,False,
BAT-003,101,2023-01-24T09:02:38,3.4687,3.9041,2.8834,1.3977,-1.5928,26.725,31.616,24.488,2.86564,2.82898,104.055,1.9788,1.8036,9.9402,9.813,98.721,94.3,False,
BAT-003,102,2023-01-24T13:52:57,3.59,3.9729,2.9418,1.5303,-1.4729,28.23,31.998,24.639,2.85081,2.82715,106.128,1.8467,1.9443,10.2345,10.1495,99.17,94.24,False,
BAT-003,103,2023-01-24T18:43:57,3.5012,3.9375,2.85,1.3967,-1.6382,26.953,30.472,23.358,2.87185,2.83902,103.331,2.155,1.7323,10.0549,9.9399,98.857,94.63,False,
BAT-003,104,2023-01-24T23:42:19,3.6059,4.1011,2.9267,1.7434,-1.5067,24.469,30.382,22.161,2.85287,2.81901,107.067,1.7875,1.8984,10.2872,10.1652,98.813,93.97,False,
BAT-003,105,2023-01-25T04:43:29,3.5786,4.0284,2.978,1.5629,-1.4308,28.732,36.204,24.454,2.84568,2.81706,106.111,1.8171,1.8779,10.1834,10.081,98.994,93.9,False,
BAT-003,106,2023-01-25T10:18:27,3.5463,4.0959,2.85,1.7913,-1.2719,27.048,34.527,23.023,2.86117,2.84334,104.041,1.6215,2.2392,10.1466,10.0834,99.377,94.78,False,
BAT-003,107,2023-01-25T14:43:34,3.5003,3.9625,2.8816,1.314,-1.5718,22.06,28.283,18.383,2.87283,2.83429,103.395,2.2184,1.8195,10.0558,9.9209,98.659,94.48,False,
BAT-003,108,2023-01-25T20:18:23,3.5554,3.9958,2.9176,1.4052,-1.5624,25.793,33.336,21.918,2.84356,2.8138,106.441,1.9373,1.8296,10.1099,10.0041,98.954,93.79,False,
BAT-003,109,2023-01-26T01:06:56,3.5783,4.0582,2.8532,1.38,-1.6521,25.182,29.698,20.188,2.85379,2.81339,109.393,2.1776,1.7725,10.2116,10.067,98.584,93.78,False,
BAT-003,110,2023-01-26T05:34:27,3.5914,3.9964,2.9036,1.3655,-1.612,23.754,29.181,20.232,2.84686,2.81275,104.681,2.1064,1.7179,10.2242,10.1017,98.802,93.76,False,
BAT-003,111,2023-01-26T11:12:28,3.5863,3.9691,2.9853,1.3521,-1.2801,24.957,31.836,21.332,2.84236,2.81693,102.66,2.0139,2.2281,10.1934,10.1022,99.105,93.9,False,
BAT-003,112,2023-01-26T17:08:34,3.462,3.9729,2.85,1.3447,-1.2539,27.985,33.361,24.808,2.83616,2.81519,103.688,2.185,2.1461,9.8189,9.7463,99.26,93.84,False,
BAT-003,113,2023-01-26T22:56:22,3.6424,4.0038,2.9584,1.3298,-1.3536,28.308,32.386,26.194,2.84025,2.80725,107.734,2.227,2.0295,10.3453,10.2251,98.838,93.57,False,
BAT-003,114,2023-01-27T04:29:43,3.4783,3.8596,2.8625,1.4787,-1.3032,28.807,35.649,24.426,2.84858,2.81518,104.654,2.1182,2.2542,9.9083,9.7921,98.827,93.84,False,
BAT-003,115,2023-01-27T10:01:10,3.6148,4.0046,2.977,1.7468,-1.4258,23.819,29.132,20.7,2.8281,2.81373,105.181,1.6452,2.0264,10.2231,10.1712,99.492,93.79,False,
BAT-003,116,2023-01-27T15:19:22,3.4568,3.8397,2.85,1.709,-1.5685,28.977,36.949,24.089,2.82606,2.80453,105.234,1.6377,1.7246,9.769,9.6946,99.238,93.48,False,
BAT-003,117,2023-01-27T19:24:54,3.5688,4.0379,2.8615,1.5858,-1.6255,23.797,31.091,20.027,2.82314,2.80624,99.779,1.7507,1.8088,10.0752,10.0149,99.401,93.54,False,
BAT-003,118,2023-01-28T00:53:03,3.5149,4.0397,2.85,1.7905,-1.6241,25.778,29.489,23.283,2.85787,2.81809,105.074,1.6298,1.7816,10.0452,9.9054,98.608,93.94,False,
BAT-003,119,2023-01-28T05:03:19,3.6488,4.1454,3.0217,1.4968,-1.2063,25.46,32.264,20.554,2.83665,2.80346,102.73,2.0541,2.228,10.3502,10.2292,98.83,93.45,False,
BAT-003,120,2023-01-28T11:18:29,3.6173,3.9981,3.0555,1.591,-1.4436,24.637,29.961,20.935,2.81861,2.80344,103.576,1.8752,1.9253,10.1958,10.1409,99.462,93.45,False,
BAT-003,121,2023-01-28T16:05:10,3.4607,3.9618,2.8705,1.5828,-1.4975,25.761,29.719,20.891,2.83152,2.79838,106.387,1.8358,1.8111,9.7991,9.6844,98.83,93.28,False,
BAT-003,122,2023-01-28T21:25:46,3.476,4.0206,2.85,1.7155,-1.2108,25.425,30.85,21.429,2.82545,2.79364,104.004,1.6531,2.3352,9.8213,9.7107,98.874,93.12,False,
BAT-003,123,2023-01-29T01:58:16,3.6218,4.0883,2.904,1.673,-1.2233,24.664,30.373,21.613,2.83986,2.80345,109.466,1.8045,2.398,10.2853,10.1535,98.718,93.45,False,
BAT-003,124,2023-01-29T06:53:40,3.6045,3.9625,2.915,1.7974,-1.2474,25.039,29.966,22.989,2.83664,2.80204,102.594,1.6201,2.1966,10.2248,10.1001,98.78,93.4,False,
BAT-003,125,2023-01-29T12:15:05,3.6009,4.0316,2.9612,1.7913,-1.2711,27.446,33.282,22.804,2.82094,2.79352,109.057,1.5651,2.153,10.158,10.0593,99.028,93.12,False,
BAT-003,126,2023-01-29T16:57:29,3.5175,3.9232,2.8858,1.5739,-1.2343,26.452,33.579,23.812,2.81797,2.79922,102.845,1.9154,2.2365,9.9121,9.8461,99.335,93.31,False,
BAT-003,127,2023-01-29T22:14:40,3.5567,4.0097,2.8703,1.3463,-1.6599,26.309,29.792,21.702,2.82748,2.78866,106.133,2.2294,1.6486,10.0564,9.9183,98.627,92.96,False,
BAT-003,128,2023-01-30T03:24:17,3.5682,4.1158,3.0041,1.5518,-1.6368,25.839,31.025,22.086,2.82404,2.78318,104.518,1.8726,1.7399,10.0768,9.931,98.553,92.77,False,
BAT-003,129,2023-01-30T07:36:56,3.5491,4.0919,2.85,1.4739,-1.335,28.328,36.264,25.457,2.81273,2.79087,107.617,2.0844,2.0551,9.9826,9.9051,99.223,93.03,False,
BAT-003,130,2023-01-30T13:18:40,3.484,3.8547,2.8806,1.7605,-1.5293,27.67,33.63,25.128,2.8089,2.79256,104.664,1.7251,1.7439,9.7862,9.7293,99.418,93.09,False,
BAT-003,131,2023-01-30T18:04:29,3.6284,4.0258,3.0542,1.7368,-1.2406,25.884,30.72,20.897,2.81657,2.78331,109.001,1.6644,2.2545,10.2197,10.099,98.819,92.78,False,
BAT-003,132,2023-01-30T23:52:14,3.583,3.9445,2.8895,1.6501,-1.2584,29.479,36.14,27.03,2.82706,2.79675,105.723,1.8051,2.271,10.1294,10.0208,98.928,93.23,False,
BAT-003,133,2023-01-31T04:58:36,3.5773,4.0726,2.9644,1.7193,-1.2379,26.288,32.031,23.308,2.81184,2.78751,104.545,1.7917,2.1634,10.0587,9.9717,99.135,92.92,False,
BAT-003,134,2023-01-31T09:38:10,3.5169,4.0405,2.853,1.4224,-1.3967,26.546,33.98,24.338,2.81571,2.78744,107.653,2.0748,1.9265,9.9027,9.8033,98.996,92.91,False,
BAT-003,135,2023-01-31T14:27:14,3.6029,4.108,2.8945,1.5536,-1.6735,24.246,29.771,21.29,2.81285,2.77415,108.751,1.9433,1.5886,10.1344,9.995,98.624,92.47,False,
BAT-003,136,2023-01-31T19:08:10,3.4912,3.8985,2.8606,1.5728,-1.6704,25.615,29.541,20.966,2.80444,2.78184,109.825,1.9198,1.7062,9.7908,9.7119,99.194,92.73,False,
BAT-003,137,2023-02-01T00:02:15,3.5221,3.9183,2.8509,1.3562,-1.5277,27.785,32.376,25.539,2.82481,2.791,107.062,2.0225,1.801,9.9491,9.83,98.803,93.03,False,
BAT-003,138,2023-02-01T05:34:52,3.5141,3.9574,2.8654,1.4628,-1.3713,27.376,33.48,24.42,2.81963,2.78158,103.738,1.8655,2.0444,9.9083,9.7746,98.651,92.72,False,
BAT-003,139,2023-02-01T11:06:00,3.6003,4.0444,2.9628,1.6261,-1.2625,24.956,32.691,21.841,2.79895,2.78493,108.714,1.7223,2.1018,10.0771,10.0266,99.499,92.83,False,
BAT-003,140,2023-02-01T15:30:37,3.632,4.0943,2.9464,1.4795,-1.4645,26.145,30.114,21.162,2.81249,2.7716,107.665,1.864,1.7999,10.2149,10.0664,98.546,92.39,False,
BAT-003,141,2023-02-01T21:05:26,3.4697,3.8984,2.85,1.5288,-1.6395,26.658,31.244,21.779,2.80635,2.78136,108.582,1.982,1.769,9.7373,9.6506,99.109,92.71,False,
BAT-003,142,2023-02-02T02:24:04,3.554,4.0481,2.9615,1.4924,-1.6839,25.813,32.386,20.876,2.80045,2.78111,109.11,1.812,1.6139,9.9529,9.8842,99.31,92.7,False,
BAT-003,143,2023-02-02T07:08:51,3.491,3.9055,2.8971,1.7201,-1.2134,25.851,33.459,21.961,2.80763,2.77965,110.203,1.7038,2.2103,9.8014,9.7037,99.004,92.65,False,
BAT-003,144,2023-02-02T12:24:51,3.4669,3.9481,2.85,1.3728,-1.2007,26.626,32.372,23.023,2.79308,2.77287,108.897,1.9728,2.3357,9.6833,9.6132,99.276,92.43,False,
BAT-003,145,2023-02-02T18:43:16,3.6285,3.9867,3.0375,1.3579,-1.5862,25.757,33.27,23.695,2.81267,2.78406,114.852,2.155,1.7158,10.2058,10.102,98.983,92.8,False,
BAT-003,146,2023-02-02T23:47:52,3.5496,4.0848,2.85,1.6684,-1.4439,27.084,32.516,22.293,2.80855,2.77391,111.196,1.802,1.854,9.9693,9.8463,98.767,92.46,False,
BAT-003,147,2023-02-03T04:01:27,3.6398,4.0593,2.9768,1.3142,-1.4896,26.541,29.563,22.005,2.79025,2.75755,105.057,2.2724,1.7782,10.1558,10.0368,98.828,91.92,False,
BAT-003,148,2023-02-03T09:50:42,3.5064,3.9056,2.8913,1.7654,-1.5647,28.181,35.961,26.164,2.79328,2.76587,106.74,1.5611,1.7956,9.7943,9.6982,99.019,92.2,False,
BAT-003,149,2023-02-03T14:21:33,3.5705,4.0477,2.9574,1.3118,-1.6445,26.775,32.184,24.713,2.81498,2.77937,106.902,2.2256,1.659,10.0509,9.9237,98.735,92.65,False,
BAT-003,150,2023-02-03T19:01:03,3.5029,3.9519,2.8673,1.3729,-1.6379,27.269,31.467,23.405,2.78786,2.76905,110.873,2.143,1.7415,9.7655,9.6996,99.325,92.3,False,
BAT-003,151,2023-02-04T00:01:03,3.5364,3.8898,2.85,1.3303,-1.3354,24.776,31.452,21.041,2.76605,2.7444,111.829,2.1814,1.9723,9.7819,9.7054,99.218,91.48,False,
BAT-003,152,2023-02-04T05:53:03,3.5714,3.95,2.9488,1.6906,-1.3063,25.561,30.038,21.68,2.80237,2.76215,106.845,1.7286,2.1083,10.0083,9.8647,98.565,92.07,False,
BAT-003,153,2023-02-04T11:12:14,3.5796,3.9438,2.9977,1.6034,-1.6636,26.868,32.588,24.111,2.78503,2.75421,107.321,1.7965,1.6969,9.9694,9.859,98.893,91.81,False,
BAT-003,154,2023-02-04T16:18:02,3.5536,4.0878,2.85,1.3538,-1.3216,27.817,35.632,25.488,2.80241,2.76702,110.185,2.1429,2.0604,9.9586,9.8328,98.737,92.23,False,
BAT-003,155,2023-02-04T21:58:25,3.4777,3.8701,2.85,1.4737,-1.5049,26.138,31.983,24.114,2.77562,2.75522,111.702,1.8951,1.8906,9.6527,9.5817,99.265,91.84,False,
BAT-003,156,2023-02-05T02:57:13,3.5345,4.0599,2.9003,1.4829,-1.5383,26.179,30.109,23.456,2.7917,2.76586,112.373,1.8298,1.8449,9.8674,9.776,99.074,92.2,False,
BAT-003,157,2023-02-05T08:12:00,3.633,4.0439,3.0134,1.6125,-1.2682,25.275,32.177,21.649,2.77998,2.75145,109.194,1.6793,2.1454,10.0998,9.9962,98.974,91.72,False,
BAT-003,158,2023-02-05T12:43:35,3.4782,4.0058,2.9277,1.6206,-1.2468,25.605,33.003,21.755,2.798,2.77304,111.401,1.799,2.1955,9.7321,9.6453,99.108,92.43,False,
BAT-003,159,2023-02-05T17:35:42,3.5373,4.005,2.85,1.5944,-1.4648,27.723,30.777,23.873,2.78208,2.76456,111.671,1.7649,1.8295,9.841,9.7791,99.37,92.15,False,
BAT-003,160,2023-02-05T23:09:31,3.6488,4.0128,2.9857,1.3737,-1.5579,27.579,31.131,23.908,2.77781,2.7548,108.457,2.1973,1.7402,10.1358,10.0518,99.172,91.83,False,
BAT-003,161,2023-02-06T03:40:21,3.5452,3.9307,2.9726,1.335,-1.4541,27.192,30.826,23.09,2.77275,2.75507,107.961,2.1017,1.8067,9.83,9.7673,99.362,91.84,False,
BAT-003,162,2023-02-06T08:53:05,3.5875,3.9864,2.85,1.4022,-1.2353,25.666,32.741,21.634,2.7788,2.74843,112.113,2.1713,2.2715,9.9689,9.8599,98.907,91.61,False,
BAT-003,163,2023-02-06T14:26:47,3.5593,3.9451,2.85,1.7998,-1.5326,27.82,31.543,22.942,2.78563,2.7456,109.288,1.6727,1.836,9.9149,9.7724,98.563,91.52,False,
BAT-003,164,2023-02-06T19:52:44,3.5021,3.9186,2.8656,1.6991,-1.2267,25.966,29.407,21.423,2.78408,2.74597,110.095,1.6063,2.2911,9.7501,9.6166,98.631,91.53,False,
BAT-003,165,2023-02-07T01:09:51,3.5405,3.9177,2.85,1.4063,-1.3116,28.463,33.777,24.922,2.76437,2.74331,113.557,2.0634,2.1101,9.7873,9.7127,99.238,91.44,False,
BAT-003,166,2023-02-07T06:33:36,3.5297,3.997,2.853,1.5544,-1.6643,26.073,31.208,21.394,2.76644,2.74542,117.472,1.8523,1.6412,9.7648,9.6906,99.24,91.51,False,
BAT-003,167,2023-02-07T10:56:49,3.6452,4.093,2.9116,1.4758,-1.5975,28.509,33.894,24.185,2.75973,2.74584,110.463,2.0473,1.6674,10.0597,10.0091,99.497,91.53,False,
BAT-003,168,2023-02-07T15:11:16,3.5153,4.0095,2.85,1.5376,-1.6883,26.245,32.352,22.222,2.75737,2.73268,109.349,1.8353,1.6288,9.6929,9.6061,99.105,91.09,False,
BAT-003,169,2023-02-07T19:29:13,3.5934,3.9978,2.9047,1.4075,-1.6808,29.234,34.524,26.03,2.78634,2.75324,110.722,1.9042,1.6836,10.0125,9.8936,98.812,91.77,False,
BAT-003,170,2023-02-07T23:49:07,3.5479,3.9338,2.8532,1.3833,-1.6426,27.212,33.386,22.447,2.78412,2.74323,119.188,2.1348,1.6768,9.8777,9.7326,98.531,91.44,False,
BAT-003,171,2023-02-08T04:44:04,3.5057,4.0113,2.8828,1.7433,-1.3215,25.904,32.048,22.38,2.7714,2.74826,109.415,1.7327,2.0636,9.7157,9.6346,99.165,91.61,False,
BAT-003,172,2023-02-08T09:14:03,3.5237,4.0553,2.8889,1.6258,-1.3144,27.563,31.912,23.824,2.75062,2.72627,109.968,1.6835,1.9844,9.6923,9.6065,99.115,90.88,False,
BAT-003,173,2023-02-08T13:52:53,3.6148,4.009,2.9865,1.3917,-1.6168,28.451,35.818,26.313,2.77866,2.74049,111.299,1.9865,1.6339,10.0442,9.9062,98.626,91.35,False,
BAT-003,174,2023-02-08T19:01:47,3.4732,3.9391,2.85,1.5131,-1.5691,25.284,33.281,22.763,2.77016,2.73086,108.454,1.9672,1.6904,9.6214,9.4849,98.581,91.03,False,
BAT-003,175,2023-02-09T00:21:40,3.525,3.9909,2.8507,1.418,-1.4231,24.552,30.879,21.963,2.75823,2.72078,115.897,1.9662,1.9786,9.7227,9.5907,98.642,90.69,False,
BAT-003,176,2023-02-09T05:37:32,3.5521,4.039,2.9723,1.5597,-1.2694,26.705,33.856,24.645,2.7536,2.73358,109.611,1.7982,2.1519,9.781,9.7099,99.273,91.12,False,
BAT-003,177,2023-02-09T11:09:21,3.5671,3.9326,2.9989,1.5642,-1.4354,26.362,30.508,23.684,2.76301,2.73821,111.378,1.8765,1.8679,9.8559,9.7674,99.102,91.27,False,
BAT-003,178,2023-02-09T16:29:29,3.6071,3.9589,2.9492,1.7567,-1.4994,27.529,31.502,23.474,2.74653,2.7306,108.009,1.6662,1.8963,9.907,9.8496,99.42,91.02,False,
BAT-003,179,2023-02-09T21:54:45,3.4872,4.0226,2.9067,1.5412,-1.4165,26.201,31.89,24.193,2.76231,2.73215,116.644,1.8049,1.9248,9.6327,9.5275,98.908,91.07,False,
BAT-003,180,2023-02-10T03:20:49,3.4897,4.0323,2.8968,1.3874,-1.6722,28.029,31.775,23.721,2.76714,2.73028,112.505,2.0234,1.6315,9.6564,9.5278,98.668,91.01,False,
BAT-003,181,2023-02-10T08:15:00,3.4698,3.9503,2.85,1.763,-1.5769,29.304,33.573,24.326,2.74606,2.72739,113.252,1.5892,1.7153,9.5283,9.4635,99.32,90.91,False,
BAT-003,182,2023-02-10T12:48:26,3.5049,4.0405,2.8556,1.7811,-1.4079,26.549,34.133,22.65,2.75049,2.72074,107.807,1.6437,1.9157,9.6402,9.5359,98.918,90.69,False,
BAT-003,183,2023-02-10T17:28:38,3.5436,4.023,2.9154,1.6838,-1.4642,26.644,29.697,24.006,2.75175,2.71197,116.706,1.7301,1.913,9.7511,9.6102,98.554,90.4,False,
BAT-003,184,2023-02-10T22:07:56,3.633,4.0008,2.9956,1.7953,-1.3147,26.159,33.852,21.84,2.74442,2.72426,112.979,1.5919,2.0736,9.9706,9.8973,99.265,90.81,False,
BAT-003,185,2023-02-11T03:41:27,3.6027,4.0628,2.9907,1.3255,-1.6046,25.376,29.691,20.744,2.75513,2.71706,114.661,2.2616,1.7588,9.926,9.7888,98.618,90.57,False,
BAT-003,186,2023-02-11T09:06:49,3.6238,4.1578,2.9217,1.6238,-1.3633,26.305,30.689,22.248,2.76464,2.72715,116.401,1.8379,1.9008,10.0184,9.8826,98.644,90.9,False,
BAT-003,187,2023-02-11T13:39:51,3.4808,3.9498,2.85,1.4574,-1.2684,25.249,33.19,22.168,2.73297,2.71172,113.492,2.0249,2.1941,9.5129,9.439,99.222,90.39,False,
BAT-003,188,2023-02-11T19:45:02,3.6226,4.064,3.0606,1.3334,-1.4993,25.602,30.6,21.651,2.73495,2.7186,116.624,2.1154,1.8839,9.9075,9.8483,99.402,90.62,False,
BAT-003,189,2023-02-12T01:29:54,3.6398,4.025,2.9782,1.6329,-1.3362,28.447,32.593,23.712,2.75514,2.72308,118.518,1.7105,1.9361,10.0283,9.9116,98.836,90.77,False,
BAT-003,190,2023-02-12T06:27:36,3.5686,3.9427,2.9991,1.5675,-1.5124,56.218,59.315,53.863,2.74106,2.71283,116.08,1.7099,1.7183,9.7816,9.6809,98.97,90.43,True,temperature_spike
BAT-003,191,2023-02-12T11:02:44,3.4553,3.8846,2.85,1.6635,-1.2888,26.564,34.195,23.775,2.75098,2.71512,109.752,1.7485,2.2033,9.5055,9.3815,98.696,90.5,False,
BAT-003,192,2023-02-12T16:02:17,3.533,3.9275,2.85,1.7462,-1.5001,27.804,34.239,22.926,2.73658,2.71076,115.817,1.5268,1.7574,9.6684,9.5772,99.056,90.36,False,
BAT-003,193,2023-02-12T21:09:01,3.5674,3.997,2.9357,1.3632,-1.3148,26.456,33.365,23.199,2.7353,2.71168,114.072,2.0216,2.0935,9.7579,9.6737,99.136,90.39,False,
BAT-003,194,2023-02-13T02:00:04,3.4996,3.9688,2.85,1.6623,-1.6714,27.852,32.598,25.157,2.72707,2.70789,114.728,1.5725,1.5841,9.5435,9.4764,99.297,90.26,False,
BAT-003,195,2023-02-13T05:51:47,3.5258,3.9192,2.8752,1.555,-1.3506,26.721,34.619,23.11,2.75357,2.72085,112.22,1.8315,1.9153,9.7086,9.5933,98.812,90.69,False,
BAT-003,196,2023-02-13T10:22:57,3.5293,3.9755,2.9156,1.6172,-1.4482,27.521,30.937,23.149,2.75198,2.71222,115.094,1.6879,1.9303,9.7126,9.5722,98.555,90.41,False,
BAT-003,197,2023-02-13T15:46:20,3.4962,3.9144,2.85,1.4513,-1.5711,29.339,37.198,26.137,2.75713,2.71996,111.169,2.0287,1.773,9.6396,9.5096,98.652,90.67,False,
BAT-003,198,2023-02-13T21:33:26,3.6224,4.1349,2.9137,1.6679,-1.5757,28.378,35.949,25.24,2.72494,2.70375,114.746,1.5597,1.6367,9.8708,9.794,99.223,90.13,False,
BAT-003,199,2023-02-14T01:55:24,3.5208,4.0373,2.85,1.3699,-1.3811,28.017,33.709,23.525,2.74604,2.70953,113.482,2.1846,1.8835,9.6681,9.5396,98.67,90.32,False,
BAT-003,200,2023-02-14T06:49:41,3.4677,3.9854,2.8972,1.712,-1.3533,26.399,29.902,24.359,2.72209,2.70058,113.891,1.5952,2.0625,9.4394,9.3649,99.21,90.02,False,
BAT-003,201,2023-02-14T12:21:57,3.597,3.9932,2.8693,1.7375,-1.5351,27.769,32.674,25.06,2.71758,2.70323,113.835,1.6435,1.8102,9.7753,9.7236,99.472,90.11,False,
BAT-003,202,2023-02-14T16:31:58,3.4562,3.8091,2.85,1.3397,-1.3691,27.624,34.369,23.703,2.72507,2.69908,116.431,2.1441,2.0012,9.4184,9.3285,99.046,89.97,False,
BAT-003,203,2023-02-14T22:08:24,3.4598,3.9027,2.8741,1.6921,-1.5521,25.99,33.619,23.128,2.70124,2.68705,117.235,1.5793,1.6764,9.3459,9.2968,99.475,89.57,False,
BAT-003,204,2023-02-15T02:42:44,3.5486,3.9602,2.851,1.646,-1.5804,29.203,34.504,25.856,2.72259,2.68583,113.668,1.7491,1.6786,9.6615,9.531,98.65,89.53,False,
BAT-003,205,2023-02-15T07:17:45,3.6401,4.0667,3.0426,1.4453,-1.3612,29.204,33.087,26.412,2.72955,2.69773,113.164,1.8228,1.9484,9.936,9.8201,98.834,89.92,False,
BAT-003,206,2023-02-15T12:58:44,3.5354,3.8908,2.85,1.5426,-1.3756,26.664,31.363,21.731,2.72672,2.69233,119.375,1.9275,1.9118,9.6401,9.5185,98.739,89.74,False,
BAT-003,207,2023-02-15T17:49:45,3.4828,3.9329,2.85,1.6697,-1.5045,26.534,31.611,23.795,2.71459,2.69583,118.619,1.612,1.7602,9.4544,9.3891,99.309,89.86,False,
BAT-003,208,2023-02-15T22:35:59,3.462,3.882,2.9107,1.7423,-1.4999,29.026,34.201,25.964,2.69337,2.67884,118.006,1.6205,1.7692,9.3244,9.2741,99.46,89.29,False,
BAT-003,209,2023-02-16T03:19:25,3.6182,4.1632,3.0163,1.5375,-1.3528,28.094,35.136,24.633,2.71331,2.6909,112.912,1.7736,2.0379,9.8174,9.7363,99.174,89.7,False,
BAT-003,210,2023-02-16T07:55:21,3.5997,3.9732,2.9849,1.5032,-1.588,28.133,33.381,25.177,2.72325,2.69007,116.326,1.7222,1.6127,9.8028,9.6834,98.781,89.67,False,
BAT-003,211,2023-02-16T12:07:05,3.5808,4.0496,3.0016,1.4886,-1.6948,28.01,31.181,24.967,2.68422,2.66769,120.284,1.8945,1.5307,9.6117,9.5525,99.384,88.92,False,
BAT-003,212,2023-02-16T17:29:23,3.5773,4.1129,2.85,1.3695,-1.24,27.88,33.921,24.075,2.70558,2.69155,114.936,1.9573,2.2686,9.6785,9.6284,99.482,89.72,False,
BAT-003,213,2023-02-16T22:40:36,3.5164,4.0504,2.8962,1.7182,-1.439,25.539,33.057,22.217,2.73265,2.69673,121.196,1.6886,1.8598,9.6092,9.4829,98.686,89.89,False,
BAT-003,214,2023-02-17T02:52:41,3.5291,3.8995,2.8545,1.7017,-1.5123,26.684,29.766,24.637,2.6995,2.68051,121.463,1.626,1.731,9.5268,9.4598,99.297,89.35,False,
BAT-003,215,2023-02-17T07:45:53,3.4676,3.8945,2.85,1.3488,-1.6685,28.933,34.53,25.405,2.69304,2.67691,117.267,2.0869,1.6172,9.3384,9.2825,99.401,89.23,False,
BAT-003,216,2023-02-17T12:47:03,3.4976,3.8908,2.9146,1.7985,-1.3067,26.182,31.992,21.7,2.72267,2.68617,113.087,1.4519,2.0536,9.5229,9.3952,98.66,89.54,False,
BAT-003,217,2023-02-17T16:53:33,3.6289,4.1475,2.8977,1.7651,-1.5741,26.219,33.364,22.659,2.70597,2.68332,116.367,1.5189,1.6852,9.8198,9.7376,99.163,89.44,False,
BAT-003,218,2023-02-17T21:02:54,3.5327,4.0539,2.8992,1.521,-1.5819,28.81,34.365,24.913,2.70204,2.66785,114.83,1.7514,1.7599,9.5455,9.4247,98.735,88.93,False,
BAT-003,219,2023-02-18T01:54:42,3.5249,4.0113,2.85,1.4747,-1.6366,25.627,31.441,23.173,2.69779,2.68132,116.603,1.8173,1.7031,9.5094,9.4513,99.39,89.38,False,
BAT-003,220,2023-02-18T05:56:58,3.4825,4.0144,2.85,1.4811,-1.5968,24.418,28.007,20.421,2.69404,2.6719,118.507,1.9094,1.7155,9.382,9.305,99.178,89.06,False,
BAT-003,221,2023-02-18T10:32:55,3.5685,3.9644,2.9389,1.6799,-1.5566,24.709,30.981,21.77,2.71068,2.67168,118.942,1.6291,1.646,9.6732,9.534,98.561,89.06,False,
BAT-003,222,2023-02-18T15:42:34,3.5001,3.9768,2.9438,1.783,-1.6545,29.147,36.489,26.161,2.69927,2.67134,116.617,1.4535,1.5832,9.4476,9.3498,98.965,89.04,False,
BAT-003,223,2023-02-18T20:27:34,3.6091,4.0672,2.8953,1.6207,-1.2627,28.358,32.977,24.243,2.69523,2.67547,113.019,1.7483,2.0841,9.7274,9.6561,99.267,89.18,False,
BAT-003,224,2023-02-19T01:02:04,3.592,4.0053,2.8911,1.5054,-1.5662,29.787,32.819,25.977,2.69701,2.66112,121.984,1.8634,1.7207,9.6877,9.5588,98.669,88.7,False,
BAT-003,225,2023-02-19T05:31:15,3.5694,4.0554,2.9044,1.5554,-1.5243,29.97,37.521,26.965,2.70033,2.67393,117.721,1.7079,1.8019,9.6386,9.5444,99.022,89.13,False,
BAT-003,226,2023-02-19T09:52:38,3.4831,3.8522,2.9321,1.4635,-1.3552,26.901,31.066,24.713,2.70563,2.68095,119.787,1.776,1.9154,9.4241,9.3381,99.088,89.36,False,
BAT-003,227,2023-02-19T14:32:37,3.5113,3.9942,2.8631,1.3236,-1.5939,28.543,36.429,23.728,2.69303,2.66993,119.466,2.1112,1.7063,9.456,9.3749,99.142,89.0,False,
BAT-003,228,2023-02-19T19:28:31,3.4547,3.9098,2.85,1.3935,-1.6077,27.098,33.035,23.907,2.69048,2.66245,115.753,1.9302,1.645,9.2948,9.1979,98.958,88.75,False,
BAT-003,229,2023-02-19T23:53:09,3.581,3.9377,2.8548,1.6947,-1.598,25.994,31.907,21.014,2.69229,2.65761,114.638,1.5519,1.5919,9.641,9.5168,98.712,88.59,False,
BAT-003,230,2023-02-20T04:35:09,3.5236,3.902,2.9358,1.6339,-1.5913,26.255,30.411,21.609,2.6957,2.66615,118.62,1.7182,1.7296,9.4987,9.3945,98.904,88.87,False,
BAT-003,231,2023-02-20T08:38:12,3.4805,3.9636,2.8582,1.5504,-1.3463,26.102,32.098,22.448,2.67564,2.6485,116.611,1.884,1.9997,9.3125,9.218,98.986,88.28,False,
BAT-003,232,2023-02-20T13:26:24,3.5724,4.0857,2.8943,1.7685,-1.5348,27.635,33.187,22.924,2.69644,2.65759,118.49,1.5016,1.6593,9.6329,9.4941,98.559,88.59,False,
BAT-003,233,2023-02-20T18:10:51,3.5218,3.9662,2.8744,1.7033,-1.3392,27.007,31.845,23.752,2.67287,2.65831,117.066,1.6216,2.0238,9.4134,9.3622,99.455,88.61,False,
BAT-003,234,2023-02-20T23:44:38,3.5739,4.102,2.8642,1.5468,-1.425,27.189,32.874,23.402,2.67546,2.6594,116.993,1.8745,1.8664,9.5619,9.5046,99.4,88.65,False,
BAT-003,235,2023-02-21T04:13:15,3.6103,4.1284,3.0412,1.6511,-1.5522,25.485,30.938,21.497,2.68017,2.6626,120.731,1.7606,1.6486,9.6763,9.6128,99.344,88.75,False,
BAT-003,236,2023-02-21T09:28:06,3.4943,3.9086,2.9321,1.6815,-1.2143,29.038,36.776,25.717,2.69487,2.65705,118.554,1.7418,2.1682,9.4167,9.2845,98.596,88.57,False,
BAT-003,237,2023-02-21T14:23:54,3.6074,3.9617,3.0377,1.6216,-1.4424,27.899,32.198,25.225,2.66211,2.63946,115.321,1.6889,1.7416,9.6032,9.5215,99.149,87.98,False,
BAT-003,238,2023-02-21T19:26:15,3.5046,3.991,2.85,1.5377,-1.4162,29.492,35.216,25.712,2.68169,2.65706,117.52,1.7666,1.8096,9.3983,9.312,99.082,88.57,False,
BAT-003,239,2023-02-21T23:55:24,3.638,3.9991,3.0287,1.3784,-1.5478,27.476,35.38,22.909,2.67069,2.64899,114.208,1.9833,1.7835,9.716,9.637,99.188,88.3,False,
BAT-003,240,2023-02-22T05:07:56,3.4905,4.0275,2.8663,1.4049,-1.2297,28.064,32.84,24.8,2.67875,2.65806,114.686,1.9665,2.2293,9.35,9.2778,99.228,88.6,False,
BAT-003,241,2023-02-22T09:50:53,3.603,3.9717,2.9387,1.7545,-1.5596,26.425,32.495,22.026,2.67048,2.64202,118.898,1.5087,1.7165,9.6219,9.5193,98.934,88.07,False,
BAT-003,242,2023-02-22T14:50:02,3.567,4.0529,2.9303,1.7387,-1.5958,26.092,31.722,23.503,2.66912,2.65072,121.055,1.6252,1.5894,9.5206,9.455,99.311,88.36,False,
BAT-003,243,2023-02-22T19:19:29,3.5352,3.9098,2.9248,1.5221,-1.6318,28.138,35.906,25.837,2.66481,2.63769,120.874,1.741,1.6105,9.4207,9.3248,98.982,87.92,False,
BAT-003,244,2023-02-23T00:08:20,3.553,3.951,2.85,1.6559,-1.27,28.905,36.181,24.566,2.68665,2.65254,114.537,1.5722,2.0133,9.5457,9.4245,98.73,88.42,False,
BAT-003,245,2023-02-23T05:14:57,3.4532,3.9112,2.8875,1.5718,-1.227,25.928,31.355,22.428,2.66639,2.65014,120.654,1.6978,2.1861,9.2074,9.1513,99.39,88.34,False,
BAT-003,246,2023-02-23T10:12:51,3.5743,4.0615,2.8675,1.3329,-1.505,27.928,31.502,23.223,2.65451,2.63214,117.759,2.0158,1.7905,9.4879,9.408,99.157,87.74,False,
BAT-003,247,2023-02-23T15:52:08,3.5092,4.0293,2.8795,1.7112,-1.2253,29.116,32.966,25.534,2.6754,2.64671,117.822,1.5042,2.1263,9.3885,9.2878,98.928,88.22,False,
BAT-003,248,2023-02-23T21:28:44,3.5426,3.8969,2.9058,1.7643,-1.2412,28.137,32.11,25.57,2.66579,2.6326,119.279,1.4797,2.2125,9.4438,9.3262,98.755,87.75,False,
BAT-003,249,2023-02-24T02:34:36,3.56,4.0605,2.8553,1.6409,-1.2595,24.383,28.688,19.395,2.66093,2.63807,123.213,1.6343,2.015,9.4729,9.3916,99.141,87.94,False,
BAT-003,250,2023-02-24T07:12:00,3.5955,4.0533,2.888,1.7456,-1.3975,28.883,32.062,24.853,2.65544,2.63198,121.742,1.6236,1.8693,9.5476,9.4632,99.116,87.73,False,
BAT-003,251,2023-02-24T11:12:34,3.4983,3.8858,2.8515,1.7852,-1.5794,28.509,34.151,26.007,2.6507,2.62855,121.699,1.51,1.6052,9.2729,9.1954,99.164,87.62,False,
BAT-003,252,2023-02-24T14:57:00,3.4904,3.8648,2.85,1.5085,-1.4895,26.86,29.86,22.408,2.64802,2.61904,117.645,1.7928,1.6829,9.2428,9.1416,98.906,87.3,False,
BAT-003,253,2023-02-24T19:26:27,3.5378,4.0499,2.9053,1.7443,-1.4373,25.865,32.143,22.012,2.64924,2.63251,119.13,1.4455,1.9199,9.3725,9.3133,99.369,87.75,False,
BAT-003,254,2023-02-25T00:43:13,3.6137,3.9675,2.9275,1.3465,-1.5356,30.21,36.414,27.643,2.65818,2.63033,119.758,2.0215,1.7331,9.6058,9.5052,98.953,87.68,False,
BAT-003,255,2023-02-25T05:25:31,3.5421,3.995,2.85,1.5542,-1.2467,25.727,28.793,21.232,2.64423,2.62525,124.029,1.7855,2.1604,9.366,9.2988,99.283,87.51,False,
BAT-003,256,2023-02-25T10:56:38,3.5242,3.9921,2.85,1.5808,-1.3518,25.939,31.179,23.079,2.67541,2.63621,121.35,1.8214,1.9651,9.4286,9.2904,98.535,87.87,False,
BAT-003,257,2023-02-25T15:39:20,3.5063,3.9941,2.9563,1.5684,-1.4886,29.775,34.469,26.822,2.64758,2.61951,123.089,1.7164,1.8146,9.2833,9.1848,98.94,87.32,False,
BAT-003,258,2023-02-25T20:23:24,3.5654,4.0931,2.9131,1.5472,-1.6714,26.779,34.764,24.31,2.65951,2.63641,122.772,1.6338,1.5675,9.4823,9.3999,99.131,87.88,False,
BAT-003,259,2023-02-26T01:11:29,3.5152,3.9111,2.85,1.4741,-1.4993,28.395,32.877,25.077,2.6595,2.63647,119.164,1.9428,1.7669,9.3488,9.2678,99.134,87.88,False,
BAT-003,260,2023-02-26T05:29:04,3.5332,3.8894,2.9288,1.3254,-1.4075,24.768,31.039,22.575,2.63427,2.61642,119.18,1.9236,1.889,9.3075,9.2444,99.322,87.21,False,
BAT-003,261,2023-02-26T10:35:38,3.5306,3.9778,2.9609,1.3356,-1.5388,27.329,33.676,24.444,2.63151,2.61309,115.671,1.9647,1.6488,9.2907,9.2257,99.3,87.1,False,
BAT-003,262,2023-02-26T16:10:59,3.4951,3.8977,2.85,1.5056,-1.6203,29.68,35.336,26.933,2.6366,2.62016,118.554,1.8718,1.6763,9.2152,9.1577,99.377,87.34,False,
BAT-003,263,2023-02-26T21:29:08,3.6307,4.138,2.9429,1.7394,-1.5467,26.442,31.24,23.969,2.65421,2.62279,119.72,1.5328,1.7492,9.6366,9.5225,98.816,87.43,False,
BAT-003,264,2023-02-27T01:27:54,3.5807,3.954,2.9309,1.566,-1.5913,28.534,32.067,24.44,2.65737,2.61842,120.851,1.7375,1.7017,9.5152,9.3757,98.534,87.28,False,
BAT-003,265,2023-02-27T06:07:36,3.5935,4.0054,2.8637,1.4155,-1.5488,28.217,34.993,25.548,2.64972,2.62328,120.243,1.9451,1.7047,9.5219,9.4269,99.002,87.44,False,
BAT-003,266,2023-02-27T10:34:54,3.6328,4.1115,2.9701,1.7687,-1.4635,28.24,35.413,23.419,2.63495,2.5991,121.468,1.5223,1.7115,9.5722,9.4419,98.64,86.64,False,
BAT-003,267,2023-02-27T15:13:41,3.5692,4.0451,2.9414,1.6934,-1.2015,28.799,33.332,23.92,2.62488,2.60215,127.269,1.6491,2.1096,9.3688,9.2877,99.134,86.74,False,
BAT-003,268,2023-02-27T20:57:18,3.5743,3.9901,2.9779,1.3146,-1.3732,26.147,30.674,22.408,2.64181,2.60509,122.672,1.9237,1.8694,9.4427,9.3114,98.61,86.84,False,
BAT-003,269,2023-02-28T02:22:12,3.5688,4.1097,3.0118,1.6395,-1.3186,28.558,34.674,24.421,2.64057,2.60887,121.8,1.733,2.0192,9.4236,9.3105,98.8,86.96,False,
BAT-003,270,2023-02-28T07:47:18,3.5415,3.9132,2.9056,1.4281,-1.4835,28.541,32.548,26.528,2.63794,2.62176,122.418,1.8439,1.7701,9.3422,9.2849,99.387,87.39,False,
BAT-003,271,2023-02-28T13:17:46,3.5856,3.9555,2.8513,1.7764,-1.4191,27.413,30.558,25.272,2.64597,2.61945,119.98,1.4322,1.8899,9.4874,9.3923,98.998,87.32,False,
BAT-003,272,2023-02-28T17:27:32,3.548,4.0138,2.9064,1.5298,-1.5766,27.026,31.214,22.463,2.63021,2.61691,123.085,1.8111,1.656,9.332,9.2848,99.494,87.23,False,
BAT-003,273,2023-02-28T21:50:21,3.5736,3.9553,2.9677,1.4315,-1.4742,28.336,35.747,24.178,2.62393,2.6099,128.049,1.9917,1.8346,9.3768,9.3267,99.465,87.0,False,
BAT-003,274,2023-03-01T03:32:52,3.4979,3.9841,2.9303,1.7105,-1.5915,28.009,33.187,25.548,2.64377,2.62248,124.722,1.5855,1.5916,9.2476,9.1731,99.195,87.42,False,
BAT-003,275,2023-03-01T08:07:56,3.5818,4.1245,3.0306,1.7564,-1.2003,26.296,34.278,22.111,2.61716,2.59774,119.397,1.5596,2.2131,9.3741,9.3046,99.258,86.59,False,
BAT-003,276,2023-03-01T13:01:03,3.6141,4.1121,2.9339,1.5605,-1.3976,25.756,31.993,22.451,2.61659,2.59957,123.593,1.7903,1.7771,9.4567,9.3952,99.349,86.65,False,
BAT-003,277,2023-03-01T18:18:16,3.5965,4.1457,3.0447,1.4149,-1.221,26.927,32.82,22.382,2.63082,2.61179,123.895,2.0349,2.1626,9.4618,9.3934,99.277,87.06,False,
BAT-003,278,2023-03-01T23:20:58,3.6215,4.0971,2.9507,1.7754,-1.578,27.055,32.233,23.603,2.62851,2.59308,125.547,1.4929,1.7166,9.5192,9.3909,98.652,86.44,False,
BAT-003,279,2023-03-02T04:00:58,3.5287,3.8867,2.85,1.6299,-1.4288,29.095,33.65,26.185,2.62018,2.60617,126.243,1.5588,1.8175,9.2458,9.1964,99.466,86.87,False,
BAT-003,280,2023-03-02T08:34:21,3.4958,3.9308,2.85,1.7649,-1.5837,28.776,34.501,24.227,2.63548,2.60415,123.93,1.6031,1.5915,9.2131,9.1035,98.811,86.81,False,
BAT-003,281,2023-03-02T13:12:25,3.5182,3.9635,2.9087,1.4684,-1.6283,25.829,32.891,21.087,2.64073,2.60676,123.556,1.9653,1.5996,9.2906,9.1711,98.713,86.89,False,
BAT-003,282,2023-03-02T17:25:00,3.6553,4.1869,2.9868,1.3183,-1.6302,28.558,34.771,24.715,2.6322,2.6027,123.217,1.9623,1.551,9.6215,9.5137,98.879,86.76,False,
BAT-003,283,2023-03-02T21:28:26,3.4843,3.887,2.8835,1.774,-1.6962,26.994,30.266,22.809,2.61655,2.59485,124.136,1.4407,1.5404,9.1169,9.0413,99.17,86.49,False,
BAT-003,284,2023-03-03T02:17:44,3.5347,4.0477,2.8931,1.3363,-1.2516,25.024,29.239,20.124,2.63169,2.59462,121.066,2.0721,2.0317,9.3021,9.1711,98.591,86.49,False,
BAT-003,285,2023-03-03T07:28:30,3.5262,4.0154,2.876,1.4227,-1.4373,29.043,32.451,24.059,2.62099,2.5967,126.242,1.9877,1.7738,9.2422,9.1565,99.073,86.56,False,
BAT-003,286,2023-03-03T13:02:32,3.6312,4.1419,3.0213,1.454,-1.6823,30.629,33.929,26.122,2.62716,2.59687,123.501,1.7781,1.6021,9.5398,9.4298,98.847,86.56,False,
BAT-003,287,2023-03-03T18:17:50,3.6308,4.1169,2.96,1.4016,-1.5265,26.42,31.11,23.16,2.61024,2.58229,129.374,2.0072,1.6474,9.4773,9.3758,98.929,86.08,False,
BAT-003,288,2023-03-03T22:49:40,3.5357,4.0789,2.9803,1.5421,-1.6023,27.594,31.54,23.47,2.6086,2.59162,122.946,1.7649,1.6458,9.2233,9.1633,99.349,86.39,False,
BAT-003,289,2023-03-04T03:08:16,3.6161,4.1225,3.0081,1.327,-1.4873,27.784,34.355,23.574,2.608,2.58066,127.955,2.0329,1.6775,9.4307,9.3318,98.952,86.02,False,
BAT-003,290,2023-03-04T08:39:43,3.4985,3.8607,2.85,1.3846,-1.3039,26.635,29.706,21.959,2.60626,2.58008,121.087,2.0152,1.8861,9.118,9.0264,98.995,86.0,False,
BAT-003,291,2023-03-04T13:08:55,3.4965,4.0462,2.9121,1.7783,-1.6327,31.279,38.11,26.708,2.5957,2.58261,120.627,1.5168,1.6399,9.0759,9.0301,99.496,86.09,False,
BAT-003,292,2023-03-04T16:58:21,3.5083,3.9394,2.9187,1.4374,-1.348,26.057,29.731,23.334,2.62048,2.59123,125.529,1.8186,1.9125,9.1935,9.0909,98.884,86.37,False,
BAT-003,293,2023-03-04T21:15:39,3.5471,3.9885,2.9473,1.5829,-1.4415,27.962,35.881,22.974,2.62266,2.60184,123.45,1.7136,1.727,9.3028,9.229,99.206,86.73,False,
BAT-003,294,2023-03-05T02:03:07,3.5071,4.021,2.859,1.469,-1.3624,28.632,36.045,25.403,2.63227,2.59527,129.166,1.7678,1.945,9.2315,9.1018,98.594,86.51,False,
BAT-003,295,2023-03-05T07:13:04,3.4673,3.9587,2.85,1.4656,-1.5906,29.53,37.42,26.117,2.60119,2.56726,121.157,1.7304,1.6568,9.0192,8.9015,98.695,85.58,False,
BAT-003,296,2023-03-05T12:20:00,3.587,4.0263,2.9885,1.3773,-1.218,27.307,34.684,24.364,2.62772,2.59238,117.93,1.9354,2.0228,9.4256,9.2988,98.655,86.41,False,
BAT-003,297,2023-03-05T17:24:38,3.574,3.9545,2.9547,1.3566,-1.4204,28.552,33.957,25.184,2.60363,2.57596,125.1,1.8836,1.7792,9.3053,9.2064,98.937,85.87,False,
BAT-003,298,2023-03-05T22:58:42,3.4759,4.0062,2.882,1.6634,-1.2838,30.35,36.284,26.484,2.60704,2.57533,126.397,1.5563,1.9383,9.0618,8.9516,98.784,85.84,False,
BAT-003,299,2023-03-06T04:18:09,3.4909,3.9257,2.9144,1.5222,-1.5198,27.636,34.152,24.129,2.58675,2.56846,123.64,1.8107,1.6528,9.0301,8.9663,99.293,85.62,False,
BAT-003,300,2023-03-06T09:16:09,3.4872,3.9646,2.9245,1.4962,-1.5065,29.673,36.754,26.682,2.59172,2.57697,128.94,1.8629,1.6856,9.0379,8.9865,99.431,85.9,False,
BAT-003,301,2023-03-06T13:19:42,3.4988,4.0316,2.85,1.4514,-1.428,27.742,32.332,24.587,2.57656,2.55759,129.246,1.7496,1.804,9.0149,8.9486,99.264,85.25,False,
BAT-003,302,2023-03-06T18:22:15,3.5641,3.977,2.85,1.6151,-1.4977,28.26,36.032,25.241,2.59416,2.58063,121.602,1.5936,1.7018,9.2459,9.1977,99.479,86.02,False,
BAT-003,303,2023-03-06T23:22:04,3.5761,4.0005,2.9709,1.6773,-1.2159,29.223,33.274,24.514,2.60766,2.58936,121.698,1.5734,2.16,9.3252,9.2598,99.298,86.31,False,
BAT-003,304,2023-03-07T03:46:57,3.6075,4.0713,2.8858,1.5123,-1.6475,25.044,29.687,20.706,2.60191,2.57104,127.166,1.6374,1.5094,9.3863,9.275,98.814,85.7,False,
BAT-003,305,2023-03-07T07:32:13,3.4854,3.8943,2.916,1.3864,-1.6235,27.037,31.517,24.246,2.59701,2.56805,125.621,1.8021,1.5579,9.0517,8.9508,98.885,85.6,False,
BAT-003,306,2023-03-07T11:59:38,3.4984,4.0356,2.9328,1.7243,-1.2901,30.613,34.532,26.812,2.60403,2.57206,129.609,1.4885,2.0021,9.1099,8.9981,98.772,85.74,False,
BAT-003,307,2023-03-07T16:53:05,3.5876,4.073,3.0128,1.5397,-1.3934,32.893,39.047,30.628,2.60632,2.57585,130.413,1.7861,1.7921,9.3504,9.2411,98.831,85.86,False,
BAT-003,308,2023-03-07T21:23:32,3.6179,3.98,2.9022,1.4441,-1.4914,30.889,34.821,27.765,2.59958,2.56682,122.512,1.9444,1.7469,9.405,9.2865,98.74,85.56,False,
BAT-003,309,2023-03-08T02:59:23,3.6069,4.0521,2.9563,1.4619,-1.3344,27.416,35.303,23.827,2.5866,2.56598,123.657,1.9343,1.8953,9.3295,9.2551,99.203,85.53,False,
BAT-003,310,2023-03-08T08:35:40,3.5986,4.027,2.8787,1.3917,-1.3,30.606,37.356,25.899,2.59455,2.56336,123.005,1.8479,1.8843,9.3367,9.2244,98.798,85.45,False,
BAT-003,311,2023-03-08T13:35:16,3.5323,3.9251,2.85,1.5834,-1.3947,26.417,33.337,23.696,2.6006,2.56289,127.844,1.5854,1.8805,9.1862,9.053,98.55,85.43,False,
BAT-003,312,2023-03-08T18:58:56,3.4859,3.8422,2.85,1.4607,-1.2488,30.116,36.354,27.249,2.57959,2.56312,125.832,1.7156,2.0617,8.9921,8.9347,99.362,85.44,False,
BAT-003,313,2023-03-09T00:23:22,3.6171,4.0726,3.0551,1.445,-1.3599,28.486,36.241,25.859,2.58931,2.56438,131.542,1.8479,1.9783,9.3658,9.2757,99.037,85.48,False,
BAT-003,314,2023-03-09T05:38:38,3.468,3.8662,2.85,1.41,-1.6099,28.348,35.994,26.221,2.60523,2.56774,130.963,2.0154,1.5269,9.035,8.905,98.561,85.59,False,
BAT-003,315,2023-03-09T10:59:43,3.5839,4.038,3.0156,1.367,-1.5602,46.829,51.755,41.84,2.4746,2.44717,123.346,1.9062,1.5086,8.8688,8.7704,98.891,81.57,True,capacity_drop
BAT-003,316,2023-03-09T15:24:56,3.4888,4.0194,2.85,1.5871,-1.4423,26.588,33.199,21.73,2.58174,2.55231,124.768,1.5628,1.7187,9.0073,8.9046,98.86,85.08,False,
BAT-003,317,2023-03-09T19:14:37,3.6478,4.0427,2.9684,1.6341,-1.202,29.369,33.475,24.665,2.59281,2.56221,129.239,1.707,2.218,9.458,9.3463,98.82,85.41,False,
BAT-003,318,2023-03-10T00:48:18,3.5331,3.9503,2.9475,1.5591,-1.5431,28.426,34.636,25.112,2.57129,2.54936,124.445,1.7593,1.6769,9.0846,9.0071,99.147,84.98,False,
BAT-003,319,2023-03-10T05:36:11,3.5929,4.1149,2.8804,1.564,-1.6236,28.301,32.007,24.079,2.58297,2.55649,128.878,1.8157,1.5023,9.2804,9.1852,98.975,85.22,False,
BAT-003,320,2023-03-10T09:47:18,3.5763,3.9405,2.9382,1.73,-1.3814,28.652,31.76,25.98,2.59204,2.56853,127.57,1.5276,1.8406,9.2699,9.1859,99.093,85.62,False,
BAT-003,321,2023-03-10T14:43:43,3.507,4.0279,2.8912,1.4736,-1.2792,27.629,32.029,25.099,2.59213,2.55684,132.169,1.804,2.0488,9.0907,8.9669,98.639,85.23,False,
BAT-003,322,2023-03-10T19:29:09,3.5292,3.9458,2.85,1.3511,-1.6792,31.348,36.158,27.529,2.55567,2.53132,126.49,2.0347,1.4538,9.0196,8.9336,99.047,84.38,False,
BAT-003,323,2023-03-10T23:41:09,3.5978,4.1167,3.0403,1.7494,-1.6878,29.381,37.302,24.915,2.56904,2.54884,126.645,1.4049,1.4352,9.2429,9.1702,99.213,84.96,False,
BAT-003,324,2023-03-11T03:03:26,3.59,3.9485,2.9948,1.7963,-1.3729,27.428,31.192,22.466,2.58725,2.55851,124.309,1.4181,1.8909,9.2883,9.1851,98.889,85.28,False,
BAT-003,325,2023-03-11T06:55:45,3.5729,4.1199,2.9112,1.7848,-1.2821,29.647,34.325,25.382,2.58159,2.55056,127.955,1.5363,1.9867,9.2238,9.1129,98.798,85.02,False,
BAT-003,326,2023-03-11T10:58:36,3.5008,3.9217,2.9354,1.7894,-1.3575,30.1,36.514,26.402,2.55521,2.54122,125.312,1.4584,1.9071,8.9454,8.8964,99.453,84.71,False,
BAT-003,327,2023-03-11T15:52:17,3.5328,4.0198,2.9076,1.4869,-1.2317,27.476,31.224,22.91,2.58027,2.54445,124.031,1.7356,2.1609,9.1155,8.9889,98.612,84.81,False,
BAT-003,328,2023-03-11T21:17:41,3.5703,3.9404,2.9469,1.6413,-1.6158,28.707,35.452,26.034,2.57996,2.54314,131.253,1.4948,1.5037,9.2111,9.0797,98.573,84.77,False,
BAT-003,329,2023-03-12T01:40:18,3.5561,3.9198,2.8588,1.6173,-1.4397,28.208,35.825,24.775,2.57751,2.5578,127.895,1.6096,1.8409,9.1658,9.0957,99.235,85.26,False,
BAT-003,330,2023-03-12T06:53:26,3.6087,4.1322,2.9846,1.3272,-1.4072,29.055,34.56,24.764,2.57875,2.54492,131.509,1.8562,1.7501,9.3058,9.1837,98.688,84.83,False,
BAT-003,331,2023-03-12T11:50:32,3.5755,4.034,2.85,1.6365,-1.6016,27.669,34.39,25.25,2.56767,2.53772,127.159,1.667,1.645,9.1808,9.0737,98.834,84.59,False,
BAT-003,332,2023-03-12T17:00:16,3.5479,3.9947,2.9299,1.6419,-1.5304,25.967,31.609,21.85,2.57738,2.54355,125.299,1.5862,1.5903,9.1442,9.0242,98.688,84.79,False,
BAT-003,333,2023-03-12T21:29:14,3.6369,4.1106,2.9296,1.7844,-1.4846,31.608,37.802,26.864,2.54977,2.52955,127.912,1.5054,1.6231,9.2733,9.1998,99.207,84.32,False,
BAT-003,334,2023-03-13T02:29:29,3.6077,4.1464,3.0498,1.6872,-1.3932,31.105,38.5,26.62,2.55812,2.53525,126.168,1.6176,1.8733,9.229,9.1466,99.106,84.51,False,
BAT-003,335,2023-03-13T06:55:38,3.5901,3.9893,2.9171,1.5273,-1.6976,30.492,36.122,26.067,2.54598,2.53042,130.511,1.6248,1.4311,9.1403,9.0845,99.389,84.35,False,
BAT-003,336,2023-03-13T11:25:44,3.5691,4.004,2.9227,1.7609,-1.3578,29.52,32.557,27.155,2.55826,2.54419,126.425,1.5438,1.8634,9.1308,9.0806,99.45,84.81,False,
BAT-003,337,2023-03-13T15:38:03,3.5229,4.0114,2.85,1.3381,-1.5877,27.304,31.988,23.052,2.57142,2.53874,125.83,2.0305,1.5194,9.0589,8.9437,98.729,84.62,False,
BAT-003,338,2023-03-13T19:59:14,3.4934,4.0108,2.9312,1.568,-1.5463,29.899,36.066,26.897,2.5433,2.52747,126.762,1.7437,1.6831,8.8849,8.8296,99.378,84.25,False,
BAT-003,339,2023-03-14T01:06:17,3.5246,3.888,2.9244,1.4498,-1.6638,28.095,34.628,24.599,2.56915,2.53562,129.249,1.9372,1.5566,9.0553,8.9371,98.695,84.52,False,
BAT-003,340,2023-03-14T05:59:21,3.5031,3.9063,2.857,1.491,-1.6679,30.023,37.468,26.239,2.55078,2.53194,128.399,1.7598,1.4665,8.9356,8.8696,99.261,84.4,False,
BAT-003,341,2023-03-14T10:07:19,3.6208,3.9932,2.9496,1.6994,-1.6042,28.653,32.776,25.414,2.54653,2.51435,131.202,1.4801,1.5061,9.2204,9.1039,98.736,83.81,False,
BAT-003,342,2023-03-14T14:33:05,3.4783,3.9868,2.85,1.4226,-1.6298,29.541,35.575,24.594,2.54234,2.5258,127.923,1.7637,1.483,8.8429,8.7854,99.349,84.19,False,
BAT-003,343,2023-03-14T19:33:47,3.474,3.8608,2.85,1.4407,-1.6085,29.359,33.968,24.641,2.56249,2.54098,133.181,1.7391,1.5456,8.9022,8.8274,99.161,84.7,False,
BAT-003,344,2023-03-15T00:35:15,3.5447,3.9201,2.9507,1.53,-1.5376,29.737,37.16,25.394,2.53102,2.51709,131.577,1.7084,1.6304,8.9717,8.9224,99.45,83.9,False,
BAT-003,345,2023-03-15T05:21:20,3.5439,4.085,2.9878,1.4922,-1.4631,28.358,35.47,25.935,2.54663,2.53056,128.62,1.7806,1.8061,9.025,8.9681,99.369,84.35,False,
BAT-003,346,2023-03-15T10:56:15,3.5718,3.9695,2.9617,1.7578,-1.4918,31.291,37.671,28.114,2.56031,2.52315,134.403,1.3868,1.6249,9.1449,9.0122,98.549,84.11,False,
BAT-003,347,2023-03-15T15:08:14,3.6163,4.025,2.88,1.604,-1.4542,28.787,32.981,24.349,2.5415,2.52261,132.62,1.6597,1.7866,9.1908,9.1225,99.257,84.09,False,
BAT-003,348,2023-03-15T20:22:02,3.619,4.1471,2.9921,1.5524,-1.6313,29.562,34.45,27.494,2.55119,2.53757,131.298,1.7783,1.6001,9.2329,9.1836,99.466,84.59,False,
BAT-003,349,2023-03-16T00:55:10,3.5034,4.0227,2.8809,1.7074,-1.4369,27.879,32.686,25.404,2.53996,2.52219,131.333,1.568,1.8275,8.8985,8.8363,99.301,84.07,False,
BAT-003,350,2023-03-16T05:57:34,3.5535,3.9867,2.9893,1.6528,-1.5608,31.347,39.117,29.19,2.54594,2.51173,130.9,1.6334,1.6846,9.047,8.9254,98.656,83.72,False,
BAT-003,351,2023-03-16T10:14:28,3.6368,4.0858,2.9516,1.5059,-1.3624,31.52,36.41,27.11,2.54623,2.5129,127.842,1.8461,1.932,9.2601,9.1389,98.691,83.76,False,
BAT-003,352,2023-03-16T14:49:45,3.5529,4.0914,2.9518,1.7175,-1.6484,30.782,34.856,28.001,2.53489,2.50791,131.714,1.6171,1.4569,9.0062,8.9103,98.936,83.6,False,
BAT-003,353,2023-03-16T18:34:43,3.5041,4.0223,2.8884,1.3964,-1.2055,31.002,35.472,26.411,2.53498,2.50301,137.185,1.8018,2.004,8.8829,8.7709,98.739,83.43,False,
BAT-003,354,2023-03-17T00:19:31,3.5117,3.9025,2.866,1.6956,-1.6225,29.156,34.104,24.174,2.551,2.52112,128.426,1.5623,1.5222,8.9584,8.8534,98.829,84.04,False,
BAT-003,355,2023-03-17T04:29:36,3.5691,4.0223,3.0135,1.3272,-1.3856,29.337,36.291,27.007,2.54522,2.52133,132.725,1.9642,1.8387,9.0842,8.9989,99.061,84.04,False,
BAT-003,356,2023-03-17T09:31:05,3.5593,4.0218,2.9759,1.6192,-1.2222,32.337,38.653,29.346,2.55801,2.52027,126.79,1.7352,2.1299,9.1047,8.9704,98.525,84.01,False,
BAT-003,357,2023-03-17T14:41:32,3.5639,4.0445,2.85,1.546,-1.2387,26.472,33.411,23.397,2.55695,2.52339,131.227,1.5779,1.9971,9.1126,8.993,98.687,84.11,False,
BAT-003,358,2023-03-17T19:47:26,3.5535,3.9253,2.8639,1.379,-1.2774,27.664,30.882,25.565,2.53505,2.51304,130.573,1.8654,1.9408,9.0082,8.93,99.132,83.77,False,
BAT-003,359,2023-03-18T00:54:49,3.649,4.1553,2.9893,1.6186,-1.6663,29.318,36.823,25.825,2.55324,2.5296,129.187,1.6421,1.5106,9.3168,9.2306,99.074,84.32,False,
BAT-003,360,2023-03-18T04:57:28,3.6202,4.0258,3.003,1.4155,-1.449,30.041,37.421,26.555,2.5372,2.50105,127.504,1.7966,1.7453,9.1851,9.0542,98.575,83.37,False,
BAT-003,361,2023-03-18T09:55:05,3.4654,3.9647,2.85,1.4698,-1.4675,30.139,37.683,27.276,2.51997,2.49414,132.29,1.8072,1.6444,8.7328,8.6433,98.975,83.14,False,
BAT-003,362,2023-03-18T14:01:39,3.658,4.1147,2.9506,1.3319,-1.6047,29.626,35.274,27.557,2.5235,2.49778,129.453,1.8574,1.5363,9.2308,9.1368,98.981,83.26,False,
BAT-003,363,2023-03-18T19:19:59,3.6125,3.9814,2.927,1.4645,-1.3628,30.509,34.722,25.744,2.52585,2.50059,137.709,1.8576,1.925,9.1245,9.0333,99.0,83.35,False,
BAT-003,364,2023-03-19T01:03:45,3.486,3.8382,2.85,1.6344,-1.6571,29.724,35.709,26.823,2.51351,2.49157,134.967,1.5973,1.5411,8.7621,8.6857,99.127,83.05,False,
BAT-003,365,2023-03-19T05:28:28,3.6376,4.1119,2.9836,1.7683,-1.2814,30.391,37.703,26.393,2.51017,2.49595,134.167,1.4642,1.9274,9.1309,9.0792,99.434,83.2,False,
BAT-003,366,2023-03-19T09:58:58,3.631,4.103,2.9498,1.7196,-1.5295,27.132,34.844,23.149,2.53437,2.50503,130.423,1.5924,1.6254,9.2023,9.0958,98.842,83.5,False,
BAT-003,367,2023-03-19T14:24:46,3.5419,4.0903,2.9896,1.4324,-1.4324,28.17,31.305,24.552,2.5317,2.49979,133.805,1.8512,1.7305,8.967,8.854,98.74,83.33,False,
BAT-003,368,2023-03-19T19:02:58,3.5347,4.0494,2.9311,1.6279,-1.541,31.241,38.11,28.32,2.52831,2.50383,130.012,1.5882,1.7044,8.9367,8.8502,99.032,83.46,False,
BAT-003,369,2023-03-19T23:06:36,3.4978,3.9997,2.85,1.7913,-1.2195,32.472,38.504,29.508,2.51183,2.49581,128.373,1.5213,2.0575,8.7858,8.7298,99.362,83.19,False,
BAT-003,370,2023-03-20T03:33:30,3.5081,3.8821,2.85,1.7167,-1.2581,32.377,39.394,30.142,2.5122,2.49704,131.302,1.4478,2.0445,8.813,8.7598,99.397,83.23,False,
BAT-003,371,2023-03-20T08:54:43,3.5922,4.0993,2.9063,1.5874,-1.6962,27.809,33.905,24.279,2.528,2.49334,129.459,1.5751,1.4451,9.0812,8.9567,98.629,83.11,False,
BAT-003,372,2023-03-20T13:54:02,3.6198,3.9859,2.9987,1.656,-1.2807,29.686,34.274,27.491,2.51907,2.48971,133.642,1.6727,2.0275,9.1185,9.0122,98.834,82.99,False,
BAT-003,373,2023-03-20T19:13:19,3.6404,4.0251,2.9549,1.7536,-1.2879,29.007,34.948,24.008,2.54059,2.50333,132.275,1.5501,2.0261,9.2487,9.113,98.533,83.44,False,
BAT-003,374,2023-03-21T00:18:38,3.584,4.0311,2.979,1.6921,-1.6102,32.816,40.455,29.707,2.51352,2.48846,126.917,1.4351,1.4939,9.0085,8.9187,99.003,82.95,False,
BAT-003,375,2023-03-21T04:28:53,3.565,4.1059,2.9255,1.3446,-1.3156,28.882,33.911,24.827,2.514,2.48374,131.017,1.9633,1.9078,8.9624,8.8545,98.796,82.79,False,
BAT-003,376,2023-03-21T09:05:21,3.5869,4.0714,2.9363,1.3198,-1.3006,30.059,33.379,27.101,2.50376,2.48198,131.818,2.0264,1.8349,8.9808,8.9027,99.13,82.73,False,
BAT-003,377,2023-03-21T13:37:04,3.5063,3.9236,2.914,1.5479,-1.3147,27.345,32.349,22.655,2.51183,2.49431,132.327,1.7675,1.9377,8.8072,8.7458,99.303,83.14,False,
BAT-003,378,2023-03-21T18:08:47,3.4704,3.8851,2.85,1.4615,-1.3824,30.467,36.444,27.735,2.51433,2.49424,131.763,1.6456,1.8685,8.7258,8.6561,99.201,83.14,False,
BAT-003,379,2023-03-21T22:53:56,3.5801,4.0367,2.9297,1.3479,-1.5729,30.827,34.099,26.417,2.5193,2.49464,129.767,2.0181,1.5448,9.0193,8.9311,99.021,83.15,False,
BAT-003,380,2023-03-22T03:59:36,3.6029,4.0231,2.8847,1.3193,-1.2936,29.148,35.13,27.133,2.51156,2.48126,128.377,1.9727,1.8948,9.0489,8.9397,98.794,82.71,False,
BAT-003,381,2023-03-22T09:18:21,3.5611,4.0697,2.85,1.7057,-1.6738,28.556,34.818,26.051,2.50132,2.478,130.855,1.608,1.4924,8.9075,8.8244,99.068,82.6,False,
BAT-003,382,2023-03-22T13:17:55,3.6007,4.0601,2.9473,1.6787,-1.2525,31.246,39.165,26.497,2.51743,2.49038,129.806,1.6397,1.9013,9.0646,8.9672,98.925,83.01,False,
BAT-003,383,2023-03-22T17:44:37,3.5277,3.9813,2.9196,1.5622,-1.2562,32.381,38.473,28.579,2.49561,2.48098,136.162,1.6226,1.9343,8.8037,8.7522,99.414,82.7,False,
BAT-003,384,2023-03-22T21:53:55,3.5586,4.0678,2.9894,1.6041,-1.4423,30.273,38.259,26.04,2.50423,2.48149,137.259,1.6856,1.7209,8.9115,8.8305,99.092,82.72,False,
BAT-003,385,2023-03-23T02:21:56,3.5681,3.9613,2.85,1.3724,-1.6057,26.099,32.417,21.368,2.51012,2.47914,136.844,1.9518,1.5943,8.9562,8.8457,98.766,82.64,False,
BAT-003,386,2023-03-23T06:48:12,3.6178,4.0141,3.01,1.771,-1.4769,29.611,35.607,24.837,2.48916,2.45884,132.716,1.5184,1.6251,9.0053,8.8956,98.782,81.96,False,
BAT-003,387,2023-03-23T11:46:26,3.5146,3.9983,2.85,1.3655,-1.5505,30.272,35.326,26.023,2.50217,2.47884,127.357,1.8933,1.6463,8.794,8.7121,99.068,82.63,False,
BAT-003,388,2023-03-23T16:55:46,3.605,3.9729,2.9339,1.6754,-1.2986,28.376,34.088,25.136,2.49693,2.46463,131.953,1.6117,1.8351,9.0013,8.8849,98.706,82.15,False,
BAT-003,389,2023-03-23T22:02:00,3.4856,3.9419,2.8907,1.7032,-1.5081,28.63,33.42,24.055,2.49226,2.46886,134.537,1.451,1.673,8.687,8.6055,99.061,82.3,False,
BAT-003,390,2023-03-24T01:47:53,3.5521,4.0471,2.9992,1.3811,-1.2944,29.997,37.45,27.806,2.49051,2.46709,137.609,1.9437,1.9669,8.8465,8.7633,99.06,82.24,False,
BAT-003,391,2023-03-24T06:19:25,3.5986,4.0307,2.9036,1.4464,-1.6358,29.326,34.059,25.707,2.4922,2.4712,132.99,1.7039,1.584,8.9684,8.8928,99.157,82.37,False,
BAT-003,392,2023-03-24T10:45:54,3.6048,3.9731,2.8643,1.5283,-1.647,30.977,34.503,27.726,2.50624,2.46974,134.442,1.6061,1.45,9.0344,8.9028,98.544,82.32,False,
BAT-003,393,2023-03-24T15:23:37,3.5464,3.9135,2.8787,1.4724,-1.512,31.077,35.161,27.692,2.49932,2.4632,136.668,1.691,1.5867,8.8635,8.7354,98.555,82.11,False,
BAT-003,394,2023-03-24T20:19:33,3.5459,4.0646,2.85,1.557,-1.4145,29.239,36.347,25.947,2.48336,2.46441,133.672,1.592,1.7609,8.8056,8.7385,99.237,82.15,False,
BAT-003,395,2023-03-25T01:18:36,3.5041,3.9426,2.85,1.7573,-1.4031,30.663,34.111,28.414,2.47819,2.46219,136.763,1.415,1.774,8.6837,8.6277,99.355,82.07,False,
BAT-003,396,2023-03-25T05:00:47,3.5059,3.8902,2.9033,1.7615,-1.6989,27.857,31.917,24.705,2.50105,2.46468,136.43,1.4438,1.3912,8.7685,8.641,98.546,82.16,False,
BAT-003,397,2023-03-25T08:34:10,3.5939,4.0304,2.8777,1.383,-1.6437,29.272,36.889,26.856,2.48692,2.46877,136.026,1.9274,1.4296,8.9377,8.8724,99.27,82.29,False,
BAT-003,398,2023-03-25T13:38:57,3.4834,3.8998,2.85,1.7266,-1.4321,29.772,37.355,25.705,2.46552,2.45279,134.627,1.4255,1.7064,8.5883,8.544,99.484,81.76,False,
BAT-003,399,2023-03-25T17:37:33,3.5749,3.947,3.0246,1.6946,-1.4712,28.484,34.17,25.84,2.48872,2.4703,130.675,1.5491,1.7129,8.897,8.8311,99.26,82.34,False,
BAT-003,400,2023-03-25T21:29:10,3.4735,3.9699,2.8774,1.6963,-1.581,29.588,32.929,26.747,2.47158,2.45409,134.805,1.4204,1.6234,8.5851,8.5244,99.293,81.8,False,
BAT-003,401,2023-03-26T02:15:24,3.4904,3.8659,2.8959,1.4633,-1.4044,26.751,32.352,23.641,2.47796,2.45309,135.737,1.7354,1.7323,8.6491,8.5623,98.997,81.77,False,
BAT-003,402,2023-03-26T07:40:16,3.5402,4.0422,2.85,1.5468,-1.3285,30.396,34.504,26.872,2.48747,2.46075,137.073,1.732,1.8345,8.8062,8.7116,98.926,82.03,False,
BAT-003,403,2023-03-26T12:34:22,3.4942,3.9451,2.8693,1.3487,-1.2985,33.348,38.542,28.953,2.47924,2.46553,129.373,1.8323,1.9824,8.6629,8.615,99.447,82.18,False,
BAT-003,404,2023-03-26T17:18:43,3.5232,4.0417,2.956,1.4473,-1.4658,28.679,34.502,25.21,2.4834,2.44792,132.743,1.8777,1.606,8.7496,8.6246,98.571,81.6,False,
BAT-003,405,2023-03-26T22:27:56,3.5109,4.0368,2.8664,1.3033,-1.2283,30.221,36.611,27.016,2.48341,2.45316,136.785,1.8796,2.0403,8.719,8.6128,98.782,81.77,False,
BAT-003,406,2023-03-27T03:20:31,3.6169,4.0086,2.9005,1.4457,-1.6796,28.757,36.304,24.12,2.48995,2.46751,134.05,1.8594,1.4014,9.006,8.9248,99.099,82.25,False,
BAT-003,407,2023-03-27T08:22:39,3.5728,4.0788,2.9371,1.6227,-1.2929,29.052,36.009,25.233,2.48091,2.46039,131.227,1.6321,1.9048,8.8638,8.7905,99.173,82.01,False,
BAT-003,408,2023-03-27T12:59:04,3.6186,4.0708,2.969,1.71,-1.3416,28.989,32.994,24.352,2.48789,2.45164,137.276,1.5002,1.8901,9.0025,8.8714,98.543,81.72,False,
BAT-003,409,2023-03-27T17:36:52,3.5243,3.9923,2.8521,1.6104,-1.2186,29.588,37.066,25.502,2.4794,2.44453,137.638,1.4889,1.9207,8.7382,8.6153,98.593,81.48,False,
BAT-003,410,2023-03-27T21:46:01,3.5693,3.986,2.9548,1.5127,-1.6948,30.83,36.565,26.401,2.48244,2.45244,135.323,1.6028,1.4333,8.8605,8.7535,98.792,81.75,False,
BAT-003,411,2023-03-28T02:15:54,3.6338,4.1066,3.0324,1.3936,-1.3871,30.033,37.076,25.871,2.46936,2.4533,139.189,1.9053,1.7105,8.9732,8.9149,99.35,81.78,False,
BAT-003,412,2023-03-28T06:50:45,3.5439,3.9097,2.9314,1.7378,-1.2283,30.994,36.809,27.401,2.46427,2.44803,137.37,1.4547,1.8969,8.7332,8.6757,99.341,81.6,False,
BAT-003,413,2023-03-28T10:46:06,3.5568,4.0626,2.8528,1.5524,-1.649,31.849,38.132,27.486,2.48152,2.44561,135.577,1.6161,1.5504,8.8263,8.6986,98.553,81.52,False,
BAT-003,414,2023-03-28T15:55:01,3.5413,3.9087,2.85,1.7795,-1.2471,27.885,35.189,25.557,2.46899,2.45129,136.99,1.3694,1.9443,8.7435,8.6808,99.283,81.71,False,
BAT-003,415,2023-03-28T20:59:09,3.5429,4.0191,2.9879,1.6904,-1.5669,33.383,37.171,29.575,2.44341,2.42794,136.394,1.5425,1.5519,8.6568,8.6021,99.367,80.93,False,
BAT-003,416,2023-03-29T00:46:35,3.6425,4.1372,2.896,1.6473,-1.2462,33.048,40.127,29.965,2.47225,2.44521,132.161,1.6338,1.8873,9.0051,8.9066,98.906,81.51,False,
BAT-003,417,2023-03-29T05:05:44,3.4862,3.9655,2.85,1.4195,-1.5002,29.768,36.504,27.385,2.47607,2.44315,133.159,1.9187,1.5622,8.6322,8.5174,98.67,81.44,False,
BAT-003,418,2023-03-29T10:06:17,3.5725,4.0666,2.9064,1.3872,-1.6621,31.162,36.988,26.402,2.4549,2.43643,136.725,1.9235,1.4172,8.77,8.704,99.248,81.21,False,
BAT-003,419,2023-03-29T14:18:12,3.557,3.9892,2.8688,1.6926,-1.3848,27.61,32.376,23.718,2.44268,2.4224,139.633,1.5355,1.8157,8.6887,8.6166,99.17,80.75,False,
BAT-003,420,2023-03-29T19:35:50,3.5705,4.0743,2.8659,1.4427,-1.6429,29.984,37.725,26.611,2.46688,2.43329,136.323,1.8777,1.5233,8.8081,8.6882,98.639,81.11,False,
BAT-003,421,2023-03-30T00:28:41,3.5895,3.9894,2.9111,1.4606,-1.4289,29.29,33.963,26.16,2.45856,2.42599,136.545,1.6134,1.6197,8.8249,8.708,98.675,80.87,False,
BAT-003,422,2023-03-30T05:17:55,3.4956,4.0349,2.85,1.497,-1.4664,27.208,33.717,22.299,2.44806,2.43537,132.451,1.5856,1.6031,8.5575,8.5131,99.481,81.18,False,
BAT-003,423,2023-03-30T09:55:49,3.5874,4.102,3.0163,1.4663,-1.5694,29.274,35.274,25.215,2.45028,2.43503,139.245,1.7496,1.6096,8.7901,8.7354,99.378,81.17,False,
BAT-003,424,2023-03-30T14:38:33,3.6028,4.0488,2.9049,1.6138,-1.2428,32.598,39.657,27.608,2.46133,2.43055,137.435,1.5557,1.8747,8.8676,8.7567,98.75,81.02,False,
BAT-003,425,2023-03-30T19:07:20,3.5381,3.8938,2.8844,1.5378,-1.3729,31.084,36.139,27.368,2.42698,2.41315,138.044,1.7088,1.7337,8.587,8.5381,99.43,80.44,False,
BAT-003,426,2023-03-30T23:39:42,3.5974,4.1342,2.9533,1.5395,-1.2215,31.217,36.917,28.656,2.46043,2.4395,138.517,1.627,1.9539,8.8512,8.7759,99.149,81.32,False,
BAT-003,427,2023-03-31T03:46:26,3.5994,3.9677,2.8625,1.7608,-1.4033,31.176,38.431,27.585,2.46204,2.43414,134.811,1.3529,1.6678,8.862,8.7616,98.867,81.14,False,
BAT-003,428,2023-03-31T07:29:28,3.5066,4.0049,2.85,1.5655,-1.5864,30.758,36.686,27.444,2.45549,2.42873,134.909,1.5107,1.5291,8.6105,8.5166,98.91,80.96,False,
BAT-003,429,2023-03-31T12:18:04,3.6284,4.0126,2.9087,1.3766,-1.3384,30.335,37.471,26.951,2.45808,2.43429,135.273,1.9564,1.8362,8.9188,8.8325,99.032,81.14,False,
BAT-003,430,2023-03-31T17:30:01,3.5836,4.0304,2.9623,1.5194,-1.3111,30.578,35.18,25.971,2.44461,2.42785,139.657,1.7228,1.7781,8.7605,8.7004,99.315,80.93,False,
BAT-003,431,2023-03-31T21:37:59,3.5357,3.9074,2.85,1.6836,-1.5659,31.56,36.911,29.113,2.45506,2.43612,141.166,1.494,1.6047,8.6805,8.6135,99.229,81.2,False,
BAT-003,432,2023-04-01T02:31:16,3.5028,3.9371,2.9205,1.6807,-1.4661,30.286,34.232,27.562,2.43722,2.40756,131.703,1.5283,1.7,8.537,8.4331,98.783,80.25,False,
BAT-003,433,2023-04-01T06:30:55,3.5557,4.0599,2.9097,1.4109,-1.4012,31.854,37.381,27.161,2.4482,2.41707,135.697,1.7554,1.6879,8.705,8.5943,98.728,80.57,False,
BAT-003,434,2023-04-01T11:54:07,3.6384,4.0699,2.9796,1.716,-1.6427,32.585,39.925,28.733,2.4184,2.4061,135.441,1.3457,1.4074,8.799,8.7543,99.491,80.2,False,
BAT-003,435,2023-04-01T15:13:24,3.4731,3.9195,2.85,1.5604,-1.5944,30.421,36.024,25.576,2.43721,2.41483,136.438,1.5999,1.574,8.4645,8.3868,99.082,80.49,False,
BAT-003,436,2023-04-01T18:57:05,3.5585,4.0706,2.9415,1.7686,-1.3253,30.889,37.748,27.674,2.45353,2.41938,137.697,1.392,1.7928,8.731,8.6095,98.608,80.65,False,
BAT-003,437,2023-04-02T00:06:24,3.5503,3.9864,2.9879,1.3003,-1.4265,29.353,34.538,25.799,2.44793,2.41194,134.283,1.9143,1.6953,8.691,8.5632,98.53,80.4,False,
BAT-003,438,2023-04-02T05:22:47,3.5437,4.0821,2.8852,1.5465,-1.5823,28.908,34.037,26.412,2.45235,2.41997,137.619,1.7049,1.5616,8.6905,8.5758,98.68,80.67,False,
BAT-003,439,2023-04-02T09:21:50,3.5949,3.9883,2.8961,1.3581,-1.4491,30.227,34.923,25.838,2.42816,2.40286,141.186,1.7134,1.7042,8.7291,8.6381,98.958,80.1,False,
BAT-003,440,2023-04-02T14:15:02,3.5968,4.1448,3.0402,1.5766,-1.284,30.03,33.77,27.449,2.44686,2.41374,141.319,1.4886,1.7874,8.8008,8.6816,98.646,80.46,False,
BAT-003,441,2023-04-02T19:06:20,3.5856,4.0233,2.9377,1.585,-1.6287,32.863,40.757,28.683,2.43095,2.41776,137.818,1.6845,1.492,8.7164,8.6691,99.457,80.59,False,
BAT-003,442,2023-04-02T23:47:59,3.472,3.8763,2.85,1.6613,-1.2716,31.211,35.427,26.722,2.42615,2.39609,140.135,1.5884,1.821,8.4237,8.3193,98.761,79.87,False,
BAT-003,443,2023-04-03T04:20:02,3.5354,4.0237,2.9579,1.72,-1.5774,29.513,35.006,25.115,2.44273,2.41479,142.491,1.5484,1.5082,8.636,8.5373,98.856,80.49,False,
BAT-003,444,2023-04-03T09:04:32,3.5061,4.0009,2.85,1.4724,-1.5699,31.992,36.727,29.368,2.44791,2.41403,140.529,1.8008,1.5563,8.5825,8.4637,98.616,80.47,False,
BAT-003,445,2023-04-03T13:37:23,3.5493,4.0938,2.85,1.4074,-1.6618,31.884,38.886,29.502,2.42226,2.40695,141.927,1.6832,1.4851,8.5973,8.5429,99.368,80.23,False,
BAT-003,446,2023-04-03T18:39:44,3.5499,3.9036,2.8713,1.6199,-1.4275,30.827,34.502,28.673,2.43423,2.41106,138.23,1.5394,1.6946,8.6412,8.5589,99.048,80.37,False,
BAT-003,447,2023-04-03T22:47:46,3.5997,4.057,3.0459,1.4777,-1.312,30.443,36.856,27.266,2.41465,2.39659,138.934,1.6841,1.8742,8.6921,8.6271,99.252,79.89,False,
BAT-003,448,2023-04-04T03:13:25,3.4968,3.9579,2.85,1.5655,-1.4071,30.221,34.191,25.743,2.43929,2.40786,140.981,1.7095,1.7181,8.5298,8.4199,98.711,80.26,False,
BAT-003,449,2023-04-04T07:42:46,3.6195,3.9919,2.9602,1.5937,-1.4986,31.09,37.696,28.363,2.42218,2.40551,141.937,1.66,1.5615,8.7671,8.7067,99.312,80.18,False,
BAT-003,450,2023-04-04T11:27:37,3.4996,3.8855,2.8638,1.3683,-1.369,29.677,36.758,25.489,2.4085,2.39169,139.732,1.7163,1.6742,8.4288,8.37,99.302,79.72,False,
BAT-003,451,2023-04-04T15:23:21,3.6302,3.9958,3.0484,1.3133,-1.2691,30.414,33.797,28.234,2.40991,2.38651,140.699,1.7758,1.9123,8.7484,8.6635,99.029,79.55,False,
BAT-003,452,2023-04-04T19:36:23,3.5501,3.9841,2.9028,1.4699,-1.361,30.182,36.541,26.33,2.42841,2.4072,143.64,1.7353,1.8467,8.621,8.5458,99.127,80.24,False,
BAT-003,453,2023-04-05T00:23:53,3.5932,3.9866,2.9412,1.3343,-1.3183,31.228,36.547,29.148,2.42035,2.39772,137.226,1.7398,1.8951,8.6968,8.6154,99.065,79.92,False,
BAT-003,454,2023-04-05T05:58:05,3.5269,3.9844,2.85,1.4803,-1.6348,32.035,37.122,28.567,2.41157,2.39517,145.905,1.6923,1.5229,8.5055,8.4476,99.32,79.84,False,
BAT-003,455,2023-04-05T10:22:11,3.5193,4.0391,2.9535,1.4672,-1.3252,26.711,34.374,22.261,2.41269,2.39132,137.325,1.6412,1.7965,8.491,8.4158,99.114,79.71,False,
BAT-003,456,2023-04-05T14:40:41,3.6284,4.1332,3.0106,1.4479,-1.3907,32.668,39.399,29.243,2.40314,2.38837,138.356,1.7972,1.7824,8.7196,8.666,99.385,79.61,False,
BAT-003,457,2023-04-05T18:59:29,3.6012,4.0955,2.9571,1.7216,-1.5029,29.336,36.413,25.169,2.42349,2.40162,145.015,1.3633,1.6511,8.7274,8.6487,99.098,80.05,False,
BAT-003,458,2023-04-05T22:57:51,3.4777,3.9884,2.85,1.7714,-1.6105,31.556,38.487,27.827,2.41996,2.39688,142.69,1.3565,1.559,8.416,8.3357,99.046,79.9,False,
BAT-003,459,2023-04-06T03:46:20,3.6465,4.0298,2.9331,1.5579,-1.2298,30.44,37.382,26.994,2.40366,2.37189,138.6,1.635,1.84,8.765,8.6491,98.678,79.06,False,
BAT-003,460,2023-04-06T08:13:28,3.6113,4.0729,2.9459,1.7435,-1.6315,28.85,34.177,26.277,2.40314,2.38571,143.42,1.3266,1.4319,8.6784,8.6155,99.275,79.52,False,
BAT-003,461,2023-04-06T12:23:56,3.5373,3.9262,2.9668,1.788,-1.2638,30.94,35.528,27.328,2.42706,2.39326,139.336,1.4673,1.9763,8.5851,8.4656,98.607,79.78,False,
BAT-003,462,2023-04-06T16:42:10,3.4742,3.9693,2.85,1.7206,-1.3494,28.832,33.451,26.131,2.4003,2.38239,138.74,1.3256,1.7188,8.339,8.2768,99.254,79.41,False,
BAT-003,463,2023-04-06T20:25:30,3.4976,3.9047,2.8859,1.6202,-1.6695,33.372,38.158,28.533,2.40634,2.39093,137.825,1.5474,1.4904,8.4164,8.3625,99.359,79.7,False,
BAT-003,464,2023-04-07T00:00:16,3.4901,3.9572,2.85,1.5836,-1.5663,31.488,39.059,29.32,2.39623,2.38254,138.306,1.5017,1.5141,8.3631,8.3153,99.429,79.42,False,
BAT-003,465,2023-04-07T03:51:34,3.4563,3.8064,2.85,1.6108,-1.2692,29.68,36.768,25.247,2.40741,2.37936,138.293,1.6277,1.8108,8.3207,8.2238,98.835,79.31,False,
BAT-003,466,2023-04-07T08:34:53,3.5831,4.0887,2.9872,1.7214,-1.2929,30.759,34.429,26.768,2.40803,2.37723,143.025,1.4924,1.8177,8.6282,8.5178,98.721,79.24,False,
BAT-003,467,2023-04-07T12:45:29,3.4683,3.8758,2.8629,1.3885,-1.5584,30.466,38.087,26.193,2.39634,2.3774,141.446,1.7438,1.5803,8.3112,8.2455,99.21,79.25,False,
BAT-003,468,2023-04-07T17:30:34,3.4959,3.8692,2.8569,1.6081,-1.2778,29.954,37.021,27.187,2.39336,2.37405,141.481,1.4352,1.8265,8.367,8.2995,99.194,79.14,False,
BAT-003,469,2023-04-07T22:40:26,3.5727,4.0542,2.85,1.612,-1.3324,31.773,35.3,28.236,2.41411,2.38843,145.285,1.641,1.839,8.625,8.5332,98.936,79.61,False,
BAT-003,470,2023-04-08T03:49:02,3.5205,3.915,2.9134,1.3868,-1.3087,30.523,35.239,26.041,2.40855,2.37521,138.339,1.6667,1.9025,8.4792,8.3619,98.616,79.17,False,
BAT-003,471,2023-04-08T09:02:00,3.541,4.0412,2.981,1.3183,-1.6375,29.758,36.363,27.16,2.40011,2.37573,141.758,1.8296,1.4209,8.4988,8.4125,98.985,79.19,False,
BAT-003,472,2023-04-08T13:31:10,3.5322,3.9001,2.9588,1.5398,-1.5951,30.236,33.584,25.333,2.42305,2.39017,140.566,1.7166,1.5212,8.5586,8.4425,98.643,79.67,False,
BAT-003,473,2023-04-08T18:16:48,3.5587,4.0752,2.8718,1.4448,-1.5116,29.18,33.532,24.876,2.40789,2.38066,139.094,1.6014,1.5946,8.5689,8.472,98.869,79.36,False,
BAT-003,474,2023-04-08T23:28:28,3.5575,3.9718,2.897,1.5698,-1.4719,30.435,35.199,27.444,2.38708,2.35469,139.03,1.4958,1.59,8.4921,8.3769,98.643,78.49,False,
BAT-003,475,2023-04-09T03:14:12,3.4886,3.9827,2.85,1.7351,-1.5505,31.468,37.213,28.448,2.38976,2.37622,138.299,1.4914,1.5896,8.337,8.2898,99.434,79.21,False,
BAT-003,476,2023-04-09T07:17:20,3.5757,4.1014,2.9765,1.6987,-1.5448,31.931,37.039,29.724,2.3953,2.37539,144.793,1.4659,1.5974,8.5648,8.4936,99.169,79.18,False,
BAT-003,477,2023-04-09T11:01:44,3.5162,3.9483,2.85,1.5145,-1.5076,31.543,35.823,28.129,2.394,2.37089,143.649,1.6726,1.6438,8.4178,8.3366,99.035,79.03,False,
BAT-003,478,2023-04-09T14:54:30,3.6136,4.1386,2.9531,1.376,-1.5696,31.851,38.452,27.426,2.39393,2.36704,140.444,1.8029,1.4735,8.6508,8.5537,98.877,78.9,False,
BAT-003,479,2023-04-09T19:20:27,3.5393,4.0435,2.85,1.4361,-1.4347,31.977,39.061,27.552,2.3985,2.37086,142.456,1.8036,1.6081,8.4889,8.3911,98.848,79.03,False,
BAT-003,480,2023-04-10T00:22:31,3.5551,4.0554,2.85,1.6021,-1.6185,32.933,39.365,29.64,2.24867,2.23514,163.405,1.3927,1.3568,7.9942,7.946,99.398,74.5,True,capacity_drop
BAT-003,481,2023-04-10T03:49:24,3.6228,4.1415,2.9839,1.412,-1.3451,32.603,36.212,28.508,2.38029,2.35872,140.946,1.6586,1.7278,8.6233,8.5451,99.094,78.62,False,
BAT-003,482,2023-04-10T07:42:52,3.4855,3.8385,2.85,1.6207,-1.5218,31.505,38.845,29.073,2.39546,2.38051,145.818,1.5799,1.6123,8.3495,8.2974,99.376,79.35,False,
BAT-003,483,2023-04-10T11:27:39,3.5226,3.904,2.85,1.5475,-1.5199,33.501,38.563,30.023,2.38864,2.36389,144.959,1.6746,1.5391,8.4142,8.327,98.964,78.8,False,
BAT-003,484,2023-04-10T16:08:16,3.4947,3.9902,2.85,1.6469,-1.2017,31.588,37.611,26.624,2.38743,2.36097,144.831,1.5434,1.9509,8.3434,8.2509,98.891,78.7,False,
BAT-003,485,2023-04-10T21:08:47,3.5134,4.01,2.8866,1.6779,-1.4442,29.656,36.354,25.363,2.36938,2.34971,144.18,1.4325,1.7021,8.3247,8.2556,99.17,78.32,False,
BAT-003,486,2023-04-11T01:23:20,3.5601,3.9629,2.9336,1.38,-1.6935,30.749,34.617,26.455,2.39085,2.36743,146.115,1.8023,1.429,8.5117,8.4283,99.02,78.91,False,
BAT-003,487,2023-04-11T05:59:49,3.598,3.951,2.8869,1.5196,-1.5468,30.747,37.595,25.8,2.38664,2.36997,142.335,1.5518,1.5757,8.587,8.527,99.302,79.0,False,
BAT-003,488,2023-04-11T10:31:55,3.5252,4.05,2.8574,1.6792,-1.5016,31.59,38.44,29.494,2.3749,2.35619,146.175,1.4097,1.5891,8.372,8.306,99.212,78.54,False,
BAT-003,489,2023-04-11T15:26:48,3.5578,3.9337,2.8848,1.3262,-1.4145,32.984,40.765,29.894,2.38977,2.35503,143.357,1.8441,1.6441,8.5024,8.3788,98.546,78.5,False,
BAT-003,490,2023-04-11T19:38:27,3.5556,3.9064,2.85,1.3298,-1.6351,31.603,38.699,29.544,2.38091,2.35084,147.453,1.8423,1.485,8.4656,8.3587,98.737,78.36,False,
BAT-003,491,2023-04-12T00:17:08,3.5512,4.03,2.9231,1.3957,-1.2087,30.177,35.958,26.236,2.3685,2.34573,145.505,1.8106,1.9653,8.411,8.3301,99.039,78.19,False,
BAT-003,492,2023-04-12T05:10:52,3.4999,3.9518,2.9031,1.6198,-1.2452,29.838,37.167,25.534,2.37262,2.35489,141.392,1.5461,1.8857,8.3039,8.2419,99.253,78.5,False,
BAT-003,493,2023-04-12T09:46:59,3.4717,3.8242,2.8711,1.3019,-1.4087,33.931,39.116,31.333,2.37769,2.35182,145.549,1.8784,1.722,8.2546,8.1648,98.912,78.39,False,
BAT-003,494,2023-04-12T14:19:13,3.5184,3.9456,2.85,1.7245,-1.4014,30.446,38.23,26.936,2.38016,2.3556,139.194,1.5168,1.725,8.3743,8.2878,98.968,78.52,False,
BAT-003,495,2023-04-12T18:27:30,3.5275,3.9856,2.85,1.6754,-1.2319,30.036,35.637,25.625,2.3467,2.33134,144.781,1.4807,1.9019,8.2781,8.2239,99.345,77.71,False,
BAT-003,496,2023-04-12T23:33:13,3.5644,3.9929,2.8967,1.4655,-1.4048,30.882,37.59,28.041,2.36183,2.34878,137.687,1.6039,1.6476,8.4186,8.3721,99.447,78.29,False,
BAT-003,497,2023-04-13T03:57:12,3.5681,3.9461,2.9138,1.7385,-1.4302,33.323,37.102,29.112,2.38637,2.35848,146.413,1.4498,1.679,8.5147,8.4152,98.831,78.62,False,
BAT-003,498,2023-04-13T08:34:35,3.4993,3.9124,2.8705,1.3946,-1.5161,34.182,41.788,30.496,2.37424,2.34511,143.585,1.6877,1.4804,8.3082,8.2063,98.773,78.17,False,
BAT-003,499,2023-04-13T12:38:37,3.5449,4.0098,2.8646,1.5316,-1.3335,29.133,34.04,25.005,2.3986,2.36375,147.784,1.5281,1.7719,8.5028,8.3792,98.547,78.79,False,
BAT-003,500,2023-04-13T17:52:56,3.5114,3.8833,2.85,1.3903,-1.3971,33.648,39.545,30.856,2.36691,2.34959,141.643,1.6175,1.5988,8.3112,8.2504,99.268,78.32,False,
BAT-004,1,2023-01-01T09:00:00,3.603,4.0553,2.9636,1.583,-1.3861,30.54,37.723,26.498,3.02338,2.99389,84.178,1.9077,2.1484,10.8931,10.7869,99.025,99.8,False,
BAT-004,2,2023-01-01T13:53:39,3.5555,4.0554,2.85,1.7087,-1.4475,25.866,32.176,21.415,3.01532,2.98966,85.901,1.9355,2.0566,10.721,10.6297,99.149,99.66,False,
BAT-004,3,2023-01-01T19:23:19,3.4697,3.8943,2.85,1.6077,-1.2839,28.062,31.999,26.044,3.01481,2.9972,86.326,2.0544,2.224,10.4604,10.3993,99.416,99.91,False,
BAT-004,4,2023-01-02T00:40:46,3.5839,4.0376,2.8567,1.3541,-1.4349,30.452,33.636,25.515,3.01753,2.99149,86.669,2.3625,2.0257,10.8146,10.7213,99.137,99.72,False,
BAT-004,5,2023-01-02T06:10:17,3.6411,4.0611,2.9047,1.7423,-1.3466,28.071,35.489,24.059,3.01107,2.97581,90.304,1.807,2.2454,10.9636,10.8352,98.829,99.19,False,
BAT-004,6,2023-01-02T12:06:18,3.6112,4.0238,2.9279,1.5251,-1.6814,30.671,37.258,27.006,3.00478,2.98443,84.062,1.8946,1.7696,10.8508,10.7773,99.323,99.48,False,
BAT-004,7,2023-01-02T16:18:47,3.6364,4.1673,3.0562,1.3033,-1.4653,27.336,34.732,23.314,3.0231,2.98623,87.548,2.4426,2.0733,10.9932,10.8592,98.781,99.54,False,
BAT-004,8,2023-01-02T22:20:51,3.5495,3.9928,2.9114,1.4663,-1.4077,28.961,32.517,24.47,3.02995,2.99491,86.203,2.1976,2.0929,10.7547,10.6304,98.844,99.83,False,
BAT-004,9,2023-01-03T04:33:20,3.5262,4.0199,2.85,1.6392,-1.5836,30.44,36.197,25.727,3.02555,2.98505,88.444,1.9791,1.8544,10.6686,10.5258,98.661,99.5,False,
BAT-004,10,2023-01-03T10:06:35,3.5564,4.0966,2.9341,1.4185,-1.2389,29.652,33.651,27.458,2.98396,2.96443,84.048,2.255,2.3518,10.6123,10.5428,99.346,98.81,False,
BAT-004,11,2023-01-03T16:05:08,3.5376,3.9497,2.9657,1.3578,-1.4478,29.0,33.117,26.505,3.00144,2.97156,88.48,2.366,2.0421,10.6178,10.5121,99.004,99.05,False,
BAT-004,12,2023-01-03T21:49:21,3.5327,3.9544,2.9554,1.7568,-1.5662,30.602,38.13,28.09,3.01097,2.98422,90.717,1.6533,1.8431,10.6368,10.5423,99.112,99.47,False,
BAT-004,13,2023-01-04T03:13:06,3.5786,3.9472,2.8864,1.4974,-1.4675,31.035,37.915,26.959,3.01701,2.97867,89.441,2.0741,2.029,10.7966,10.6594,98.729,99.29,False,
BAT-004,14,2023-01-04T08:19:37,3.4759,3.8321,2.8852,1.5851,-1.5406,30.091,35.134,26.361,2.99236,2.97544,91.678,1.9624,1.998,10.4011,10.3423,99.435,99.18,False,
BAT-004,15,2023-01-04T14:00:58,3.5555,4.051,2.9657,1.4802,-1.6563,28.757,32.015,25.54,2.99039,2.95073,89.382,1.9679,1.7559,10.6325,10.4914,98.674,98.36,False,
BAT-004,16,2023-01-04T19:03:27,3.542,3.973,2.8626,1.363,-1.6584,29.068,33.155,25.885,2.99525,2.96588,89.739,2.1197,1.7029,10.6093,10.5052,99.019,98.86,False,
BAT-004,17,2023-01-05T00:45:14,3.6241,3.9857,3.0362,1.4979,-1.3705,28.95,33.282,24.557,3.00391,2.96596,93.537,1.9074,2.2272,10.8864,10.7489,98.737,98.87,False,
BAT-004,18,2023-01-05T05:58:42,3.5931,3.9499,2.9906,1.3594,-1.249,28.47,35.498,25.376,3.002,2.9621,86.453,2.3255,2.471,10.7864,10.6431,98.671,98.74,False,
BAT-004,19,2023-01-05T11:36:22,3.511,3.8931,2.85,1.6238,-1.3383,28.921,34.289,24.802,3.00358,2.96433,85.933,1.9348,2.204,10.5457,10.4079,98.693,98.81,False,
BAT-004,20,2023-01-05T16:41:03,3.5012,4.0132,2.9258,1.3813,-1.472,28.135,35.956,24.22,2.99147,2.95466,90.598,2.0789,1.9959,10.4736,10.3447,98.769,98.49,False,
BAT-004,21,2023-01-05T21:35:31,3.5892,3.9788,2.9621,1.7027,-1.3869,29.214,37.144,24.901,2.97211,2.95007,87.932,1.8836,2.1073,10.6675,10.5884,99.259,98.34,False,
BAT-004,22,2023-01-06T02:57:42,3.6138,4.0801,2.8924,1.6867,-1.2991,28.973,32.178,25.084,2.9779,2.94986,90.451,1.8837,2.371,10.7615,10.6602,99.059,98.33,False,
BAT-004,23,2023-01-06T08:14:55,3.6189,4.0679,3.0269,1.5866,-1.386,27.112,30.524,24.893,2.97124,2.95167,96.276,1.8855,2.2203,10.7526,10.6817,99.341,98.39,False,
BAT-004,24,2023-01-06T13:56:21,3.5288,3.9578,2.9526,1.7268,-1.6201,29.703,35.763,26.612,2.97295,2.95128,89.755,1.6753,1.8488,10.491,10.4145,99.271,98.38,False,
BAT-004,25,2023-01-06T19:06:12,3.4644,3.8306,2.903,1.4669,-1.3788,31.096,35.745,28.674,2.97175,2.95259,91.728,2.2123,2.2218,10.2953,10.2289,99.355,98.42,False,
BAT-004,26,2023-01-07T00:13:26,3.5097,4.0051,2.85,1.4205,-1.3607,30.05,34.388,27.183,2.97756,2.9578,94.551,2.2433,2.2284,10.4503,10.381,99.336,98.59,False,
BAT-004,27,2023-01-07T06:14:04,3.6166,3.9948,3.0414,1.6664,-1.4958,30.464,35.846,25.982,2.98721,2.957,94.201,1.7357,1.9538,10.8036,10.6944,98.988,98.57,False,
BAT-004,28,2023-01-07T11:33:52,3.6318,4.1574,2.9262,1.7308,-1.2085,30.661,34.958,27.839,2.9719,2.94436,93.856,1.7007,2.4095,10.7933,10.6933,99.074,98.15,False,
BAT-004,29,2023-01-07T16:47:26,3.5299,3.8799,2.85,1.4695,-1.4881,29.716,35.27,25.774,2.96825,2.94468,91.212,2.1977,1.8858,10.4776,10.3944,99.206,98.16,False,
BAT-004,30,2023-01-07T21:53:54,3.5207,4.0423,2.85,1.4428,-1.2661,30.127,36.008,25.237,2.97816,2.93886,85.618,2.0868,2.2861,10.4853,10.3469,98.68,97.96,False,
BAT-004,31,2023-01-08T03:12:27,3.5324,4.0455,2.9353,1.5294,-1.5364,29.242,34.898,24.7,2.98645,2.96208,94.194,2.0261,1.9246,10.5494,10.4634,99.184,98.74,False,
BAT-004,32,2023-01-08T08:54:59,3.5714,3.9821,2.9343,1.7146,-1.3502,29.178,37.135,26.258,2.98188,2.94301,91.041,1.6841,2.2793,10.6495,10.5106,98.696,98.1,False,
BAT-004,33,2023-01-08T13:38:11,3.5196,4.0535,2.9346,1.3868,-1.5458,28.532,33.478,24.213,2.95094,2.93511,88.894,2.0314,1.9603,10.3862,10.3305,99.464,97.84,False,
BAT-004,34,2023-01-08T19:12:47,3.5187,4.0138,2.915,1.7603,-1.5896,26.744,31.557,22.221,2.9697,2.9363,94.456,1.6824,1.933,10.4494,10.3319,98.875,97.88,False,
BAT-004,35,2023-01-08T23:21:52,3.5533,4.0778,2.9297,1.705,-1.5406,30.033,34.749,27.402,2.94359,2.92567,96.194,1.6565,1.9024,10.4594,10.3958,99.391,97.52,False,
BAT-004,36,2023-01-09T04:14:00,3.6269,4.1287,2.9719,1.3952,-1.6314,31.408,38.572,28.701,2.9851,2.94242,93.197,2.2105,1.7884,10.8267,10.6719,98.57,98.08,False,
BAT-004,37,2023-01-09T09:41:31,3.4731,3.8711,2.9086,1.4778,-1.5376,30.255,34.984,28.003,2.95016,2.93042,90.642,2.1238,1.8851,10.2462,10.1776,99.331,97.68,False,
BAT-004,38,2023-01-09T14:34:40,3.6317,4.0028,3.0503,1.6869,-1.4688,30.991,38.83,27.477,2.9837,2.94048,97.428,1.7114,2.0457,10.8359,10.6789,98.551,98.02,False,
BAT-004,39,2023-01-09T19:08:48,3.5321,3.9074,2.9205,1.5521,-1.3271,30.489,36.414,27.285,2.9735,2.93377,88.075,1.9323,2.3205,10.5026,10.3622,98.664,97.79,False,
BAT-004,40,2023-01-10T00:04:02,3.6191,4.0748,3.0135,1.4797,-1.613,30.505,37.347,26.021,2.96348,2.92325,93.643,2.1147,1.7316,10.7253,10.5797,98.642,97.44,False,
BAT-004,41,2023-01-10T05:31:39,3.4819,3.846,2.8842,1.6451,-1.2686,30.868,33.924,26.389,2.92953,2.91457,93.167,1.7017,2.3279,10.2002,10.1481,99.49,97.15,False,
BAT-004,42,2023-01-10T10:55:50,3.6247,4.1592,2.9279,1.7145,-1.6821,30.431,37.966,28.302,2.94965,2.92406,95.523,1.6622,1.7367,10.6915,10.5988,99.132,97.47,False,
BAT-004,43,2023-01-10T15:30:38,3.602,4.0153,2.9117,1.6242,-1.6149,28.741,31.773,23.909,2.95826,2.92789,93.607,1.7423,1.8457,10.6558,10.5464,98.973,97.6,False,
BAT-004,44,2023-01-10T20:04:52,3.4934,3.8474,2.8885,1.569,-1.4189,28.674,33.58,25.502,2.95291,2.91392,95.524,1.8863,2.1332,10.3157,10.1795,98.68,97.13,False,
BAT-004,45,2023-01-11T00:37:36,3.5921,4.0655,2.8614,1.7231,-1.4577,31.646,36.608,27.318,2.9472,2.92212,92.38,1.6685,1.9136,10.5867,10.4966,99.149,97.4,False,
BAT-004,46,2023-01-11T05:31:11,3.4744,3.9246,2.85,1.4237,-1.2616,30.055,35.276,27.753,2.94505,2.9093,91.508,2.2058,2.2073,10.2324,10.1082,98.786,96.98,False,
BAT-004,47,2023-01-11T11:48:51,3.4759,3.93,2.85,1.4649,-1.3363,27.496,31.859,25.082,2.94857,2.91371,94.85,2.0207,2.1376,10.2489,10.1278,98.818,97.12,False,
BAT-004,48,2023-01-11T17:06:18,3.4934,4.0016,2.9,1.4578,-1.4278,28.781,32.599,24.073,2.96536,2.93301,90.784,2.0305,2.1533,10.3592,10.2462,98.909,97.77,False,
BAT-004,49,2023-01-11T22:13:01,3.5654,4.0662,2.8982,1.425,-1.3299,28.702,36.329,26.287,2.92611,2.90068,91.115,2.0136,2.0953,10.4327,10.342,99.131,96.69,False,
BAT-004,50,2023-01-12T03:07:40,3.6073,4.0137,2.9661,1.5647,-1.3028,26.913,32.813,24.577,2.95107,2.91211,93.256,2.0453,2.191,10.6454,10.5049,98.68,97.07,False,
BAT-004,51,2023-01-12T08:05:54,3.4992,3.936,2.85,1.4829,-1.4797,29.848,34.772,25.013,2.91649,2.89901,96.051,2.0971,2.0064,10.2055,10.1444,99.401,96.63,False,
BAT-004,52,2023-01-12T13:09:31,3.5849,3.9495,3.011,1.3001,-1.3796,29.967,35.142,26.174,2.96419,2.92486,95.337,2.3697,2.1318,10.6263,10.4853,98.673,97.5,False,
BAT-004,53,2023-01-12T18:29:58,3.6173,4.0919,2.9709,1.6443,-1.6487,30.529,37.316,25.882,2.94706,2.90408,94.577,1.9149,1.6777,10.6604,10.5049,98.542,96.8,False,
BAT-004,54,2023-01-12T22:35:32,3.522,4.0323,2.85,1.646,-1.2692,30.701,36.724,27.7,2.93987,2.90417,100.821,1.7526,2.3764,10.3542,10.2285,98.786,96.81,False,
BAT-004,55,2023-01-13T03:26:03,3.5774,3.9395,2.9639,1.4464,-1.6095,29.824,33.316,25.214,2.94181,2.90915,100.13,1.9377,1.7176,10.5241,10.4072,98.89,96.97,False,
BAT-004,56,2023-01-13T08:18:06,3.6143,4.0985,3.0548,1.718,-1.4356,27.898,32.401,24.392,2.92837,2.90868,102.886,1.6228,1.976,10.5842,10.513,99.327,96.96,False,
BAT-004,57,2023-01-13T12:54:16,3.4936,3.8914,2.863,1.6118,-1.5283,30.419,36.094,25.969,2.92452,2.90991,93.985,1.7799,1.9101,10.217,10.166,99.501,97.0,False,
BAT-004,58,2023-01-13T17:45:57,3.5891,3.9975,2.9198,1.3656,-1.4081,28.614,34.966,24.322,2.9142,2.88709,93.539,2.3245,1.9933,10.4594,10.3622,99.07,96.24,False,
BAT-004,59,2023-01-13T23:54:39,3.5152,3.9851,2.85,1.4026,-1.2787,28.985,34.542,25.735,2.93097,2.89157,92.354,2.2634,2.1512,10.3028,10.1643,98.656,96.39,False,
BAT-004,60,2023-01-14T04:56:44,3.6081,3.9985,3.0049,1.6844,-1.336,31.013,36.93,26.448,2.92733,2.90791,96.968,1.6597,2.281,10.562,10.492,99.337,96.93,False,
BAT-004,61,2023-01-14T10:49:57,3.5288,3.9137,2.9261,1.3041,-1.4901,29.288,35.397,25.333,2.92276,2.89383,97.495,2.1514,1.9837,10.3139,10.2118,99.01,96.46,False,
BAT-004,62,2023-01-14T16:04:52,3.606,4.0424,3.0491,1.5693,-1.5304,29.054,35.093,26.153,2.90939,2.87816,99.282,1.8227,1.8035,10.4914,10.3788,98.927,95.94,False,
BAT-004,63,2023-01-14T21:15:42,3.5927,3.981,3.001,1.7664,-1.2078,29.001,33.887,25.023,2.92579,2.89611,98.322,1.6283,2.5084,10.5114,10.4048,98.985,96.54,False,
BAT-004,64,2023-01-15T02:23:43,3.5837,3.9614,2.8928,1.5897,-1.4828,28.594,34.862,25.496,2.92698,2.89544,98.529,1.8371,1.904,10.4893,10.3762,98.923,96.51,False,
BAT-004,65,2023-01-15T07:29:56,3.5001,4.0199,2.85,1.6831,-1.3752,28.113,35.774,25.265,2.90146,2.88357,96.214,1.6555,2.0279,10.1554,10.0927,99.383,96.12,False,
BAT-004,66,2023-01-15T13:01:43,3.6368,4.0911,2.8952,1.4007,-1.4989,29.436,33.751,27.228,2.91332,2.88472,98.837,2.079,1.868,10.5951,10.4911,99.018,96.16,False,
BAT-004,67,2023-01-15T18:40:23,3.6208,3.9841,3.0488,1.7286,-1.6229,27.051,30.789,23.471,2.91761,2.89144,96.941,1.7727,1.7517,10.5639,10.4692,99.103,96.38,False,
BAT-004,68,2023-01-15T22:49:17,3.5063,3.9477,2.85,1.7318,-1.4787,29.045,33.374,24.636,2.92175,2.88737,95.978,1.7426,1.9192,10.2446,10.1241,98.823,96.25,False,
BAT-004,69,2023-01-16T03:51:29,3.5372,3.969,2.85,1.3904,-1.2926,26.732,30.034,24.507,2.90262,2.88127,101.431,1.9867,2.1502,10.2671,10.1915,99.264,96.04,False,
BAT-004,70,2023-01-16T09:27:20,3.4836,4.0328,2.85,1.63,-1.458,32.895,36.616,30.693,2.8984,2.87318,100.33,1.907,1.8729,10.0969,10.0091,99.13,95.77,False,
BAT-004,71,2023-01-16T14:34:40,3.5703,3.9518,2.9614,1.655,-1.2116,31.614,37.199,28.582,2.90431,2.87988,97.526,1.7552,2.4479,10.3694,10.2822,99.159,96.0,False,
BAT-004,72,2023-01-16T19:51:14,3.6084,4.0313,2.9554,1.3149,-1.567,29.617,35.322,25.24,2.9276,2.88541,98.467,2.3126,1.8331,10.564,10.4117,98.559,96.18,False,
BAT-004,73,2023-01-17T01:00:13,3.5846,4.0092,3.0253,1.3845,-1.4128,32.958,36.18,29.32,2.91655,2.87592,99.566,2.1479,2.0196,10.4548,10.3091,98.607,95.86,False,
BAT-004,74,2023-01-17T06:50:51,3.5546,4.0825,2.9827,1.5997,-1.3411,30.618,35.805,27.768,2.8844,2.87001,98.933,1.7133,2.1386,10.2528,10.2016,99.501,95.67,False,
BAT-004,75,2023-01-17T11:39:58,3.569,4.0624,2.85,1.3139,-1.398,28.266,34.394,23.315,2.8814,2.86673,99.728,2.318,2.0966,10.2838,10.2314,99.491,95.56,False,
BAT-004,76,2023-01-17T16:41:41,3.6221,4.0135,2.9865,1.7334,-1.6191,30.705,36.807,25.726,2.90202,2.8709,98.122,1.6803,1.7051,10.5115,10.3988,98.928,95.7,False,
BAT-004,77,2023-01-17T20:46:45,3.588,4.0809,3.0073,1.5601,-1.2926,27.14,32.292,23.326,2.90401,2.86661,101.487,1.9107,2.3233,10.4195,10.2853,98.712,95.55,False,
BAT-004,78,2023-01-18T02:51:49,3.4881,4.0159,2.85,1.4152,-1.5794,31.262,36.15,26.648,2.88127,2.86348,100.992,2.236,1.8979,10.0502,9.9882,99.383,95.45,False,
BAT-004,79,2023-01-18T08:36:37,3.5056,3.9084,2.8563,1.3552,-1.6045,30.146,35.244,27.057,2.90081,2.87987,101.494,2.2196,1.8451,10.1689,10.0955,99.278,96.0,False,
BAT-004,80,2023-01-18T14:31:44,3.5611,4.046,2.9312,1.543,-1.5463,29.546,36.281,26.484,2.87918,2.85221,102.202,1.9365,1.9068,10.253,10.157,99.063,95.07,False,
BAT-004,81,2023-01-18T18:54:25,3.5169,3.872,2.85,1.3171,-1.258,30.516,38.339,26.878,2.90505,2.87455,101.749,2.1987,2.2648,10.2167,10.1094,98.95,95.82,False,
BAT-004,82,2023-01-19T00:43:25,3.5512,4.0645,2.8827,1.6462,-1.442,28.794,34.971,26.085,2.87836,2.85643,102.518,1.906,1.9503,10.2217,10.1438,99.238,95.21,False,
BAT-004,83,2023-01-19T05:59:13,3.6193,3.9983,2.8969,1.4286,-1.5059,32.206,39.877,27.86,2.90899,2.87015,102.86,2.0368,1.9657,10.5286,10.3881,98.665,95.67,False,
BAT-004,84,2023-01-19T10:49:42,3.567,4.0283,2.85,1.3724,-1.3779,30.701,35.241,27.372,2.92125,2.88514,97.97,2.2689,2.102,10.4202,10.2913,98.764,96.17,False,
BAT-004,85,2023-01-19T15:58:50,3.5034,3.91,2.85,1.7867,-1.366,27.657,31.613,23.714,2.88602,2.86308,101.515,1.7746,2.1606,10.111,10.0307,99.205,95.44,False,
BAT-004,86,2023-01-19T20:45:37,3.5102,3.9302,2.8879,1.5041,-1.3725,32.748,37.875,29.425,2.8805,2.8587,98.167,1.9647,2.0529,10.1111,10.0346,99.243,95.29,False,
BAT-004,87,2023-01-20T02:24:35,3.4787,3.9998,2.8804,1.48,-1.379,29.929,33.865,24.993,2.88576,2.85692,99.433,1.8704,2.1699,10.0386,9.9383,99.001,95.23,False,
BAT-004,88,2023-01-20T07:03:12,3.6467,4.0206,2.9002,1.4213,-1.2363,29.253,34.569,24.498,2.88438,2.86289,100.43,1.933,2.3679,10.5184,10.44,99.255,95.43,False,
BAT-004,89,2023-01-20T12:14:41,3.5712,3.9224,2.8737,1.5998,-1.4113,28.085,34.894,25.872,2.89285,2.85844,97.662,1.8922,2.0636,10.3308,10.2079,98.811,95.28,False,
BAT-004,90,2023-01-20T17:02:08,3.6294,3.9928,3.0104,1.6142,-1.3666,30.561,34.511,28.132,2.86373,2.83481,95.075,1.7469,2.1524,10.3936,10.2886,98.99,94.49,False,
BAT-004,91,2023-01-20T22:27:22,3.6177,4.1182,2.885,1.4567,-1.3644,29.567,34.609,25.283,2.87595,2.85312,99.392,2.0346,2.0309,10.4042,10.3216,99.206,95.1,False,
BAT-004,92,2023-01-21T03:33:23,3.4611,3.8345,2.8956,1.6933,-1.2448,31.466,36.366,27.001,2.86134,2.84559,103.68,1.6517,2.1911,9.9033,9.8488,99.45,94.85,False,
BAT-004,93,2023-01-21T08:14:30,3.507,3.9012,2.916,1.7441,-1.21,30.302,33.509,25.822,2.8851,2.84726,100.823,1.6771,2.2536,10.118,9.9853,98.688,94.91,False,
BAT-004,94,2023-01-21T13:52:15,3.6421,4.0403,3.0103,1.6483,-1.358,29.498,33.686,25.509,2.88589,2.84666,101.365,1.7531,2.0029,10.5108,10.3679,98.641,94.89,False,
BAT-004,95,2023-01-21T19:34:43,3.6071,4.0782,2.9013,1.4362,-1.3423,30.881,35.48,27.089,2.86119,2.83838,101.565,1.9391,2.2103,10.3206,10.2383,99.203,94.61,False,
BAT-004,96,2023-01-22T01:18:42,3.5396,3.9112,2.9465,1.3748,-1.287,30.952,38.933,26.999,2.8806,2.85121,102.188,2.2999,2.2325,10.1961,10.0921,98.98,95.04,False,
BAT-004,97,2023-01-22T06:46:09,3.6275,4.1633,3.0509,1.6841,-1.3174,28.745,36.24,25.511,2.87634,2.86011,96.138,1.7943,2.2551,10.4338,10.375,99.436,95.34,False,
BAT-004,98,2023-01-22T12:37:29,3.5686,3.9236,2.85,1.5369,-1.5932,33.615,37.8,29.934,2.86124,2.84253,104.026,2.0132,1.7464,10.2107,10.1439,99.346,94.75,False,
BAT-004,99,2023-01-22T17:22:39,3.5656,4.0432,3.0054,1.66,-1.6008,28.775,35.142,25.09,2.85059,2.83528,101.849,1.7106,1.7578,10.1641,10.1095,99.463,94.51,False,
BAT-004,100,2023-01-22T21:28:36,3.5534,3.9721,2.9149,1.5937,-1.6616,31.634,35.906,27.092,2.84737,2.83251,103.889,1.7121,1.6659,10.118,10.0652,99.478,94.42,False,
BAT-004,101,2023-01-23T01:31:00,3.5934,3.9899,2.9361,1.6677,-1.4515,29.614,35.259,25.97,2.86174,2.82957,101.082,1.7101,2.0185,10.2833,10.1677,98.876,94.32,False,
BAT-004,102,2023-01-23T06:03:25,3.5763,4.1213,2.9521,1.5029,-1.4956,31.759,37.535,26.859,2.87373,2.83849,99.127,1.8846,1.8312,10.2772,10.1511,98.774,94.62,False,
BAT-004,103,2023-01-23T10:54:29,3.5656,3.9649,2.9739,1.4533,-1.5936,31.807,35.788,28.572,2.87008,2.83568,105.755,1.9702,1.8055,10.2337,10.111,98.801,94.52,False,
BAT-004,104,2023-01-23T16:31:08,3.4986,3.9644,2.85,1.6215,-1.6095,30.975,37.692,26.974,2.86495,2.83527,100.777,1.6996,1.7343,10.0233,9.9194,98.964,94.51,False,
BAT-004,105,2023-01-23T20:29:40,3.62,4.0856,2.923,1.7998,-1.4051,30.633,36.889,25.872,2.84887,2.82671,100.449,1.693,1.9241,10.313,10.2327,99.222,94.22,False,
BAT-004,106,2023-01-24T01:40:51,3.5848,3.9977,2.8915,1.376,-1.6249,32.508,38.438,30.267,2.85207,2.8307,101.845,2.2658,1.8131,10.224,10.1474,99.251,94.36,False,
BAT-004,107,2023-01-24T06:32:42,3.5511,4.0024,2.85,1.3239,-1.6596,29.398,33.177,26.105,2.8699,2.83327,104.813,2.2612,1.7743,10.1912,10.0611,98.723,94.44,False,
BAT-004,108,2023-01-24T11:19:12,3.5781,4.1228,2.9998,1.7742,-1.4821,30.901,34.491,26.977,2.87237,2.83557,103.752,1.742,1.9681,10.2777,10.146,98.719,94.52,False,
BAT-004,109,2023-01-24T15:32:42,3.5958,4.0726,3.0253,1.422,-1.3894,30.545,37.785,27.961,2.83422,2.81689,102.423,1.9322,2.0731,10.1913,10.129,99.388,93.9,False,
BAT-004,110,2023-01-24T20:14:26,3.5537,4.0374,2.9599,1.4783,-1.5298,29.894,33.473,27.044,2.85749,2.82876,104.866,1.8671,1.7639,10.1547,10.0526,98.995,94.29,False,
BAT-004,111,2023-01-25T01:51:09,3.4696,3.9643,2.85,1.3106,-1.2685,27.992,32.643,25.801,2.86661,2.83728,103.61,2.1767,2.1445,9.946,9.8442,98.977,94.58,False,
BAT-004,112,2023-01-25T07:55:49,3.5999,4.1083,2.9478,1.7792,-1.345,33.979,41.019,29.297,2.85515,2.82305,103.862,1.7524,2.0769,10.2783,10.1628,98.876,94.1,False,
BAT-004,113,2023-01-25T13:18:31,3.5366,4.0487,2.8873,1.3734,-1.3993,30.233,33.576,25.514,2.85836,2.82588,107.195,2.1305,1.9366,10.1087,9.9939,98.864,94.2,False,
BAT-004,114,2023-01-25T18:57:02,3.4899,3.9838,2.85,1.7104,-1.6587,31.183,38.966,26.396,2.83965,2.81442,107.269,1.7845,1.6616,9.9101,9.8221,99.112,93.81,False,
BAT-004,115,2023-01-25T23:09:30,3.5668,4.0582,2.8837,1.3233,-1.4302,29.689,33.151,26.066,2.86228,2.82428,101.461,2.0703,2.0563,10.2091,10.0735,98.672,94.14,False,
BAT-004,116,2023-01-26T04:27:37,3.5545,4.0342,2.8965,1.5816,-1.5723,31.562,36.092,26.795,2.84353,2.82522,106.952,1.8034,1.756,10.1073,10.0422,99.356,94.17,False,
BAT-004,117,2023-01-26T08:59:13,3.595,3.9618,2.9222,1.348,-1.4294,30.813,37.217,26.577,2.83454,2.81157,101.485,2.0727,1.9067,10.1901,10.1076,99.19,93.72,False,
BAT-004,118,2023-01-26T14:05:44,3.5891,4.0147,2.8567,1.6886,-1.2746,29.559,34.967,25.431,2.87051,2.83713,105.318,1.7941,2.3119,10.3025,10.1827,98.837,94.57,False,
BAT-004,119,2023-01-26T19:50:36,3.5813,4.103,3.0065,1.4682,-1.618,31.161,37.941,27.714,2.84228,2.81914,106.955,1.912,1.7468,10.179,10.0961,99.186,93.97,False,
BAT-004,120,2023-01-27T00:35:53,3.5605,4.0332,2.9647,1.55,-1.4328,29.287,35.969,26.483,2.84339,2.81337,103.944,1.8782,1.9519,10.1239,10.017,98.944,93.78,False,
BAT-004,121,2023-01-27T05:37:43,3.5224,4.0539,2.9634,1.3367,-1.6669,31.244,39.14,26.759,2.85297,2.81961,104.258,2.0663,1.6243,10.0492,9.9317,98.831,93.99,False,
BAT-004,122,2023-01-27T11:17:06,3.553,4.0344,2.9937,1.5976,-1.5305,31.271,38.082,27.39,2.83825,2.80908,102.406,1.6903,1.9181,10.0843,9.9806,98.972,93.64,False,
BAT-004,123,2023-01-27T16:03:42,3.5152,4.0239,2.85,1.3665,-1.554,28.533,34.104,23.546,2.8308,2.8143,109.147,2.056,1.731,9.951,9.893,99.417,93.81,False,
BAT-004,124,2023-01-27T20:23:31,3.5633,4.0727,2.8788,1.6309,-1.5652,32.857,37.866,29.937,2.82723,2.79929,107.74,1.6728,1.7996,10.0743,9.9748,99.012,93.31,False,
BAT-004,125,2023-01-28T01:04:24,3.5182,3.9004,2.9342,1.6782,-1.2333,31.429,39.334,28.002,2.83531,2.8137,106.671,1.7587,2.3135,9.9751,9.8991,99.238,93.79,False,
BAT-004,126,2023-01-28T05:56:23,3.4946,3.8663,2.9187,1.5867,-1.4247,29.216,32.351,25.101,2.8398,2.81445,106.525,1.9285,1.9803,9.9238,9.8352,99.107,93.81,False,
BAT-004,127,2023-01-28T11:36:35,3.5377,3.9547,2.9247,1.744,-1.3255,30.564,35.197,25.709,2.82285,2.8066,105.421,1.5837,2.1648,9.9865,9.929,99.424,93.55,False,
BAT-004,128,2023-01-28T16:41:00,3.4791,4.0,2.85,1.7395,-1.5997,31.57,35.545,28.602,2.83614,2.79439,107.907,1.7191,1.7435,9.8672,9.7219,98.528,93.15,False,
BAT-004,129,2023-01-28T20:42:42,3.549,3.9268,2.85,1.7247,-1.549,29.879,34.167,27.397,2.80241,2.78723,104.283,1.56,1.8393,9.9458,9.8919,99.458,92.91,False,
BAT-004,130,2023-01-29T00:51:15,3.5548,3.9935,2.897,1.6868,-1.3191,31.003,37.585,26.764,2.82147,2.79082,104.644,1.6488,2.029,10.0296,9.9207,98.914,93.03,False,
BAT-004,131,2023-01-29T05:08:29,3.6342,4.1292,3.0321,1.4704,-1.3202,32.397,39.866,30.276,2.81391,2.79574,103.117,1.8955,2.1069,10.2264,10.1604,99.354,93.19,False,
BAT-004,132,2023-01-29T10:25:35,3.5237,4.009,2.8554,1.7095,-1.4365,30.459,34.832,26.322,2.82714,2.79004,108.13,1.6105,1.8923,9.9621,9.8313,98.687,93.0,False,
BAT-004,133,2023-01-29T15:08:57,3.6078,4.0333,2.8886,1.7126,-1.2554,29.595,34.123,25.972,2.81605,2.79537,104.458,1.7392,2.1172,10.1597,10.0851,99.266,93.18,False,
BAT-004,134,2023-01-29T20:16:33,3.6046,3.9969,2.9007,1.3189,-1.4964,30.866,34.065,28.117,2.82401,2.7951,107.49,2.0589,1.9113,10.1795,10.0753,98.977,93.17,False,
BAT-004,135,2023-01-30T01:48:17,3.5058,3.9926,2.9436,1.7738,-1.2115,27.565,32.37,25.115,2.81574,2.79869,106.249,1.5979,2.4193,9.8713,9.8115,99.394,93.29,False,
BAT-004,136,2023-01-30T07:06:55,3.4732,3.9885,2.8926,1.3895,-1.6721,30.256,34.683,26.496,2.8242,2.78407,106.223,2.005,1.6641,9.8091,9.6697,98.579,92.8,False,
BAT-004,137,2023-01-30T11:47:11,3.4897,3.9913,2.85,1.6928,-1.6873,30.045,37.888,26.164,2.80271,2.76787,109.285,1.6299,1.6582,9.7806,9.659,98.757,92.26,False,
BAT-004,138,2023-01-30T15:52:16,3.6135,3.9641,2.8801,1.5947,-1.3054,30.907,34.528,26.187,2.80115,2.77889,109.549,1.7294,2.2226,10.122,10.0415,99.205,92.63,False,
BAT-004,139,2023-01-30T20:43:11,3.5264,4.0748,2.85,1.4279,-1.5762,30.905,38.534,27.626,2.80438,2.79014,111.589,1.922,1.7299,9.8893,9.8391,99.492,93.0,False,
BAT-004,140,2023-01-31T01:06:15,3.5994,3.9682,2.9157,1.3037,-1.6162,32.26,36.494,28.839,2.80085,2.77845,106.629,2.1255,1.7248,10.0813,10.0007,99.201,92.62,False,
BAT-004,141,2023-01-31T06:18:43,3.4775,3.8646,2.85,1.5473,-1.2524,32.732,40.323,28.227,2.81199,2.78508,105.39,1.9234,2.1971,9.7786,9.6851,99.043,92.84,False,
BAT-004,142,2023-01-31T11:48:57,3.6225,4.0497,2.9406,1.4626,-1.2778,32.814,37.173,30.134,2.83479,2.80262,107.154,2.0385,2.2458,10.2689,10.1524,98.865,93.42,False,
BAT-004,143,2023-01-31T17:17:09,3.5529,3.947,2.9272,1.7735,-1.588,29.78,37.177,27.266,2.8115,2.77293,111.263,1.6723,1.799,9.989,9.852,98.628,92.43,False,
BAT-004,144,2023-01-31T21:35:49,3.5911,4.0045,2.9167,1.3134,-1.6675,31.778,38.52,28.927,2.80218,2.7833,111.456,2.0531,1.5961,10.0629,9.9951,99.326,92.78,False,
BAT-004,145,2023-02-01T02:58:05,3.3584,3.8212,2.85,2.4271,-1.375,46.512,53.854,42.233,2.7967,2.77546,123.905,1.0962,2.0332,9.3925,9.3212,99.241,92.52,True,resistance_spike
BAT-004,146,2023-02-01T06:36:46,3.4838,4.0173,2.85,1.653,-1.5901,27.866,33.338,23.368,2.82908,2.7876,106.636,1.7613,1.711,9.856,9.7115,98.534,92.92,False,
BAT-004,147,2023-02-01T10:35:29,3.5359,3.907,2.9312,1.715,-1.4009,31.217,36.929,27.406,2.78407,2.76795,105.354,1.5814,1.9466,9.8443,9.7873,99.421,92.26,False,
BAT-004,148,2023-02-01T15:33:07,3.5833,4.077,2.8879,1.3155,-1.6509,32.76,37.115,29.307,2.79634,2.77722,108.286,2.1176,1.7507,10.0201,9.9516,99.316,92.57,False,
BAT-004,149,2023-02-01T20:29:40,3.4927,4.0016,2.8751,1.5635,-1.5134,30.993,38.989,27.473,2.81629,2.77708,113.114,1.885,1.8888,9.8364,9.6994,98.608,92.57,False,
BAT-004,150,2023-02-02T00:58:24,3.5351,3.9183,2.9831,1.4982,-1.4774,30.359,36.559,25.497,2.81815,2.77724,105.031,2.0664,1.9424,9.9623,9.8177,98.548,92.57,False,
BAT-004,151,2023-02-02T06:08:52,3.6047,4.0823,3.0106,1.3766,-1.6365,32.213,35.581,28.336,2.80377,2.77591,107.132,2.1501,1.6317,10.1066,10.0062,99.007,92.53,False,
BAT-004,152,2023-02-02T10:44:24,3.6171,4.1077,2.9556,1.7216,-1.588,30.34,34.087,25.917,2.81251,2.77287,110.287,1.56,1.7775,10.1731,10.0297,98.591,92.43,False,
BAT-004,153,2023-02-02T15:17:29,3.6237,3.9742,3.0476,1.4348,-1.5261,27.9,31.491,22.955,2.80901,2.77602,113.826,1.8917,1.7926,10.1791,10.0596,98.825,92.53,False,
BAT-004,154,2023-02-02T20:47:26,3.5566,3.9079,2.85,1.4406,-1.606,31.805,35.54,27.235,2.78888,2.7662,104.314,2.1278,1.6452,9.919,9.8383,99.187,92.21,False,
BAT-004,155,2023-02-03T01:18:54,3.4922,3.8766,2.8891,1.4621,-1.2693,30.899,35.605,27.075,2.81126,2.78261,110.289,1.9326,2.1082,9.8174,9.7173,98.981,92.75,False,
BAT-004,156,2023-02-03T07:09:53,3.5709,4.0509,2.8634,1.3775,-1.6859,28.786,33.12,25.249,2.78718,2.76446,108.628,1.9238,1.6304,9.9528,9.8717,99.185,92.15,False,
BAT-004,157,2023-02-03T11:30:45,3.5394,4.0549,2.8879,1.5482,-1.2567,28.535,33.338,24.439,2.81111,2.77619,115.111,1.9551,2.318,9.9495,9.8259,98.758,92.54,False,
BAT-004,158,2023-02-03T16:55:36,3.5494,3.9467,2.9435,1.4781,-1.4888,31.793,35.834,29.345,2.78566,2.75083,112.423,2.0192,1.9189,9.8875,9.7638,98.75,91.69,False,
BAT-004,159,2023-02-03T22:43:19,3.5593,4.0559,2.9647,1.7655,-1.355,32.744,40.065,29.174,2.78817,2.77052,105.903,1.6788,2.0956,9.924,9.8611,99.367,92.35,False,
BAT-004,160,2023-02-04T04:10:53,3.5602,3.9926,2.9699,1.5285,-1.6848,31.507,35.867,29.115,2.77608,2.75153,108.508,1.8565,1.5986,9.8835,9.796,99.115,91.72,False,
BAT-004,161,2023-02-04T09:10:02,3.4893,4.0205,2.85,1.7326,-1.2433,31.709,37.039,27.403,2.78122,2.76059,106.367,1.6732,2.187,9.7046,9.6326,99.258,92.02,False,
BAT-004,162,2023-02-04T13:55:29,3.6442,4.1122,2.9892,1.3114,-1.3649,31.654,37.126,28.954,2.76908,2.74403,113.261,2.0167,1.969,10.0909,9.9997,99.096,91.47,False,
BAT-004,163,2023-02-04T19:39:54,3.6292,4.0049,3.0748,1.3862,-1.607,32.124,37.826,29.123,2.7673,2.74859,108.945,2.1381,1.6582,10.0431,9.9752,99.324,91.62,False,
BAT-004,164,2023-02-05T00:10:16,3.5929,3.9715,2.9659,1.7071,-1.6584,31.044,34.655,26.109,2.79632,2.75904,110.418,1.6533,1.6336,10.0468,9.9128,98.667,91.97,False,
BAT-004,165,2023-02-05T04:08:16,3.515,3.9706,2.8779,1.4518,-1.3091,35.396,43.315,32.329,2.78262,2.75225,104.702,2.0215,2.1792,9.781,9.6742,98.908,91.74,False,
BAT-004,166,2023-02-05T08:52:44,3.5524,4.0588,2.8559,1.3479,-1.4814,29.572,36.927,25.694,2.7729,2.74547,107.631,2.0157,1.825,9.8503,9.7529,99.011,91.52,False,
BAT-004,167,2023-02-05T13:26:43,3.4847,4.028,2.85,1.7409,-1.4192,31.767,35.539,29.673,2.79442,2.75914,109.359,1.535,1.9814,9.7377,9.6148,98.737,91.97,False,
BAT-004,168,2023-02-05T17:57:59,3.6346,4.1401,2.8899,1.6541,-1.5615,32.273,40.161,29.374,2.76127,2.74447,111.954,1.7819,1.7427,10.0361,9.975,99.392,91.48,False,
BAT-004,169,2023-02-05T22:13:27,3.6432,4.0987,2.9055,1.4048,-1.2387,32.935,38.846,28.895,2.8043,2.76751,107.959,2.1406,2.1285,10.2167,10.0826,98.688,92.25,False,
BAT-004,170,2023-02-06T04:11:47,3.5767,4.03,2.9956,1.3249,-1.2557,33.429,39.627,29.717,2.80782,2.76761,111.701,2.2399,2.1024,10.0429,9.899,98.568,92.25,False,
BAT-004,171,2023-02-06T09:14:36,3.5909,4.1298,2.912,1.4597,-1.2071,31.589,36.745,29.148,2.78345,2.74824,114.198,1.8731,2.3762,9.9952,9.8688,98.735,91.61,False,
BAT-004,172,2023-02-06T14:05:31,3.5001,3.9807,2.8947,1.6148,-1.2683,30.839,38.354,27.274,2.77963,2.7412,113.923,1.8811,2.148,9.7289,9.5944,98.617,91.37,False,
BAT-004,173,2023-02-06T19:54:26,3.6436,4.1523,3.0487,1.3152,-1.304,30.218,33.507,27.738,2.75801,2.74188,112.348,2.2911,2.1014,10.0492,9.9904,99.415,91.4,False,
BAT-004,174,2023-02-07T02:02:04,3.5213,4.0697,2.908,1.5366,-1.5174,33.33,39.913,29.975,2.74493,2.72887,109.753,1.744,1.7859,9.6657,9.6092,99.415,90.96,False,
BAT-004,175,2023-02-07T06:45:19,3.5497,4.0578,2.9941,1.3583,-1.309,30.53,35.957,27.508,2.78129,2.74188,111.502,2.2441,2.0889,9.8726,9.7328,98.583,91.4,False,
BAT-004,176,2023-02-07T11:54:24,3.4762,3.9252,2.85,1.7248,-1.5407,34.83,41.543,30.807,2.77646,2.74859,109.822,1.5617,1.7809,9.6516,9.5548,98.996,91.62,False,
BAT-004,177,2023-02-07T16:23:56,3.5408,3.9698,2.85,1.4867,-1.5655,28.519,33.447,24.096,2.7678,2.74335,117.794,2.0276,1.7981,9.8002,9.7136,99.117,91.45,False,
BAT-004,178,2023-02-07T22:08:51,3.5857,4.0817,2.9333,1.5762,-1.4088,30.992,35.616,26.773,2.78469,2.74587,111.437,1.8122,1.9204,9.9851,9.8459,98.606,91.53,False,
BAT-004,179,2023-02-08T02:36:04,3.4823,3.9056,2.8855,1.4432,-1.5525,34.136,41.93,31.782,2.76629,2.73511,115.757,1.9106,1.6873,9.6331,9.5245,98.873,91.17,False,
BAT-004,180,2023-02-08T07:37:08,3.5348,4.0128,2.85,1.4964,-1.3394,32.612,35.96,30.486,2.75225,2.73297,108.673,1.872,1.9828,9.7286,9.6604,99.3,91.1,False,
BAT-004,181,2023-02-08T11:59:04,3.5478,3.9515,2.8516,1.3811,-1.666,31.569,36.042,26.639,2.77503,2.73898,112.516,2.111,1.5966,9.8452,9.7173,98.701,91.3,False,
BAT-004,182,2023-02-08T17:22:45,3.5266,3.9088,2.9142,1.3728,-1.2528,31.255,36.239,29.117,2.76287,2.73586,112.281,1.9558,2.0828,9.7435,9.6483,99.022,91.2,False,
BAT-004,183,2023-02-08T21:57:17,3.5328,4.0315,2.85,1.7942,-1.3378,31.604,34.795,29.311,2.75596,2.7221,111.675,1.6839,2.049,9.7363,9.6167,98.772,90.74,False,
BAT-004,184,2023-02-09T03:23:12,3.6131,3.9858,2.9534,1.7579,-1.5923,31.4,38.674,28.007,2.75109,2.7146,111.072,1.6475,1.6764,9.9398,9.808,98.674,90.49,False,
BAT-004,185,2023-02-09T07:30:10,3.5225,3.8867,2.85,1.564,-1.4781,32.312,35.717,27.568,2.77124,2.73365,114.712,1.8366,1.7976,9.7617,9.6292,98.643,91.12,False,
BAT-004,186,2023-02-09T11:56:53,3.5951,4.022,2.9377,1.46,-1.4394,28.789,33.009,24.415,2.7324,2.71708,110.844,1.852,1.8286,9.8233,9.7683,99.439,90.57,False,
BAT-004,187,2023-02-09T16:14:15,3.4965,3.8491,2.8998,1.6048,-1.228,31.732,37.541,27.55,2.74714,2.72233,112.798,1.8074,2.1388,9.6054,9.5187,99.097,90.74,False,
BAT-004,188,2023-02-09T20:47:48,3.5302,3.984,2.9784,1.449,-1.3322,33.451,40.394,30.697,2.74491,2.72473,113.762,1.8425,2.1173,9.6902,9.6189,99.265,90.82,False,
BAT-004,189,2023-02-10T01:49:51,3.6292,4.118,3.047,1.5416,-1.2594,30.039,37.623,28.027,2.75153,2.71753,111.999,1.9302,2.1663,9.9858,9.8624,98.764,90.58,False,
BAT-004,190,2023-02-10T06:39:15,3.5542,3.9267,2.8719,1.7402,-1.5472,30.53,37.754,28.434,2.74322,2.71507,109.902,1.6799,1.8025,9.7499,9.6498,98.974,90.5,False,
BAT-004,191,2023-02-10T11:09:41,3.6147,4.1226,2.9715,1.733,-1.5249,33.553,41.54,30.563,2.75892,2.72498,111.201,1.7463,1.8214,9.9726,9.8499,98.77,90.83,False,
BAT-004,192,2023-02-10T15:35:11,3.5011,3.8573,2.8678,1.6997,-1.2136,30.019,33.811,25.43,2.75169,2.71949,108.292,1.6329,2.3107,9.6339,9.5212,98.83,90.65,False,
BAT-004,193,2023-02-10T21:06:56,3.4712,3.9256,2.85,1.3655,-1.47,28.879,34.859,24.897,2.74611,2.71847,117.459,2.0195,1.8501,9.5322,9.4362,98.993,90.62,False,
BAT-004,194,2023-02-11T02:04:40,3.5041,4.0089,2.952,1.5137,-1.3539,31.708,35.425,27.373,2.75167,2.71646,111.685,1.9073,2.0753,9.6422,9.5188,98.72,90.55,False,
BAT-004,195,2023-02-11T08:02:45,3.6153,3.9868,2.8694,1.3284,-1.6812,31.906,37.368,27.054,2.74291,2.7104,111.635,2.1711,1.626,9.9163,9.7988,98.815,90.35,False,
BAT-004,196,2023-02-11T12:49:54,3.559,3.9859,2.85,1.7242,-1.4152,29.868,35.178,26.82,2.73396,2.71947,109.75,1.5986,1.9936,9.7302,9.6786,99.47,90.65,False,
BAT-004,197,2023-02-11T17:19:32,3.6251,4.1117,3.0568,1.6768,-1.3245,31.61,39.525,29.526,2.76013,2.7204,111.408,1.5715,2.0149,10.0057,9.8617,98.56,90.68,False,
BAT-004,198,2023-02-11T22:40:42,3.5965,3.9932,2.9807,1.5972,-1.2177,31.732,36.109,27.247,2.73753,2.7207,112.589,1.804,2.2668,9.8455,9.785,99.385,90.69,False,
BAT-004,199,2023-02-12T04:24:01,3.6204,4.0468,2.9117,1.4101,-1.2412,33.613,41.129,29.981,2.74058,2.71991,112.962,1.9866,2.2446,9.922,9.8472,99.246,90.66,False,
BAT-004,200,2023-02-12T09:08:48,3.5884,4.1234,2.9992,1.5514,-1.2243,35.79,41.865,32.523,2.71178,2.69562,112.954,1.8416,2.2764,9.7309,9.6729,99.404,89.85,False,
BAT-004,201,2023-02-12T13:51:14,3.572,4.0007,2.9703,1.6993,-1.3127,30.472,35.034,25.505,2.73259,2.71785,115.116,1.5929,2.1087,9.7607,9.708,99.461,90.59,False,
BAT-004,202,2023-02-12T19:15:21,3.5808,3.9853,2.8563,1.7579,-1.5896,31.678,35.114,26.685,2.73865,2.72298,111.965,1.6515,1.7347,9.8065,9.7504,99.428,90.77,False,
BAT-004,203,2023-02-13T00:29:39,3.6167,4.0637,3.0525,1.7547,-1.5818,33.699,41.618,30.765,2.74329,2.70922,112.608,1.5721,1.7941,9.9217,9.7985,98.758,90.31,False,
BAT-004,204,2023-02-13T05:21:45,3.5119,3.9622,2.85,1.5707,-1.2048,31.032,37.114,26.649,2.74321,2.70566,115.586,1.7789,2.1762,9.6337,9.5019,98.631,90.19,False,
BAT-004,205,2023-02-13T10:25:39,3.5837,4.0539,2.857,1.4064,-1.2675,30.149,36.78,25.448,2.72179,2.70533,112.544,2.0389,2.236,9.754,9.695,99.395,90.18,False,
BAT-004,206,2023-02-13T16:15:53,3.5872,4.0425,2.9538,1.475,-1.517,33.536,40.603,30.613,2.71843,2.69804,113.371,1.988,1.7434,9.7514,9.6783,99.25,89.93,False,
BAT-004,207,2023-02-13T20:57:12,3.482,3.984,2.85,1.5521,-1.2081,31.989,35.145,29.145,2.74687,2.7071,115.796,1.8556,2.159,9.5646,9.4261,98.552,90.24,False,
BAT-004,208,2023-02-14T02:32:13,3.6204,4.1482,2.9879,1.5973,-1.6773,33.778,38.092,29.028,2.70998,2.68502,111.201,1.7191,1.5643,9.8112,9.7208,99.079,89.5,False,
BAT-004,209,2023-02-14T07:48:59,3.6178,3.9765,2.8995,1.7014,-1.3187,29.798,35.361,27.455,2.74345,2.71329,114.152,1.7303,2.1444,9.9251,9.816,98.901,90.44,False,
BAT-004,210,2023-02-14T12:39:12,3.6442,4.1774,3.0745,1.539,-1.476,29.72,36.407,26.294,2.72502,2.69003,109.813,1.8031,1.8373,9.9306,9.8031,98.716,89.67,False,
BAT-004,211,2023-02-14T16:59:45,3.6034,4.0853,2.9234,1.4312,-1.2433,33.256,37.571,28.635,2.72685,2.70841,114.053,1.8775,2.1943,9.826,9.7596,99.324,90.28,False,
BAT-004,212,2023-02-14T22:11:52,3.4805,3.8563,2.9096,1.6308,-1.2514,31.941,37.137,28.584,2.75392,2.71454,113.32,1.8357,2.1206,9.585,9.4479,98.57,90.48,False,
BAT-004,213,2023-02-15T03:15:20,3.5959,4.0065,3.0222,1.6413,-1.334,33.299,39.161,30.816,2.72295,2.68728,120.033,1.6362,2.0035,9.7914,9.6632,98.69,89.58,False,
BAT-004,214,2023-02-15T08:42:47,3.6398,4.1269,3.0788,1.3525,-1.3472,33.102,40.656,30.529,2.71649,2.69446,117.108,2.1233,2.0748,9.8875,9.8073,99.189,89.82,False,
BAT-004,215,2023-02-15T14:43:46,3.5175,3.9086,2.861,1.3536,-1.4853,30.304,35.829,25.408,2.72301,2.70251,120.173,2.1844,1.8726,9.5781,9.5059,99.247,90.08,False,
BAT-004,216,2023-02-15T20:11:55,3.6258,4.1574,2.9972,1.4679,-1.583,31.918,37.116,27.282,2.71946,2.69107,117.845,1.9036,1.6172,9.8603,9.7573,98.956,89.7,False,
BAT-004,217,2023-02-16T01:15:33,3.492,3.8647,2.85,1.6187,-1.2975,33.304,37.311,29.758,2.72363,2.69717,116.811,1.798,2.1335,9.5111,9.4186,99.028,89.91,False,
BAT-004,218,2023-02-16T06:10:13,3.6036,4.0244,2.9596,1.3986,-1.5447,31.663,34.689,28.345,2.7116,2.67253,119.135,1.8641,1.7409,9.7714,9.6306,98.559,89.08,False,
BAT-004,219,2023-02-16T11:03:21,3.5785,4.0711,2.9025,1.4868,-1.2109,31.131,35.755,28.132,2.70825,2.6882,114.983,1.991,2.1456,9.6914,9.6197,99.26,89.61,False,
BAT-004,220,2023-02-16T16:05:51,3.5557,4.0673,2.8868,1.5395,-1.3513,30.929,37.606,28.687,2.73513,2.6967,112.237,1.8229,1.9028,9.7253,9.5886,98.595,89.89,False,
BAT-004,221,2023-02-16T21:28:53,3.5349,3.9882,2.9173,1.48,-1.2978,33.08,40.138,30.343,2.72678,2.68904,111.065,1.9773,2.1469,9.6389,9.5055,98.616,89.63,False,
BAT-004,222,2023-02-17T03:06:18,3.5388,3.9531,2.9042,1.3351,-1.3188,32.531,37.893,29.789,2.71468,2.68618,114.644,2.2156,1.9951,9.6067,9.5059,98.95,89.54,False,
BAT-004,223,2023-02-17T08:00:35,3.4693,3.9948,2.8556,1.6877,-1.4998,34.466,38.851,30.636,2.71362,2.69217,115.145,1.5451,1.7069,9.4143,9.3399,99.21,89.74,False,
BAT-004,224,2023-02-17T13:04:26,3.6198,4.0056,2.9482,1.4027,-1.3303,33.875,41.671,29.611,2.70991,2.68453,113.16,1.8713,1.9801,9.8094,9.7175,99.063,89.48,False,
BAT-004,225,2023-02-17T18:37:11,3.6083,4.1452,2.9768,1.6631,-1.2976,32.9,37.451,30.862,2.71587,2.68261,121.355,1.6585,1.9997,9.7997,9.6796,98.775,89.42,False,
BAT-004,226,2023-02-18T00:12:57,3.5234,3.9143,2.863,1.7056,-1.2937,32.195,35.823,28.812,2.71608,2.68282,113.234,1.5172,2.0537,9.5698,9.4526,98.776,89.43,False,
BAT-004,227,2023-02-18T04:27:12,3.5046,4.0116,2.8534,1.5853,-1.4733,33.157,36.331,30.683,2.72209,2.68948,120.338,1.7296,1.8234,9.5398,9.4255,98.802,89.65,False,
BAT-004,228,2023-02-18T08:40:38,3.6264,4.147,2.9291,1.4803,-1.5287,33.681,40.501,29.553,2.70816,2.67663,115.709,1.7989,1.8089,9.821,9.7066,98.836,89.22,False,
BAT-004,229,2023-02-18T13:22:11,3.5082,3.9076,2.9051,1.3634,-1.51,34.398,39.124,29.729,2.72199,2.69031,116.588,2.0323,1.852,9.5492,9.4381,98.836,89.68,False,
BAT-004,230,2023-02-18T18:29:35,3.6315,4.146,2.9828,1.7211,-1.2915,32.508,36.073,28.091,2.71199,2.67827,117.756,1.5527,2.0587,9.8487,9.7263,98.757,89.28,False,
BAT-004,231,2023-02-18T23:35:18,3.487,3.9217,2.85,1.4083,-1.4115,33.955,41.586,29.139,2.71054,2.67632,114.933,2.0306,1.8162,9.4517,9.3323,98.737,89.21,False,
BAT-004,232,2023-02-19T04:35:57,3.6455,4.006,2.9268,1.4011,-1.212,31.746,39.592,28.944,2.69634,2.66443,118.781,1.9462,2.1406,9.8294,9.7131,98.817,88.81,False,
BAT-004,233,2023-02-19T10:01:22,3.6332,4.1197,2.9859,1.4516,-1.357,32.296,36.255,29.899,2.69428,2.66519,115.242,1.867,1.8915,9.7888,9.6831,98.92,88.84,False,
BAT-004,234,2023-02-19T14:37:39,3.6022,4.1516,2.9488,1.5379,-1.5253,30.365,35.405,27.252,2.69862,2.66425,115.064,1.9243,1.8099,9.7211,9.5973,98.726,88.81,False,
BAT-004,235,2023-02-19T19:36:55,3.5553,4.089,2.85,1.7535,-1.5176,32.366,39.151,30.041,2.6819,2.6646,116.904,1.6487,1.6731,9.535,9.4735,99.355,88.82,False,
BAT-004,236,2023-02-20T00:39:51,3.5608,4.0842,2.9722,1.5085,-1.3302,32.286,36.585,27.706,2.69202,2.67627,116.744,1.8868,2.0952,9.5856,9.5296,99.415,89.21,False,
BAT-004,237,2023-02-20T05:45:15,3.4758,3.9468,2.8929,1.5799,-1.4868,33.999,38.915,29.884,2.69731,2.68318,113.667,1.7156,1.7321,9.3754,9.3263,99.476,89.44,False,
BAT-004,238,2023-02-20T10:10:01,3.5849,3.956,2.9978,1.7919,-1.3561,33.125,36.503,28.757,2.68857,2.66294,122.758,1.5264,1.8827,9.6382,9.5463,99.047,88.76,False,
BAT-004,239,2023-02-20T14:47:08,3.6144,4.1525,2.9021,1.4841,-1.5857,32.301,37.996,28.739,2.68023,2.6544,119.477,1.9333,1.744,9.6874,9.594,99.036,88.48,False,
BAT-004,240,2023-02-20T19:26:32,3.5531,3.9437,2.9928,1.3504,-1.3506,33.995,41.351,30.909,2.69271,2.66267,118.65,2.0046,2.0222,9.5674,9.4606,98.884,88.76,False,
BAT-004,241,2023-02-21T00:25:15,3.5435,3.9781,2.8773,1.4748,-1.4321,29.554,32.676,27.063,2.70588,2.67056,120.277,1.892,1.7721,9.5881,9.463,98.695,89.02,False,
BAT-004,242,2023-02-21T05:38:28,3.5483,4.0344,2.85,1.5465,-1.3248,33.661,41.274,29.763,2.69599,2.66259,120.562,1.8821,2.0549,9.5663,9.4478,98.761,88.75,False,
BAT-004,243,2023-02-21T11:31:35,3.6237,4.0788,2.9252,1.5777,-1.5881,32.139,38.931,28.854,2.6966,2.65806,118.004,1.8279,1.7367,9.7717,9.6321,98.571,88.6,False,
BAT-004,244,2023-02-21T16:32:44,3.5683,4.0555,2.8806,1.4555,-1.3463,32.405,40.09,29.199,2.68688,2.651,117.238,2.0066,1.9633,9.5876,9.4595,98.665,88.37,False,
BAT-004,245,2023-02-21T21:15:58,3.6313,4.0346,2.9852,1.5891,-1.5195,33.521,38.458,29.871,2.65441,2.64,125.704,1.7439,1.8107,9.639,9.5867,99.457,88.0,False,
BAT-004,246,2023-02-22T01:54:33,3.6324,4.0219,2.9472,1.7048,-1.2433,29.126,33.32,24.231,2.67572,2.66168,120.014,1.6517,2.1356,9.7194,9.6684,99.475,88.72,False,
BAT-004,247,2023-02-22T07:29:24,3.4656,3.8564,2.85,1.5665,-1.3443,32.152,37.786,28.644,2.6847,2.64734,117.446,1.6746,2.0668,9.3041,9.1746,98.608,88.24,False,
BAT-004,248,2023-02-22T12:43:11,3.4746,3.8448,2.85,1.4246,-1.3837,31.567,37.08,27.602,2.70549,2.67183,118.929,2.0273,1.9807,9.4006,9.2837,98.756,89.06,False,
BAT-004,249,2023-02-22T18:35:24,3.4917,3.8435,2.85,1.6438,-1.3384,32.472,35.685,29.009,2.66976,2.64243,121.807,1.5901,2.0323,9.322,9.2266,98.976,88.08,False,
BAT-004,250,2023-02-23T00:08:15,3.6035,4.1155,2.9407,1.5163,-1.2163,32.174,39.662,28.095,2.68171,2.64595,117.158,1.7874,2.2009,9.6636,9.5347,98.666,88.2,False,
BAT-004,251,2023-02-23T05:50:43,3.5367,3.9207,2.85,1.3976,-1.6904,31.35,38.017,27.161,2.6732,2.64696,114.126,2.0387,1.6112,9.4543,9.3615,99.019,88.23,False,
BAT-004,252,2023-02-23T10:03:13,3.5917,4.1004,2.9794,1.4715,-1.3994,30.417,33.476,25.697,2.66784,2.64852,120.2,1.9106,1.909,9.5821,9.5127,99.276,88.28,False,
BAT-004,253,2023-02-23T14:43:45,3.5203,3.9536,2.9091,1.6561,-1.3711,33.888,39.207,30.002,2.67853,2.64226,119.437,1.7665,1.9167,9.4293,9.3016,98.646,88.08,False,
BAT-004,254,2023-02-23T19:10:05,3.5955,4.1397,2.9916,1.4196,-1.3456,33.984,38.146,31.718,2.66667,2.64035,121.337,2.06,1.9258,9.5879,9.4933,99.013,88.01,False,
BAT-004,255,2023-02-23T23:59:14,3.5371,4.0493,2.9,1.6684,-1.5679,31.766,39.359,28.27,2.64873,2.63141,120.522,1.533,1.6009,9.3688,9.3075,99.346,87.71,False,
BAT-004,256,2023-02-24T03:54:06,3.4907,3.9447,2.9063,1.7484,-1.5604,30.945,36.27,26.927,2.67834,2.64987,119.231,1.533,1.7831,9.3493,9.25,98.937,88.33,False,
BAT-004,257,2023-02-24T08:53:41,3.4756,3.9826,2.8837,1.6426,-1.4517,33.773,37.929,29.442,2.67549,2.64409,118.19,1.5892,1.7593,9.2989,9.1898,98.826,88.14,False,
BAT-004,258,2023-02-24T13:24:21,3.586,4.0149,2.85,1.74,-1.6103,35.033,38.651,32.499,2.66413,2.63406,122.675,1.514,1.5673,9.5536,9.4458,98.871,87.8,False,
BAT-004,259,2023-02-24T18:19:12,3.6454,4.0543,2.9354,1.7851,-1.5248,34.728,41.101,30.387,2.66296,2.64375,120.29,1.4424,1.7226,9.7077,9.6377,99.279,88.12,False,
BAT-004,260,2023-02-24T23:16:15,3.5863,4.0051,2.9734,1.7966,-1.2919,33.706,39.359,29.065,2.66518,2.64787,119.881,1.6277,2.1442,9.558,9.4959,99.35,88.26,False,
BAT-004,261,2023-02-25T04:49:27,3.5699,4.0069,3.0039,1.6855,-1.2557,33.591,39.543,29.997,2.66041,2.64005,121.08,1.7109,2.1358,9.4974,9.4247,99.235,88.0,False,
BAT-004,262,2023-02-25T10:21:16,3.4867,4.0253,2.8801,1.6805,-1.4187,34.393,39.549,30.453,2.64191,2.62531,121.685,1.7265,1.8135,9.2115,9.1536,99.372,87.51,False,
BAT-004,263,2023-02-25T15:27:12,3.6223,4.1608,3.0508,1.5703,-1.3454,34.638,37.948,32.11,2.662,2.64215,120.176,1.8067,1.9353,9.6425,9.5705,99.254,88.07,False,
BAT-004,264,2023-02-25T20:43:05,3.6208,4.0102,2.9099,1.5579,-1.5937,31.483,35.62,27.04,2.67119,2.6458,119.955,1.6294,1.7246,9.6719,9.5799,99.049,88.19,False,
BAT-004,265,2023-02-26T01:48:00,3.4836,3.9055,2.85,1.5187,-1.6828,33.575,38.668,29.473,2.63887,2.62481,121.392,1.7228,1.5947,9.1927,9.1438,99.467,87.49,False,
BAT-004,266,2023-02-26T06:40:50,3.642,4.0915,2.9294,1.3,-1.4726,33.209,37.168,30.007,2.65416,2.62334,117.907,2.1813,1.7043,9.6666,9.5543,98.839,87.44,False,
BAT-004,267,2023-02-26T11:16:06,3.5486,4.0609,2.9503,1.7566,-1.5879,30.269,36.446,25.507,2.65757,2.62323,121.724,1.6368,1.6707,9.4307,9.3088,98.708,87.44,False,
BAT-004,268,2023-02-26T15:20:01,3.5196,3.9702,2.9102,1.4276,-1.3405,31.462,35.616,27.909,2.65139,2.62083,125.118,1.8179,1.9103,9.3319,9.2244,98.847,87.36,False,
BAT-004,269,2023-02-26T19:44:29,3.6202,4.1088,3.0635,1.5183,-1.2449,31.672,37.748,27.282,2.64351,2.61978,122.23,1.7977,2.0791,9.5699,9.484,99.102,87.33,False,
BAT-004,270,2023-02-27T00:30:54,3.4686,3.9998,2.8545,1.3019,-1.5836,33.876,36.986,30.506,2.63103,2.61279,122.346,2.0484,1.6271,9.126,9.0627,99.307,87.09,False,
BAT-004,271,2023-02-27T05:40:14,3.4743,3.8615,2.85,1.3518,-1.3147,37.701,41.878,33.723,2.6579,2.63005,121.496,1.9763,2.0583,9.2342,9.1375,98.952,87.67,False,
BAT-004,272,2023-02-27T11:06:29,3.4959,3.972,2.85,1.3156,-1.2141,31.654,35.055,28.556,2.658,2.62367,120.208,2.1838,2.1296,9.292,9.172,98.709,87.46,False,
BAT-004,273,2023-02-27T16:30:38,3.6079,4.0372,3.0189,1.7878,-1.3555,34.522,39.672,32.281,2.64848,2.6243,120.203,1.4804,2.0194,9.5554,9.4681,99.087,87.48,False,
BAT-004,274,2023-02-27T20:37:19,3.6248,4.1588,2.9033,1.6124,-1.4799,32.801,39.249,28.696,2.63149,2.61274,123.368,1.6972,1.7565,9.5386,9.4707,99.287,87.09,False,
BAT-004,275,2023-02-28T01:35:19,3.5627,4.0628,2.8612,1.4648,-1.3754,32.696,36.263,29.909,2.64334,2.61583,120.937,1.9216,1.9586,9.4175,9.3195,98.959,87.19,False,
BAT-004,276,2023-02-28T06:20:27,3.5672,3.9885,3.0031,1.427,-1.5485,33.669,39.81,29.362,2.63754,2.61465,120.556,1.7598,1.7324,9.4087,9.327,99.132,87.15,False,
BAT-004,277,2023-02-28T11:35:11,3.5112,4.0074,2.85,1.3543,-1.6608,35.752,41.634,30.817,2.64497,2.61894,120.086,2.1138,1.5332,9.2869,9.1955,99.016,87.3,False,
BAT-004,278,2023-02-28T17:09:52,3.5773,4.0164,2.9127,1.4501,-1.6227,34.181,40.092,30.423,2.63826,2.6211,123.323,1.7287,1.6864,9.438,9.3766,99.349,87.37,False,
BAT-004,279,2023-02-28T22:32:28,3.4986,3.9865,2.85,1.6397,-1.486,30.429,34.203,27.782,2.65628,2.62412,125.355,1.5966,1.7512,9.2933,9.1808,98.789,87.47,False,
BAT-004,280,2023-03-01T03:31:41,3.5306,4.0688,2.9267,1.694,-1.2211,33.374,39.668,29.046,2.64891,2.62525,124.01,1.6244,2.2293,9.3522,9.2687,99.107,87.51,False,
BAT-004,281,2023-03-01T09:06:47,3.5789,4.0079,2.9494,1.3884,-1.2001,31.89,39.044,27.59,2.64502,2.62278,127.091,2.0939,2.2224,9.4664,9.3868,99.159,87.43,False,
BAT-004,282,2023-03-01T14:16:49,3.566,3.9212,2.963,1.3789,-1.4067,32.807,36.746,30.594,2.65312,2.61834,122.46,2.0522,1.9298,9.461,9.337,98.689,87.28,False,
BAT-004,283,2023-03-01T19:33:33,3.602,4.1324,2.9205,1.6691,-1.2435,32.199,37.84,29.112,2.63497,2.61067,121.685,1.5942,2.0561,9.4911,9.4036,99.078,87.02,False,
BAT-004,284,2023-03-01T23:57:14,3.5951,4.0642,3.0219,1.5158,-1.5337,34.684,39.307,29.899,2.63498,2.61499,117.464,1.8589,1.765,9.473,9.4011,99.241,87.17,False,
BAT-004,285,2023-03-02T05:04:39,3.614,4.1473,2.9147,1.4002,-1.4693,35.71,42.577,32.224,2.64935,2.61189,123.17,1.9431,1.8658,9.5747,9.4393,98.586,87.06,False,
BAT-004,286,2023-03-02T10:03:53,3.5115,4.0524,2.8989,1.4861,-1.4327,35.683,40.663,32.408,2.63798,2.60645,119.655,1.8729,1.9075,9.2632,9.1525,98.805,86.88,False,
BAT-004,287,2023-03-02T14:49:12,3.6256,3.9979,3.0707,1.3165,-1.5988,32.178,39.145,27.919,2.63282,2.59918,121.171,2.0141,1.6961,9.5457,9.4237,98.722,86.64,False,
BAT-004,288,2023-03-02T20:20:49,3.5685,3.9853,2.85,1.658,-1.5874,34.234,38.247,29.328,2.64688,2.61361,119.852,1.6407,1.6868,9.4453,9.3266,98.743,87.12,False,
BAT-004,289,2023-03-03T00:39:07,3.4692,3.9487,2.85,1.3208,-1.2083,30.679,37.177,26.854,2.63,2.60758,119.615,2.1822,2.0995,9.124,9.0462,99.148,86.92,False,
BAT-004,290,2023-03-03T06:09:20,3.6101,3.9915,3.0343,1.7109,-1.6285,33.958,39.244,30.204,2.63304,2.60394,119.15,1.4941,1.6548,9.5055,9.4005,98.895,86.8,False,
BAT-004,291,2023-03-03T10:25:58,3.6028,4.0151,3.0021,1.7117,-1.539,35.821,40.386,31.654,2.62509,2.59242,121.338,1.6212,1.6564,9.4577,9.34,98.756,86.41,False,
BAT-004,292,2023-03-03T14:36:58,3.6189,4.1369,3.0378,1.6697,-1.4807,32.545,40.416,30.387,2.62387,2.59175,127.803,1.528,1.6767,9.4956,9.3794,98.776,86.39,False,
BAT-004,293,2023-03-03T19:06:01,3.5594,3.9859,2.85,1.5783,-1.695,33.083,37.815,28.673,2.61013,2.59573,122.145,1.6919,1.5021,9.2905,9.2392,99.448,86.52,False,
BAT-004,294,2023-03-03T23:30:42,3.6044,3.971,3.025,1.3331,-1.5383,32.992,36.474,29.895,2.63798,2.60587,125.767,2.1373,1.7158,9.5084,9.3926,98.783,86.86,False,
BAT-004,295,2023-03-04T04:35:39,3.501,3.9235,2.9393,1.3835,-1.5695,33.519,36.553,29.587,2.62145,2.60644,123.74,2.001,1.7274,9.1777,9.1252,99.427,86.88,False,
BAT-004,296,2023-03-04T09:03:16,3.507,3.8966,2.85,1.6518,-1.2958,33.257,40.762,29.842,2.61136,2.58018,122.228,1.6326,2.0826,9.1579,9.0486,98.806,86.01,False,
BAT-004,297,2023-03-04T13:34:48,3.5261,3.896,2.9447,1.5055,-1.5992,31.984,36.337,28.723,2.62747,2.59442,119.944,1.7746,1.6592,9.2648,9.1482,98.742,86.48,False,
BAT-004,298,2023-03-04T18:49:01,3.6087,3.9617,2.9275,1.6061,-1.5058,33.712,37.201,31.144,2.61762,2.58636,121.997,1.6011,1.6616,9.4462,9.3334,98.806,86.21,False,
BAT-004,299,2023-03-04T22:56:47,3.5396,4.0337,2.8957,1.3147,-1.4737,34.557,40.413,32.037,2.60211,2.58224,127.758,2.0235,1.6985,9.2104,9.1401,99.237,86.07,False,
BAT-004,300,2023-03-05T03:37:00,3.6106,4.0088,2.9122,1.5162,-1.388,32.064,36.715,28.534,2.44362,2.4297,121.379,1.5836,1.7716,8.823,8.7727,99.43,80.99,True,capacity_drop
BAT-004,301,2023-03-05T08:04:33,3.4915,3.8796,2.85,1.3975,-1.5681,35.112,39.039,32.461,2.59226,2.57882,125.203,1.845,1.6679,9.0509,9.004,99.482,85.96,False,
BAT-004,302,2023-03-05T12:24:11,3.5084,3.9342,2.8557,1.7063,-1.2229,32.896,37.974,30.144,2.61824,2.59411,126.149,1.5595,2.1354,9.186,9.1013,99.078,86.47,False,
BAT-004,303,2023-03-05T17:28:32,3.5851,4.0664,2.917,1.5324,-1.2395,33.226,38.899,31.209,2.60558,2.59064,127.972,1.6681,1.9985,9.3413,9.2878,99.427,86.35,False,
BAT-004,304,2023-03-05T22:29:50,3.6456,4.0946,2.9173,1.6437,-1.3494,35.401,41.271,31.211,2.61923,2.58454,126.085,1.7456,2.0107,9.5486,9.4221,98.675,86.15,False,
BAT-004,305,2023-03-06T03:30:39,3.5609,4.0272,2.9041,1.7723,-1.6188,33.031,38.885,29.332,2.6197,2.59069,123.694,1.5174,1.5297,9.3285,9.2252,98.893,86.36,False,
BAT-004,306,2023-03-06T08:07:36,3.6517,4.1873,3.0042,1.7571,-1.6675,36.194,39.948,33.737,2.62479,2.59921,125.118,1.5249,1.5955,9.585,9.4916,99.025,86.64,False,
BAT-004,307,2023-03-06T12:29:57,3.5073,3.9214,2.85,1.7343,-1.4256,32.171,39.407,27.557,2.61276,2.58,121.016,1.5571,1.8951,9.1638,9.0489,98.746,86.0,False,
BAT-004,308,2023-03-06T17:13:59,3.627,4.0652,2.9597,1.7407,-1.5579,36.988,44.285,32.995,2.61859,2.59106,123.796,1.6311,1.7187,9.4978,9.3979,98.948,86.37,False,
BAT-004,309,2023-03-06T21:16:36,3.4986,3.9096,2.9397,1.797,-1.3518,32.932,40.235,29.636,2.61133,2.58664,121.322,1.5061,2.0063,9.136,9.0497,99.055,86.22,False,
BAT-004,310,2023-03-07T02:00:37,3.5085,3.9323,2.9485,1.4558,-1.6548,34.55,38.665,29.727,2.60412,2.57346,128.64,1.8019,1.6237,9.1365,9.029,98.823,85.78,False,
BAT-004,311,2023-03-07T07:15:22,3.4847,3.9287,2.8602,1.7002,-1.3483,33.972,37.586,31.159,2.59179,2.56905,124.374,1.6272,1.9448,9.0315,8.9523,99.123,85.64,False,
BAT-004,312,2023-03-07T11:55:54,3.5294,3.9231,2.8926,1.5647,-1.2523,34.965,40.838,32.489,2.61001,2.58524,125.395,1.8346,1.9802,9.2118,9.1243,99.051,86.17,False,
BAT-004,313,2023-03-07T17:35:21,3.5895,4.0741,2.9555,1.3863,-1.5948,35.684,40.643,31.16,2.60421,2.58552,127.285,1.9637,1.6256,9.3477,9.2806,99.282,86.18,False,
BAT-004,314,2023-03-07T22:35:40,3.6331,3.9939,3.0695,1.5337,-1.5288,33.025,36.191,28.837,2.60769,2.59148,119.714,1.6525,1.6846,9.474,9.4151,99.378,86.38,False,
BAT-004,315,2023-03-08T03:31:58,3.5223,4.0096,2.9677,1.3672,-1.3469,33.851,40.586,29.998,2.59767,2.57341,122.394,1.8484,1.9925,9.1499,9.0644,99.066,85.78,False,
BAT-004,316,2023-03-08T09:05:10,3.5925,4.0759,2.907,1.5212,-1.4433,34.187,39.468,29.786,2.61717,2.59371,128.371,1.7871,1.8726,9.4023,9.318,99.104,86.46,False,
BAT-004,317,2023-03-08T14:19:14,3.6269,4.1588,2.9534,1.5272,-1.2674,33.851,39.839,29.059,2.59996,2.57528,125.166,1.829,2.0347,9.4298,9.3403,99.051,85.84,False,
BAT-004,318,2023-03-08T19:21:22,3.5938,4.1163,3.0392,1.7788,-1.5498,33.796,40.323,31.546,2.5926,2.57072,120.649,1.5244,1.6257,9.3173,9.2387,99.156,85.69,False,
BAT-004,319,2023-03-08T23:19:28,3.6112,4.0848,2.9393,1.3281,-1.6987,31.901,35.928,28.591,2.59256,2.56857,129.27,2.0311,1.437,9.3621,9.2755,99.075,85.62,False,
BAT-004,320,2023-03-09T03:44:34,3.555,3.9636,2.8675,1.4686,-1.3398,34.757,40.82,31.075,2.60021,2.56952,128.453,1.79,1.9432,9.2438,9.1347,98.82,85.65,False,
BAT-004,321,2023-03-09T08:56:25,3.6126,4.0261,2.9551,1.5737,-1.6055,33.304,37.71,29.48,2.58695,2.56542,120.702,1.7413,1.6766,9.3457,9.268,99.168,85.51,False,
BAT-004,322,2023-03-09T13:47:08,3.5929,4.0349,2.9309,1.4084,-1.5662,32.981,37.15,28.012,2.58764,2.57136,122.677,2.0068,1.6032,9.2972,9.2387,99.371,85.71,False,
BAT-004,323,2023-03-09T18:33:30,3.4936,3.9635,2.8744,1.6589,-1.2121,31.539,35.845,29.186,2.58595,2.56273,131.762,1.4888,2.0832,9.0343,8.9532,99.102,85.42,False,
BAT-004,324,2023-03-09T22:57:28,3.4919,3.8527,2.9337,1.5211,-1.3909,32.383,38.896,29.454,2.57914,2.56229,124.092,1.6602,1.9015,9.006,8.9472,99.347,85.41,False,
BAT-004,325,2023-03-10T03:16:03,3.5441,4.0123,2.85,1.4591,-1.6709,34.888,38.453,31.292,2.5964,2.56847,128.111,1.9511,1.5348,9.2019,9.1029,98.925,85.62,False,
BAT-004,326,2023-03-10T08:27:11,3.5603,4.0139,2.85,1.5787,-1.3686,33.799,40.1,30.125,2.60234,2.56768,123.66,1.7347,1.8478,9.2651,9.1416,98.668,85.59,False,
BAT-004,327,2023-03-10T13:10:01,3.6026,4.1517,2.9811,1.4769,-1.6803,33.251,40.918,29.382,2.60045,2.56569,127.683,1.7379,1.5102,9.3683,9.2431,98.663,85.52,False,
BAT-004,328,2023-03-10T18:12:12,3.5305,4.0687,2.9156,1.3863,-1.2117,33.694,40.872,30.327,2.60447,2.57336,127.786,1.867,2.1823,9.195,9.0852,98.805,85.78,False,
BAT-004,329,2023-03-10T23:56:34,3.5177,3.8983,2.85,1.6066,-1.6577,34.31,39.255,29.69,2.5786,2.54297,123.011,1.7263,1.5911,9.0708,8.9454,98.618,84.77,False,
BAT-004,330,2023-03-11T04:10:51,3.5725,4.0262,2.9764,1.7037,-1.6889,35.083,42.329,30.492,2.56672,2.54409,127.775,1.4901,1.5373,9.1697,9.0888,99.118,84.8,False,
BAT-004,331,2023-03-11T09:06:57,3.6126,3.9683,3.0386,1.7008,-1.444,31.83,36.905,27.365,2.54894,2.5355,126.051,1.4317,1.8157,9.2083,9.1597,99.473,84.52,False,
BAT-004,332,2023-03-11T14:09:07,3.613,4.0502,2.8805,1.6736,-1.4084,39.255,46.463,36.188,2.56286,2.54228,125.687,1.5259,1.7603,9.2595,9.1851,99.197,84.74,False,
BAT-004,333,2023-03-11T18:11:54,3.4902,3.9821,2.8995,1.4739,-1.6785,31.798,38.84,29.487,2.57598,2.54395,128.353,1.7469,1.5756,8.9906,8.8788,98.757,84.8,False,
BAT-004,334,2023-03-11T23:14:11,3.5772,3.9677,2.9236,1.301,-1.3161,33.38,38.107,28.805,2.5912,2.56333,128.004,2.1752,1.8824,9.2693,9.1696,98.924,85.44,False,
BAT-004,335,2023-03-12T04:08:26,3.4808,3.8839,2.85,1.5597,-1.2894,34.377,39.949,29.389,2.58149,2.56424,123.923,1.6916,1.9193,8.9857,8.9256,99.332,85.47,False,
BAT-004,336,2023-03-12T09:05:04,3.5005,3.9898,2.9002,1.6132,-1.4313,32.428,38.185,28.718,2.56743,2.53249,125.703,1.6814,1.7609,8.9874,8.8651,98.639,84.42,False,
BAT-004,337,2023-03-12T14:06:38,3.5415,3.9519,2.979,1.5551,-1.2049,33.743,38.596,29.841,2.5805,2.55084,127.212,1.8222,2.1929,9.1387,9.0337,98.851,85.03,False,
BAT-004,338,2023-03-12T20:05:18,3.5279,4.0472,2.85,1.6025,-1.6455,32.271,37.474,29.821,2.56887,2.5542,128.431,1.7534,1.5821,9.0626,9.0109,99.429,85.14,False,
BAT-004,339,2023-03-13T00:27:18,3.576,4.052,2.8787,1.7585,-1.6156,33.343,40.679,29.724,2.57868,2.54561,129.635,1.4029,1.6031,9.2213,9.103,98.718,84.85,False,
BAT-004,340,2023-03-13T04:42:38,3.5008,3.8977,2.85,1.5709,-1.3107,35.186,40.103,30.545,2.5749,2.55164,125.755,1.7886,1.9247,9.0142,8.9328,99.097,85.05,False,
BAT-004,341,2023-03-13T08:59:35,3.5482,3.9591,2.85,1.5106,-1.3708,34.658,39.448,32.408,2.57889,2.55544,132.084,1.6616,1.9041,9.1504,9.0672,99.091,85.18,False,
BAT-004,342,2023-03-13T13:54:08,3.5288,3.9541,2.8783,1.6668,-1.5179,37.014,42.803,34.412,2.55544,2.54066,127.451,1.5956,1.6167,9.0177,8.9655,99.421,84.69,False,
BAT-004,343,2023-03-13T18:41:02,3.5431,4.0714,2.9201,1.5033,-1.348,32.878,38.483,28.349,2.57364,2.54611,130.457,1.8114,1.8913,9.1187,9.0211,98.93,84.87,False,
BAT-004,344,2023-03-14T00:01:57,3.4827,3.9852,2.85,1.7419,-1.4491,35.249,38.883,32.516,2.55006,2.53591,124.408,1.4725,1.7546,8.8811,8.8318,99.445,84.53,False,
BAT-004,345,2023-03-14T04:43:42,3.6021,3.9855,2.9659,1.4238,-1.3846,35.328,39.998,32.804,2.56215,2.54462,130.469,1.7723,1.7522,9.2292,9.1661,99.316,84.82,False,
BAT-004,346,2023-03-14T10:06:16,3.5137,4.0286,2.85,1.4419,-1.5811,36.631,40.644,34.312,2.55365,2.52929,125.997,1.7457,1.5559,8.9728,8.8872,99.046,84.31,False,
BAT-004,347,2023-03-14T15:15:25,3.4955,3.8724,2.8765,1.393,-1.2891,34.285,41.996,32.248,2.5494,2.52778,125.43,1.9323,1.9921,8.9113,8.8358,99.152,84.26,False,
BAT-004,348,2023-03-14T20:33:32,3.5056,3.9862,2.85,1.5437,-1.6885,33.596,40.092,29.141,2.56717,2.54153,126.686,1.7629,1.5086,8.9994,8.9095,99.001,84.72,False,
BAT-004,349,2023-03-15T01:29:22,3.5734,3.9824,2.9727,1.4285,-1.5361,33.957,40.365,30.791,2.5685,2.53222,126.325,1.9695,1.7083,9.1783,9.0487,98.587,84.41,False,
BAT-004,350,2023-03-15T06:41:44,3.5192,4.0088,2.8993,1.7647,-1.6271,35.017,38.318,32.965,2.56097,2.53101,128.026,1.518,1.6043,9.0126,8.9071,98.83,84.37,False,
BAT-004,351,2023-03-15T11:04:06,3.5898,3.9603,2.9395,1.7347,-1.4196,33.872,39.762,29.084,2.54712,2.5308,125.383,1.4204,1.7216,9.1438,9.0852,99.359,84.36,False,
BAT-004,352,2023-03-15T15:33:38,3.4843,3.9628,2.85,1.4283,-1.5249,33.211,36.403,30.085,2.57353,2.53811,131.08,1.9646,1.645,8.967,8.8436,98.624,84.6,False,
BAT-004,353,2023-03-15T19:43:26,3.4791,3.9418,2.85,1.3784,-1.4282,35.078,38.327,32.407,2.56513,2.53494,130.351,2.0244,1.8424,8.9242,8.8192,98.823,84.5,False,
BAT-004,354,2023-03-16T00:34:28,3.6194,4.063,3.0409,1.5652,-1.3991,33.596,37.043,29.091,2.55216,2.52358,126.564,1.7856,1.7512,9.2373,9.1338,98.88,84.12,False,
BAT-004,355,2023-03-16T05:33:38,3.5537,3.998,2.9061,1.4269,-1.5935,36.869,41.721,33.604,2.55856,2.53186,131.646,1.8035,1.5806,9.0923,8.9975,98.957,84.4,False,
BAT-004,356,2023-03-16T10:14:12,3.5575,4.0936,2.9691,1.3949,-1.2363,32.253,36.909,28.572,2.56667,2.53328,128.049,1.8726,1.9856,9.131,9.0122,98.699,84.44,False,
BAT-004,357,2023-03-16T15:10:54,3.4753,3.9682,2.8758,1.6294,-1.6078,39.11,42.468,34.659,2.55412,2.5279,129.761,1.6682,1.5569,8.8763,8.7851,98.973,84.26,False,
BAT-004,358,2023-03-16T19:18:37,3.6167,4.1454,2.9008,1.4379,-1.3276,33.906,40.928,31.514,2.55353,2.52656,130.057,1.7713,1.9333,9.2352,9.1377,98.944,84.22,False,
BAT-004,359,2023-03-16T23:33:55,3.5915,4.0479,2.9325,1.5069,-1.6822,32.878,37.953,28.306,2.54961,2.51783,131.011,1.6597,1.5618,9.1569,9.0428,98.754,83.93,False,
BAT-004,360,2023-03-17T03:55:30,3.6285,4.0911,3.0548,1.5283,-1.4089,35.447,38.828,32.303,2.54246,2.52747,128.825,1.6732,1.8305,9.2252,9.1708,99.41,84.25,False,
BAT-004,361,2023-03-17T08:31:12,3.5853,4.1085,2.9027,1.377,-1.3438,33.144,38.183,30.434,2.53535,2.52223,126.922,1.8939,1.8217,9.0899,9.0428,99.483,84.07,False,
BAT-004,362,2023-03-17T13:55:24,3.5932,4.119,3.0144,1.4272,-1.6963,32.391,37.929,28.894,2.54926,2.51652,126.542,1.7281,1.5072,9.1601,9.0425,98.716,83.88,False,
BAT-004,363,2023-03-17T17:42:18,3.656,4.1658,3.048,1.3227,-1.4128,32.634,38.91,29.521,2.53829,2.51519,130.75,2.0795,1.7579,9.28,9.1955,99.09,83.84,False,
BAT-004,364,2023-03-17T22:36:34,3.5785,3.9493,2.935,1.7594,-1.3059,33.048,37.428,29.437,2.54376,2.51633,130.17,1.585,1.8903,9.1028,9.0046,98.922,83.88,False,
BAT-004,365,2023-03-18T03:50:02,3.6557,4.1268,3.0753,1.3597,-1.3334,33.319,38.25,29.222,2.53137,2.51229,129.854,1.9887,1.8239,9.2539,9.1842,99.246,83.74,False,
BAT-004,366,2023-03-18T09:30:16,3.4917,4.0369,2.85,1.7064,-1.2869,34.071,38.247,31.504,2.53267,2.51344,134.113,1.6261,1.8879,8.8434,8.7763,99.241,83.78,False,
BAT-004,367,2023-03-18T14:38:19,3.4833,4.0184,2.85,1.6257,-1.3488,35.761,42.168,32.376,2.54198,2.51572,132.985,1.6455,1.9336,8.8545,8.763,98.967,83.86,False,
BAT-004,368,2023-03-18T20:09:30,3.5142,3.9243,2.8921,1.6343,-1.4628,33.628,41.487,31.481,2.54814,2.5232,129.639,1.4845,1.7534,8.9546,8.867,99.021,84.11,False,
BAT-004,369,2023-03-19T00:42:56,3.57,4.0091,2.904,1.335,-1.3746,35.045,40.907,31.273,2.53455,2.50071,129.639,2.0744,1.8444,9.0483,8.9275,98.665,83.36,False,
BAT-004,370,2023-03-19T05:08:20,3.5161,4.0516,2.9502,1.5722,-1.4702,33.37,38.078,29.342,2.53543,2.51457,128.518,1.6028,1.6301,8.9148,8.8415,99.177,83.82,False,
BAT-004,371,2023-03-19T10:01:32,3.6189,4.0713,3.0218,1.3869,-1.6743,34.063,40.768,30.532,2.52858,2.50974,128.511,1.8371,1.5295,9.1506,9.0824,99.255,83.66,False,
BAT-004,372,2023-03-19T13:54:23,3.5605,3.9297,2.9638,1.3723,-1.3699,33.195,38.064,29.797,2.53514,2.50561,130.841,1.8759,1.8273,9.0264,8.9212,98.835,83.52,False,
BAT-004,373,2023-03-19T19:14:19,3.5043,4.0295,2.8931,1.5009,-1.3049,34.767,42.187,31.05,2.52678,2.50546,130.963,1.7773,1.9933,8.8546,8.7799,99.156,83.52,False,
BAT-004,374,2023-03-20T00:23:30,3.5676,4.0145,2.951,1.6362,-1.3237,31.123,36.151,27.279,2.54023,2.50978,133.264,1.6733,1.9178,9.0626,8.9539,98.801,83.66,False,
BAT-004,375,2023-03-20T05:34:19,3.5388,3.9247,2.85,1.5086,-1.5356,37.269,43.93,33.516,2.52981,2.50259,135.429,1.6239,1.699,8.9524,8.8561,98.924,83.42,False,
BAT-004,376,2023-03-20T10:23:06,3.5977,4.1087,2.9929,1.6951,-1.6533,31.473,38.356,27.361,2.52768,2.49828,131.613,1.5329,1.4515,9.0937,8.988,98.837,83.28,False,
BAT-004,377,2023-03-20T14:42:33,3.5061,3.9506,2.85,1.4161,-1.2856,34.778,40.079,32.294,2.51935,2.5052,128.362,1.8539,2.0277,8.8331,8.7835,99.438,83.51,False,
BAT-004,378,2023-03-20T20:12:04,3.572,3.9429,2.9127,1.7937,-1.2554,32.047,37.358,27.895,2.53071,2.51216,132.241,1.4304,2.0692,9.0396,8.9734,99.267,83.74,False,
BAT-004,379,2023-03-21T01:33:48,3.527,3.9977,2.904,1.4352,-1.2858,32.454,36.105,29.67,2.528,2.49686,132.657,1.8903,1.9006,8.9164,8.8065,98.768,83.23,False,
BAT-004,380,2023-03-21T07:12:57,3.4713,3.8888,2.8523,1.5039,-1.5889,34.698,38.13,31.862,2.51243,2.48775,132.774,1.7315,1.643,8.7213,8.6357,99.018,82.93,False,
BAT-004,381,2023-03-21T11:18:18,3.4953,3.9899,2.884,1.6869,-1.4874,33.47,37.899,30.485,2.51083,2.48633,130.211,1.4861,1.7127,8.776,8.6904,99.024,82.88,False,
BAT-004,382,2023-03-21T15:59:40,3.4764,3.8414,2.8661,1.6344,-1.5821,32.533,38.571,30.121,2.5363,2.51092,137.082,1.6505,1.6236,8.8173,8.729,98.999,83.7,False,
BAT-004,383,2023-03-21T20:53:26,3.5407,3.9088,2.8719,1.3825,-1.455,34.968,40.249,31.049,2.51329,2.48694,126.328,1.9927,1.7614,8.8989,8.8056,98.952,82.9,False,
BAT-004,384,2023-03-22T02:34:56,3.4648,3.864,2.85,1.3435,-1.474,35.294,39.328,30.667,2.54192,2.50452,130.148,1.9438,1.6695,8.8073,8.6777,98.529,83.48,False,
BAT-004,385,2023-03-22T07:48:53,3.6255,4.0166,3.0548,1.3619,-1.6715,33.638,39.177,29.561,2.52377,2.50021,130.076,1.9919,1.5044,9.1498,9.0644,99.067,83.34,False,
BAT-004,386,2023-03-22T12:48:41,3.5845,3.9716,2.974,1.6426,-1.4472,35.01,42.196,31.549,2.49614,2.47946,131.942,1.5956,1.7379,8.9473,8.8875,99.332,82.65,False,
BAT-004,387,2023-03-22T16:46:59,3.6148,4.1339,2.9425,1.3081,-1.3908,34.328,39.119,30.298,2.52026,2.49679,131.194,1.9938,1.8113,9.1103,9.0255,99.069,83.23,False,
BAT-004,388,2023-03-22T21:48:34,3.5046,4.0012,2.8596,1.666,-1.3199,35.834,43.155,32.246,2.51468,2.4799,130.892,1.5781,1.9125,8.813,8.6911,98.617,82.66,False,
BAT-004,389,2023-03-23T02:54:34,3.5508,3.9824,2.9956,1.671,-1.4922,34.328,38.634,30.495,2.51372,2.48571,130.928,1.546,1.7031,8.9257,8.8262,98.886,82.86,False,
BAT-004,390,2023-03-23T07:23:32,3.5264,4.0652,2.85,1.3919,-1.2287,31.324,35.171,26.54,2.51078,2.49637,137.259,1.7887,2.0137,8.8541,8.8032,99.426,83.21,False,
BAT-004,391,2023-03-23T11:45:44,3.6253,4.1022,3.0349,1.6049,-1.3446,36.825,43.679,32.183,2.49994,2.48284,131.207,1.6944,1.7988,9.0629,9.001,99.316,82.76,False,
BAT-004,392,2023-03-23T15:56:56,3.6117,3.9913,3.0051,1.562,-1.4153,33.68,37.766,29.013,2.52351,2.49309,130.886,1.6999,1.7006,9.1143,9.0044,98.794,83.1,False,
BAT-004,393,2023-03-23T19:51:22,3.5684,4.0728,2.85,1.6719,-1.4883,33.761,40.4,29.984,2.49929,2.48646,132.967,1.5221,1.6804,8.9185,8.8728,99.487,82.88,False,
BAT-004,394,2023-03-23T23:54:25,3.5581,4.0136,2.85,1.784,-1.2245,32.745,37.241,28.191,2.49432,2.47885,133.799,1.4319,1.939,8.8752,8.8201,99.38,82.63,False,
BAT-004,395,2023-03-24T04:06:02,3.6224,4.1117,2.9373,1.4604,-1.2564,32.833,40.679,28.802,2.49299,2.47862,133.031,1.718,2.0387,9.0306,8.9786,99.424,82.62,False,
BAT-004,396,2023-03-24T08:30:44,3.5425,3.939,2.85,1.7008,-1.4066,31.82,37.971,29.052,2.49895,2.48164,132.535,1.4285,1.7847,8.8526,8.7913,99.307,82.72,False,
BAT-004,397,2023-03-24T12:59:41,3.5571,3.9898,2.9187,1.3618,-1.4347,36.879,40.448,33.176,2.49905,2.4794,138.441,1.7484,1.698,8.8894,8.8196,99.214,82.65,False,
BAT-004,398,2023-03-24T18:04:58,3.4943,3.9981,2.8927,1.5267,-1.4502,37.266,40.873,33.615,2.48821,2.47384,129.739,1.5558,1.6365,8.6946,8.6444,99.422,82.46,False,
BAT-004,399,2023-03-24T22:06:22,3.5402,3.9346,2.9226,1.6635,-1.3896,34.762,41.808,30.808,2.51103,2.49751,134.452,1.6233,1.723,8.8895,8.8416,99.462,83.25,False,
BAT-004,400,2023-03-25T02:51:52,3.5844,3.9803,3.0134,1.337,-1.2792,35.15,40.232,32.101,2.5152,2.48766,130.483,2.044,2.0225,9.0154,8.9167,98.905,82.92,False,
BAT-004,401,2023-03-25T08:14:22,3.5414,4.0431,2.9037,1.4114,-1.5331,32.331,36.9,29.639,2.49029,2.47125,132.27,1.6918,1.6124,8.8192,8.7517,99.235,82.38,False,
BAT-004,402,2023-03-25T12:36:24,3.5624,4.0086,2.9786,1.5588,-1.3563,32.24,40.093,29.173,2.50076,2.46836,135.581,1.576,1.7523,8.9087,8.7933,98.705,82.28,False,
BAT-004,403,2023-03-25T17:45:40,3.5918,3.9918,3.0058,1.3673,-1.2331,35.457,41.399,31.748,2.50756,2.47276,135.676,1.8196,2.0414,9.0066,8.8816,98.612,82.43,False,
BAT-004,404,2023-03-25T23:16:35,3.6383,4.1118,2.9027,1.5399,-1.3067,36.167,43.378,33.999,2.50555,2.48222,135.04,1.5732,1.9721,9.1159,9.0311,99.069,82.74,False,
BAT-004,405,2023-03-26T03:46:24,3.5893,4.0397,3.0307,1.4172,-1.3064,35.416,40.512,30.573,2.49974,2.48439,134.499,1.9031,1.8924,8.9722,8.9172,99.386,82.81,False,
BAT-004,406,2023-03-26T08:06:22,3.5479,3.9795,2.9265,1.6446,-1.4864,34.626,40.264,31.412,2.47993,2.46734,136.222,1.6408,1.7251,8.7985,8.7538,99.493,82.24,False,
BAT-004,407,2023-03-26T12:53:53,3.4694,3.8961,2.85,1.5294,-1.2056,35.006,40.979,31.652,2.48071,2.45919,131.28,1.7449,2.0692,8.6066,8.5319,99.132,81.97,False,
BAT-004,408,2023-03-26T17:45:34,3.523,3.956,2.9527,1.6149,-1.3915,34.777,40.476,32.652,2.47533,2.45521,131.304,1.5033,1.7998,8.7206,8.6497,99.187,81.84,False,
BAT-004,409,2023-03-26T22:15:50,3.5831,4.0479,2.925,1.5352,-1.5392,35.359,39.462,31.217,2.49188,2.47942,132.717,1.6014,1.5354,8.9288,8.8841,99.5,82.65,False,
BAT-004,410,2023-03-27T02:00:46,3.4784,3.8361,2.8597,1.7114,-1.4769,33.571,38.445,30.281,2.48012,2.46092,134.3,1.4142,1.6451,8.627,8.5602,99.226,82.03,False,
BAT-004,411,2023-03-27T06:04:38,3.484,4.0116,2.85,1.6286,-1.6566,34.162,37.531,30.019,2.51149,2.48177,137.253,1.5026,1.523,8.7501,8.6466,98.817,82.73,False,
BAT-004,412,2023-03-27T10:12:14,3.5641,3.9354,2.9388,1.7021,-1.592,34.104,39.231,30.778,2.47584,2.46217,134.954,1.4312,1.4905,8.8241,8.7753,99.448,82.07,False,
BAT-004,413,2023-03-27T13:38:57,3.5619,3.9974,2.8774,1.7049,-1.5502,34.736,38.91,30.752,2.47039,2.44603,134.497,1.57,1.5476,8.7994,8.7126,99.014,81.53,False,
BAT-004,414,2023-03-27T18:27:58,3.5216,4.0448,2.9669,1.4632,-1.3168,33.399,40.242,29.891,2.48394,2.45585,136.057,1.7447,1.8854,8.7475,8.6485,98.869,81.86,False,
BAT-004,415,2023-03-27T23:22:11,3.6318,4.0415,2.9909,1.625,-1.2609,35.516,39.069,30.937,2.46838,2.45348,135.801,1.5711,2.0064,8.9646,8.9105,99.397,81.78,False,
BAT-004,416,2023-03-28T04:31:43,3.6223,4.149,2.8745,1.5981,-1.4562,34.106,37.656,29.756,2.47034,2.44972,135.296,1.6569,1.6952,8.9484,8.8737,99.165,81.66,False,
BAT-004,417,2023-03-28T08:57:45,3.5339,4.0505,2.8535,1.5954,-1.2429,33.955,41.406,30.87,2.48925,2.45452,136.2,1.5714,1.9468,8.7968,8.674,98.605,81.82,False,
BAT-004,418,2023-03-28T13:31:30,3.5639,4.0887,2.9782,1.3615,-1.4039,33.742,40.241,29.893,2.4877,2.45642,136.57,1.8429,1.7139,8.866,8.7545,98.743,81.88,False,
BAT-004,419,2023-03-28T19:00:59,3.5599,3.9675,3.0053,1.7847,-1.6173,34.386,41.848,31.924,2.49155,2.46174,133.633,1.3351,1.4666,8.8697,8.7636,98.803,82.06,False,
BAT-004,420,2023-03-28T23:38:36,3.5696,3.9668,2.8585,1.7799,-1.3454,36.028,43.117,31.369,2.4652,2.45127,138.085,1.3282,1.8828,8.7998,8.7501,99.435,81.71,False,
BAT-004,421,2023-03-29T04:13:59,3.6055,4.054,3.0508,1.7448,-1.2738,33.518,39.959,31.309,2.48757,2.45677,130.998,1.4703,2.0178,8.9689,8.8579,98.762,81.89,False,
BAT-004,422,2023-03-29T09:36:20,3.6078,3.9708,2.9798,1.7834,-1.3541,31.652,35.372,27.788,2.46759,2.45109,136.981,1.435,1.8832,8.9027,8.8432,99.331,81.7,False,
BAT-004,423,2023-03-29T14:29:55,3.5227,3.9639,2.85,1.3119,-1.64,34.707,40.975,32.359,2.46424,2.44215,135.525,2.0313,1.5486,8.6808,8.603,99.103,81.4,False,
BAT-004,424,2023-03-29T18:52:49,3.5221,3.9718,2.85,1.7372,-1.2878,36.385,42.055,33.034,2.49348,2.45951,131.768,1.5175,1.9377,8.7823,8.6627,98.638,81.98,False,
BAT-004,425,2023-03-29T23:14:53,3.5568,4.0783,2.867,1.452,-1.5144,35.442,40.499,33.333,2.47347,2.4396,132.35,1.712,1.6123,8.7977,8.6772,98.631,81.32,False,
BAT-004,426,2023-03-30T04:29:51,3.5638,3.9148,2.85,1.752,-1.6619,34.283,41.45,30.158,2.45051,2.43571,137.048,1.4361,1.4037,8.7332,8.6804,99.396,81.19,False,
BAT-004,427,2023-03-30T08:05:20,3.494,3.8664,2.85,1.4392,-1.2986,35.001,42.036,31.47,2.47046,2.43645,134.235,1.6405,1.9217,8.6319,8.5131,98.623,81.22,False,
BAT-004,428,2023-03-30T12:12:09,3.5485,3.9552,2.8746,1.4421,-1.2238,33.849,40.561,29.26,2.47817,2.45079,139.159,1.8582,2.0018,8.7937,8.6965,98.895,81.69,False,
BAT-004,429,2023-03-30T17:10:25,3.639,4.0506,2.9302,1.3754,-1.6679,33.58,40.005,29.704,2.48586,2.45413,132.611,1.743,1.504,9.046,8.9305,98.724,81.8,False,
BAT-004,430,2023-03-30T21:23:18,3.6178,4.1303,2.8882,1.3486,-1.6987,35.179,42.391,31.504,2.45787,2.44329,138.908,1.993,1.415,8.892,8.8393,99.407,81.44,False,
BAT-004,431,2023-03-31T01:50:15,3.5902,3.9497,3.0166,1.3906,-1.2884,34.686,39.659,31.218,2.46171,2.43227,133.606,1.7054,1.9578,8.8379,8.7322,98.804,81.08,False,
BAT-004,432,2023-03-31T06:00:58,3.5843,4.0895,3.0242,1.4706,-1.4406,35.146,42.327,32.412,2.46101,2.42913,136.565,1.7552,1.6274,8.8209,8.7067,98.705,80.97,False,
BAT-004,433,2023-03-31T11:05:30,3.6032,4.0828,2.9609,1.6845,-1.3499,39.038,46.278,34.377,2.43959,2.42632,140.856,1.5615,1.8753,8.7903,8.7424,99.456,80.88,False,
BAT-004,434,2023-03-31T15:07:30,3.5443,3.982,2.8932,1.3743,-1.3798,32.566,38.939,28.823,2.4537,2.43547,131.732,1.8879,1.8153,8.6968,8.6321,99.257,81.18,False,
BAT-004,435,2023-03-31T20:19:44,3.4899,3.8462,2.85,1.4438,-1.6524,34.329,37.454,32.263,2.44023,2.42631,136.294,1.7586,1.4169,8.5161,8.4675,99.429,80.88,False,
BAT-004,436,2023-04-01T00:01:32,3.5582,4.0692,3.0025,1.4855,-1.319,37.652,41.042,33.492,2.45949,2.43194,137.053,1.6916,1.9021,8.7513,8.6533,98.88,81.06,False,
BAT-004,437,2023-04-01T04:26:26,3.5035,3.9403,2.85,1.7212,-1.3554,34.105,38.937,30.329,2.46414,2.42891,138.592,1.4668,1.8344,8.633,8.5096,98.57,80.96,False,
BAT-004,438,2023-04-01T09:03:54,3.4953,3.9116,2.85,1.4901,-1.3367,36.011,42.529,32.567,2.45628,2.44153,133.69,1.6373,1.7903,8.5854,8.5338,99.4,81.38,False,
BAT-004,439,2023-04-01T13:16:16,3.6206,4.019,2.8909,1.584,-1.5649,34.969,41.294,30.742,2.46514,2.44877,136.056,1.5688,1.6334,8.9252,8.866,99.336,81.63,False,
BAT-004,440,2023-04-01T18:01:44,3.571,4.0464,2.9297,1.5765,-1.5245,35.276,39.873,31.829,2.45399,2.4274,130.734,1.611,1.6597,8.7632,8.6682,98.917,80.91,False,
BAT-004,441,2023-04-01T22:19:39,3.5173,4.043,2.8797,1.426,-1.4615,33.583,39.493,28.608,2.45934,2.42485,133.277,1.8891,1.678,8.6502,8.5289,98.597,80.83,False,
BAT-004,442,2023-04-02T03:43:27,3.6112,3.9928,3.0524,1.6297,-1.6668,34.001,41.262,29.508,2.45657,2.42144,141.723,1.5494,1.4458,8.8711,8.7442,98.57,80.71,False,
BAT-004,443,2023-04-02T08:10:47,3.4962,3.9661,2.85,1.7187,-1.3267,33.661,37.572,30.479,2.46203,2.43057,136.081,1.4667,1.8879,8.6077,8.4977,98.722,81.02,False,
BAT-004,444,2023-04-02T13:23:10,3.6296,4.0142,2.9798,1.7505,-1.3578,35.299,43.277,31.931,2.46134,2.43126,137.317,1.4683,1.8793,8.9337,8.8245,98.778,81.04,False,
BAT-004,445,2023-04-02T17:47:04,3.616,4.1575,2.918,1.6214,-1.2041,62.836,67.438,60.353,2.27105,2.2561,164.008,1.5042,1.9656,8.2122,8.1581,99.342,75.2,True,capacity_drop
BAT-004,446,2023-04-02T22:55:28,3.5803,4.0917,2.9823,1.7823,-1.3073,33.329,40.473,29.939,2.45395,2.42844,136.086,1.4092,1.8239,8.7858,8.6945,98.96,80.95,False,
BAT-004,447,2023-04-03T02:43:37,3.6343,4.154,2.9096,1.6595,-1.4331,34.431,39.564,32.144,2.46416,2.43346,140.939,1.5435,1.6311,8.9554,8.8438,98.754,81.12,False,
BAT-004,448,2023-04-03T07:23:05,3.4755,3.8547,2.85,1.6915,-1.5291,37.087,42.265,34.569,2.43383,2.40556,141.454,1.5045,1.5605,8.4588,8.3605,98.838,80.19,False,
BAT-004,449,2023-04-03T11:24:29,3.5475,4.0442,2.9881,1.7264,-1.4307,35.647,39.314,30.811,2.44189,2.42063,137.084,1.4576,1.7374,8.6625,8.5871,99.129,80.69,False,
BAT-004,450,2023-04-03T16:25:38,3.6191,4.1595,2.9477,1.7369,-1.2417,36.659,40.555,31.924,2.45721,2.43175,136.919,1.3938,2.0001,8.8929,8.8008,98.964,81.06,False,
BAT-004,451,2023-04-03T20:24:56,3.5003,4.008,2.85,1.6386,-1.5187,33.564,37.112,30.025,2.45129,2.43135,136.435,1.6123,1.5242,8.5802,8.5104,99.187,81.05,False,
BAT-004,452,2023-04-04T00:14:31,3.6259,4.069,2.8853,1.5088,-1.4997,37.424,41.746,35.148,2.44462,2.41213,139.184,1.7721,1.618,8.8639,8.7461,98.671,80.4,False,
BAT-004,453,2023-04-04T05:34:51,3.5452,3.9859,2.85,1.7944,-1.6802,34.696,37.791,31.149,2.45766,2.43105,140.569,1.3423,1.4636,8.7129,8.6185,98.917,81.03,False,
BAT-004,454,2023-04-04T10:18:19,3.5626,4.0234,2.9519,1.7044,-1.4322,37.222,44.585,34.322,2.45105,2.418,140.978,1.5004,1.7467,8.7322,8.6144,98.652,80.6,False,
BAT-004,455,2023-04-04T15:28:43,3.5148,3.9819,2.898,1.634,-1.3405,35.467,42.303,32.983,2.44394,2.41541,136.303,1.4776,1.7542,8.59,8.4897,98.832,80.51,False,
BAT-004,456,2023-04-04T19:43:25,3.5027,4.0221,2.9027,1.4093,-1.2018,34.589,41.281,31.546,2.441,2.40938,139.231,1.6473,2.0621,8.55,8.4393,98.705,80.31,False,
BAT-004,457,2023-04-05T00:04:55,3.5431,4.0278,2.9006,1.5169,-1.4098,32.518,37.251,29.749,2.43895,2.4067,142.006,1.6037,1.7034,8.6415,8.5272,98.678,80.22,False,
BAT-004,458,2023-04-05T04:27:44,3.5674,3.937,2.8653,1.5545,-1.6333,33.499,37.651,28.713,2.45173,2.42431,135.776,1.6573,1.5198,8.7462,8.6484,98.882,80.81,False,
BAT-004,459,2023-04-05T08:50:53,3.5555,3.9564,2.8604,1.6774,-1.6445,38.374,44.748,33.539,2.43327,2.40204,139.276,1.4951,1.4831,8.6514,8.5404,98.717,80.07,False,
BAT-004,460,2023-04-05T13:37:42,3.5629,4.0531,2.9037,1.3927,-1.3242,37.75,41.77,34.479,2.44313,2.41249,138.319,1.7052,1.7574,8.7047,8.5956,98.746,80.42,False,
BAT-004,461,2023-04-05T18:51:20,3.5205,3.8711,2.9641,1.5608,-1.2454,36.814,42.395,34.078,2.44571,2.41479,139.143,1.6858,1.9408,8.61,8.5012,98.736,80.49,False,
BAT-004,462,2023-04-05T23:30:30,3.6446,4.0766,2.9228,1.6187,-1.6831,34.262,39.827,30.358,2.42917,2.40101,136.63,1.517,1.3734,8.8533,8.7507,98.841,80.03,False,
BAT-004,463,2023-04-06T03:30:34,3.6391,4.0827,3.0094,1.5637,-1.2598,32.616,38.901,29.674,2.43905,2.41065,138.032,1.634,1.8687,8.8761,8.7727,98.836,80.36,False,
BAT-004,464,2023-04-06T08:03:58,3.6341,4.0636,2.9933,1.6263,-1.5059,35.556,43.258,32.377,2.42239,2.40974,138.556,1.5245,1.6745,8.8033,8.7573,99.478,80.32,False,
BAT-004,465,2023-04-06T11:57:26,3.486,4.0036,2.8732,1.5953,-1.3282,35.527,42.788,30.583,2.43436,2.39961,137.044,1.4656,1.7382,8.4861,8.3649,98.572,79.99,False,
BAT-004,466,2023-04-06T16:32:39,3.5404,3.9131,2.9302,1.7038,-1.2442,36.452,42.558,33.71,2.42232,2.39522,143.051,1.4532,1.9901,8.576,8.4801,98.881,79.84,False,
BAT-004,467,2023-04-06T20:53:30,3.5224,3.8901,2.85,1.7069,-1.588,37.546,41.735,34.296,2.42646,2.41395,136.124,1.4328,1.4807,8.5469,8.5029,99.484,80.47,False,
BAT-004,468,2023-04-07T01:02:34,3.5773,4.0081,2.9106,1.5159,-1.311,34.998,41.362,31.923,2.42187,2.39839,135.279,1.5857,1.7778,8.6638,8.5799,99.031,79.95,False,
BAT-004,469,2023-04-07T05:27:02,3.5336,4.0127,2.9551,1.7147,-1.5769,35.684,39.851,31.251,2.4431,2.41262,140.142,1.3802,1.5175,8.6328,8.5251,98.753,80.42,False,
BAT-004,470,2023-04-07T10:04:27,3.5357,4.0299,2.85,1.3315,-1.6704,34.283,38.944,29.761,2.43535,2.40814,140.022,1.849,1.4623,8.6105,8.5143,98.883,80.27,False,
BAT-004,471,2023-04-07T14:42:51,3.5634,4.098,2.9334,1.6674,-1.3954,37.244,40.365,34.494,2.4034,2.38774,139.012,1.4061,1.6716,8.5643,8.5085,99.348,79.59,False,
BAT-004,472,2023-04-07T18:43:29,3.6079,4.1028,2.9941,1.3089,-1.5548,31.06,36.367,26.364,2.40323,2.38644,141.923,1.9446,1.5234,8.6705,8.61,99.302,79.55,False,
BAT-004,473,2023-04-07T22:46:22,3.5997,3.997,2.8673,1.6442,-1.4743,34.739,40.299,32.564,2.43297,2.39738,140.213,1.5524,1.5457,8.7579,8.6298,98.537,79.91,False,
BAT-004,474,2023-04-08T02:42:05,3.499,4.001,2.85,1.6681,-1.6826,33.379,40.103,30.113,2.41785,2.3977,141.17,1.4427,1.4196,8.4602,8.3897,99.167,79.92,False,
BAT-004,475,2023-04-08T07:12:56,3.5984,4.0131,2.9361,1.3083,-1.6561,31.843,35.286,27.851,2.42982,2.3993,139.997,1.8184,1.4577,8.7434,8.6336,98.744,79.98,False,
BAT-004,476,2023-04-08T11:21:54,3.5564,4.0169,2.9222,1.3256,-1.5633,36.513,44.15,32.089,2.42146,2.39192,139.714,1.8918,1.4601,8.6117,8.5067,98.78,79.73,False,
BAT-004,477,2023-04-08T16:20:42,3.4624,3.9722,2.8925,1.6419,-1.4631,38.171,45.618,35.423,2.4237,2.39177,137.849,1.4053,1.5871,8.3918,8.2812,98.683,79.73,False,
BAT-004,478,2023-04-08T21:12:36,3.609,3.9609,2.8612,1.5637,-1.2319,34.636,41.69,29.921,2.43025,2.40203,139.168,1.5987,1.9249,8.7709,8.669,98.839,80.07,False,
BAT-004,479,2023-04-09T02:17:14,3.4874,3.8501,2.8595,1.6574,-1.4491,35.058,39.127,31.865,2.42204,2.38863,140.643,1.5022,1.6603,8.4466,8.3301,98.62,79.62,False,
BAT-004,480,2023-04-09T06:13:45,3.51,3.8754,2.9584,1.5361,-1.3733,36.343,42.623,32.419,2.39713,2.38306,137.109,1.511,1.6884,8.4139,8.3645,99.413,79.44,False,
BAT-004,481,2023-04-09T10:28:34,3.6468,4.0729,2.9079,1.6681,-1.4739,39.124,46.988,36.665,2.42726,2.39686,144.213,1.4581,1.6133,8.8518,8.7409,98.747,79.9,False,
BAT-004,482,2023-04-09T15:31:29,3.4882,3.9104,2.85,1.6743,-1.4354,33.399,36.903,29.656,2.39675,2.38218,139.325,1.4899,1.6174,8.3604,8.3096,99.392,79.41,False,
BAT-004,483,2023-04-09T19:12:23,3.5171,4.0626,2.9443,1.7997,-1.56,36.023,40.722,31.42,2.40801,2.38385,141.896,1.4538,1.562,8.4691,8.3841,98.996,79.46,False,
BAT-004,484,2023-04-09T23:47:13,3.4913,3.9147,2.85,1.6679,-1.514,38.789,42.973,36.507,2.4071,2.39327,135.041,1.583,1.5219,8.4038,8.3556,99.425,79.78,False,
BAT-004,485,2023-04-10T04:50:34,3.6119,4.1156,2.9157,1.4301,-1.6675,36.132,40.143,33.214,2.40866,2.37629,142.447,1.7347,1.4795,8.6998,8.5829,98.656,79.21,False,
BAT-004,486,2023-04-10T09:45:07,3.5348,3.915,2.9141,1.3005,-1.2116,36.306,39.815,32.837,2.40814,2.37986,141.02,2.0091,1.8827,8.5123,8.4123,98.825,79.33,False,
BAT-004,487,2023-04-10T15:26:54,3.5072,4.0023,2.8963,1.3272,-1.2844,36.028,39.48,32.419,2.39146,2.37557,142.029,1.8775,1.8843,8.3874,8.3317,99.336,79.19,False,
BAT-004,488,2023-04-10T19:53:54,3.5539,3.9286,2.865,1.6099,-1.5585,36.495,43.871,31.863,2.41638,2.39332,140.07,1.4952,1.4869,8.5875,8.5056,99.046,79.78,False,
BAT-004,489,2023-04-11T00:46:12,3.6123,4.0804,2.9629,1.3013,-1.2964,37.304,40.608,32.46,2.40064,2.36584,144.92,2.0197,1.8964,8.6718,8.5461,98.55,78.86,False,
BAT-004,490,2023-04-11T06:40:10,3.5263,3.9722,2.85,1.581,-1.3528,36.799,43.54,33.203,2.40462,2.37067,142.312,1.5269,1.7729,8.4795,8.3598,98.588,79.02,False,
BAT-004,491,2023-04-11T11:05:57,3.6212,4.1635,2.9016,1.7455,-1.5816,37.481,43.144,33.826,2.41536,2.38724,138.309,1.3564,1.4662,8.7464,8.6446,98.836,79.57,False,
BAT-004,492,2023-04-11T14:28:23,3.4958,3.9525,2.85,1.478,-1.6596,35.895,41.224,33.455,2.4138,2.39881,140.578,1.6288,1.3766,8.4381,8.3857,99.379,79.96,False,
BAT-004,493,2023-04-11T18:01:54,3.6142,4.0314,2.9826,1.4463,-1.6153,34.316,37.993,31.711,2.41243,2.38489,138.023,1.6588,1.4621,8.7189,8.6194,98.859,79.5,False,
BAT-004,494,2023-04-11T22:32:29,3.4863,3.9713,2.85,1.6701,-1.259,36.49,43.683,33.922,2.37769,2.35971,144.646,1.552,1.9144,8.2893,8.2266,99.244,78.66,False,
BAT-004,495,2023-04-12T03:40:56,3.5385,3.9192,2.9174,1.6678,-1.4861,34.322,40.83,30.122,2.4047,2.38797,142.98,1.4946,1.5778,8.509,8.4498,99.304,79.6,False,
BAT-004,496,2023-04-12T08:10:58,3.5571,3.9405,2.9398,1.6007,-1.5962,37.057,43.056,32.871,2.39894,2.36821,142.939,1.5635,1.4733,8.5333,8.424,98.719,78.94,False,
BAT-004,497,2023-04-12T12:38:02,3.5762,4.0309,2.85,1.35,-1.6856,38.021,43.825,35.024,2.39144,2.36885,142.991,1.6851,1.3373,8.5522,8.4715,99.055,78.96,False,
BAT-004,498,2023-04-12T16:44:19,3.5534,3.9795,2.8954,1.7625,-1.4193,35.958,42.286,33.864,2.40829,2.37405,142.783,1.4908,1.7463,8.5577,8.436,98.578,79.14,False,
BAT-004,499,2023-04-12T20:36:50,3.5416,3.9377,2.8863,1.3575,-1.3512,33.941,40.524,30.105,2.39694,2.36624,139.43,1.7076,1.8126,8.4889,8.3802,98.719,78.87,False,
BAT-004,500,2023-04-13T01:04:52,3.5815,4.0327,2.9503,1.6487,-1.4719,36.21,39.459,34.13,2.38381,2.36645,141.515,1.4144,1.5464,8.5376,8.4754,99.272,78.88,False,
BAT-005,1,2023-01-02T04:00:00,3.5654,4.0031,2.85,1.3997,-1.457,24.554,31.587,21.99,3.01672,3.00123,84.457,2.3583,2.1044,10.7558,10.7006,99.487,100.04,False,
BAT-005,2,2023-01-02T09:47:53,3.6237,4.0007,3.0493,1.4541,-1.5816,24.573,30.844,22.554,3.02184,2.996,84.839,2.2623,1.831,10.9502,10.8565,99.145,99.87,False,
BAT-005,3,2023-01-02T14:52:10,3.6272,3.9925,3.0462,1.4323,-1.5545,24.164,29.294,19.816,3.03624,2.99927,86.678,2.1147,1.8494,11.0131,10.8789,98.782,99.98,False,
BAT-005,4,2023-01-02T19:55:44,3.6216,4.1262,2.9554,1.7506,-1.4949,20.84,24.819,16.4,3.01977,2.99064,92.232,1.7348,2.0587,10.9364,10.8309,99.035,99.69,False,
BAT-005,5,2023-01-03T01:41:49,3.5568,3.9693,2.9096,1.5685,-1.3376,24.132,28.21,19.723,3.00635,2.98129,89.399,1.9008,2.1204,10.6929,10.6038,99.166,99.38,False,
BAT-005,6,2023-01-03T06:51:20,3.5505,4.0784,2.8726,1.6454,-1.2493,24.899,32.344,22.417,3.03116,2.99367,86.14,1.8357,2.4388,10.7623,10.6292,98.763,99.79,False,
BAT-005,7,2023-01-03T12:58:59,3.617,4.1221,2.8822,1.7806,-1.6626,24.881,30.2,22.566,3.03036,2.98939,90.297,1.672,1.8254,10.9608,10.8126,98.648,99.65,False,
BAT-005,8,2023-01-03T17:10:18,3.5007,3.8839,2.85,1.4446,-1.6006,24.938,31.508,20.813,3.01185,2.99011,88.734,2.0231,1.7853,10.5436,10.4675,99.278,99.67,False,
BAT-005,9,2023-01-03T22:44:35,3.5165,3.9122,2.85,1.4954,-1.4724,24.438,27.901,21.72,3.00858,2.98841,89.688,2.054,2.1,10.5795,10.5086,99.33,99.61,False,
BAT-005,10,2023-01-04T04:32:31,3.6121,4.1234,2.9881,1.5952,-1.4974,24.671,30.022,21.954,2.98878,2.9718,85.815,1.9003,2.0789,10.7957,10.7343,99.432,99.06,False,
BAT-005,11,2023-01-04T09:25:46,3.5401,4.0408,2.85,1.7903,-1.3008,23.893,28.744,20.036,3.00234,2.95958,86.841,1.6494,2.2179,10.6287,10.4774,98.576,98.65,False,
BAT-005,12,2023-01-04T14:43:30,3.6092,3.9861,3.0113,1.6778,-1.6133,24.132,29.182,20.649,3.005,2.96163,88.266,1.8667,1.8634,10.8456,10.689,98.557,98.72,False,
BAT-005,13,2023-01-04T20:12:04,3.6296,4.0235,2.9225,1.5935,-1.3837,24.895,31.809,20.743,2.98659,2.96843,85.244,1.8542,2.0951,10.8403,10.7743,99.392,98.95,False,
BAT-005,14,2023-01-05T01:03:27,3.5158,3.9578,2.8903,1.535,-1.5596,24.773,32.727,21.314,2.98536,2.96184,87.758,1.9818,1.8669,10.4959,10.4132,99.212,98.73,False,
BAT-005,15,2023-01-05T06:34:29,3.5113,3.9117,2.8914,1.3341,-1.3099,23.567,30.243,19.483,2.98842,2.96284,90.101,2.3089,2.2363,10.4933,10.4035,99.144,98.76,False,
BAT-005,16,2023-01-05T12:57:15,3.6126,4.0076,2.9619,1.3759,-1.6047,25.207,33.102,22.797,2.99835,2.96564,89.918,2.2369,1.8895,10.8318,10.7137,98.909,98.85,False,
BAT-005,17,2023-01-05T18:52:54,3.6225,4.0952,2.9061,1.338,-1.3277,26.368,31.896,21.474,2.96205,2.9414,85.422,2.3186,2.2068,10.7299,10.6551,99.303,98.05,False,
BAT-005,18,2023-01-06T01:05:47,3.5586,4.0691,2.9161,1.5075,-1.4793,25.142,30.257,20.599,2.98294,2.95464,89.985,2.063,1.8999,10.6151,10.5144,99.051,98.49,False,
BAT-005,19,2023-01-06T06:16:24,3.591,4.0484,2.9419,1.4946,-1.6433,26.264,33.086,23.399,2.98469,2.9654,83.867,2.1709,1.8621,10.718,10.6487,99.354,98.85,False,
BAT-005,20,2023-01-06T10:59:33,3.5574,3.9535,2.9159,1.633,-1.4544,24.943,31.043,19.946,2.98762,2.9631,82.645,1.7866,2.0432,10.6281,10.5409,99.179,98.77,False,
BAT-005,21,2023-01-06T15:53:09,3.5153,3.8837,2.85,1.3133,-1.4481,24.52,30.882,19.734,2.98524,2.94474,89.581,2.1897,2.09,10.4941,10.3517,98.643,98.16,False,
BAT-005,22,2023-01-06T21:54:41,3.5669,3.9746,3.0119,1.521,-1.5717,26.093,31.243,23.302,2.99243,2.95045,83.62,1.9078,1.959,10.6738,10.5241,98.597,98.35,False,
BAT-005,23,2023-01-07T02:37:28,3.4933,3.9131,2.85,1.5725,-1.2589,24.84,29.785,20.803,2.97691,2.9567,91.394,2.0216,2.4627,10.3993,10.3287,99.321,98.56,False,
BAT-005,24,2023-01-07T08:28:26,3.5486,3.9481,2.85,1.764,-1.2241,26.925,33.885,24.917,2.97107,2.94359,92.038,1.8308,2.5153,10.5433,10.4457,99.075,98.12,False,
BAT-005,25,2023-01-07T14:15:47,3.6045,4.0154,2.9246,1.7192,-1.618,24.814,30.041,22.697,2.96678,2.94229,88.952,1.8032,1.7716,10.6937,10.6054,99.174,98.08,False,
BAT-005,26,2023-01-07T19:44:00,3.5182,3.8857,2.8517,1.7444,-1.3114,25.223,28.411,22.163,2.9589,2.93249,95.603,1.7777,2.3091,10.4101,10.3172,99.107,97.75,False,
BAT-005,27,2023-01-08T01:44:06,3.5128,3.9793,2.8942,1.4244,-1.2568,24.878,29.94,20.069,2.97275,2.9444,89.877,2.1249,2.4173,10.4426,10.343,99.047,98.15,False,
BAT-005,28,2023-01-08T06:58:21,3.6432,4.0629,2.9893,1.5666,-1.5036,28.066,32.811,25.808,2.96769,2.94492,88.715,2.0608,1.9397,10.8119,10.729,99.233,98.16,False,
BAT-005,29,2023-01-08T12:33:49,3.5354,3.9854,2.9704,1.3351,-1.5498,27.364,30.912,22.98,2.95771,2.93396,96.936,2.2194,1.8114,10.4567,10.3727,99.197,97.8,False,
BAT-005,30,2023-01-08T17:35:43,3.5272,3.9535,2.8992,1.5448,-1.4276,23.799,28.249,21.411,2.95856,2.92476,96.65,1.9923,2.0328,10.4353,10.3161,98.857,97.49,False,
BAT-005,31,2023-01-08T23:07:42,3.489,3.8652,2.904,1.4834,-1.3464,25.861,33.805,22.594,2.96961,2.94473,94.537,1.9622,2.1867,10.361,10.2742,99.162,98.16,False,
BAT-005,32,2023-01-09T04:31:14,3.503,3.9692,2.85,1.4117,-1.5856,27.083,30.246,23.134,2.96167,2.94634,92.654,2.0606,1.9362,10.3747,10.321,99.482,98.21,False,
BAT-005,33,2023-01-09T10:25:03,3.6143,4.1145,3.0067,1.5912,-1.2886,25.754,32.107,23.69,2.94478,2.92446,96.506,1.8239,2.2618,10.6432,10.5698,99.31,97.48,False,
BAT-005,34,2023-01-09T15:48:00,3.495,4.0259,2.85,1.7838,-1.4053,23.659,26.71,20.835,2.96587,2.93979,93.929,1.7208,2.1706,10.3658,10.2747,99.121,97.99,False,
BAT-005,35,2023-01-09T21:37:15,3.6143,4.06,2.9671,1.6937,-1.4931,23.227,31.009,19.563,2.96506,2.92539,95.553,1.871,1.9712,10.7166,10.5733,98.662,97.51,False,
BAT-005,36,2023-01-10T02:54:06,3.5935,4.0406,2.871,1.7682,-1.6988,27.652,34.306,25.37,2.9921,2.94906,96.113,1.7983,1.7094,10.7523,10.5976,98.561,98.3,False,
BAT-005,37,2023-01-10T08:12:22,3.4992,3.9876,2.85,1.6509,-1.4767,26.334,33.648,21.383,2.97127,2.92925,89.49,1.9198,1.8914,10.3971,10.2501,98.586,97.64,False,
BAT-005,38,2023-01-10T13:39:03,3.4796,3.9802,2.85,1.6636,-1.3769,25.187,30.418,22.784,2.97116,2.92835,96.393,1.9023,2.133,10.3385,10.1895,98.559,97.61,False,
BAT-005,39,2023-01-10T19:04:35,3.5507,4.05,2.9476,1.4169,-1.3599,22.901,26.95,18.848,2.95851,2.92312,94.232,2.0875,2.1326,10.5049,10.3792,98.804,97.44,False,
BAT-005,40,2023-01-11T00:37:58,3.6011,4.0246,3.0109,1.5184,-1.6365,23.104,27.181,19.108,2.95781,2.9227,93.173,2.0185,1.8603,10.6515,10.525,98.813,97.42,False,
BAT-005,41,2023-01-11T05:03:19,3.5381,3.891,2.85,1.3808,-1.3131,24.451,31.799,21.587,2.95762,2.92181,94.798,2.1717,2.2802,10.4644,10.3377,98.789,97.39,False,
BAT-005,42,2023-01-11T11:20:44,3.4959,3.9286,2.8734,1.5572,-1.406,26.376,29.637,21.392,2.94445,2.91427,94.235,2.0354,2.0385,10.2935,10.188,98.975,97.14,False,
BAT-005,43,2023-01-11T16:30:53,3.463,3.9437,2.85,1.4373,-1.6094,26.07,31.421,21.846,2.94445,2.90277,94.971,2.0605,1.791,10.1965,10.0522,98.585,96.76,False,
BAT-005,44,2023-01-11T21:50:40,3.5232,3.98,2.9493,1.594,-1.3951,27.115,31.077,23.628,2.95978,2.91687,92.38,1.7744,2.1132,10.4278,10.2766,98.55,97.23,False,
BAT-005,45,2023-01-12T02:39:38,3.6152,4.1393,3.0201,1.4517,-1.554,24.536,30.583,20.503,2.95016,2.92019,95.154,1.9655,1.8169,10.6655,10.5571,98.984,97.34,False,
BAT-005,46,2023-01-12T07:53:58,3.5142,3.9424,2.8899,1.6837,-1.5357,27.107,32.628,24.241,2.95148,2.91311,94.05,1.7979,1.8429,10.3721,10.2372,98.7,97.1,False,
BAT-005,47,2023-01-12T12:07:52,3.5888,4.0808,3.0223,1.5588,-1.5111,26.88,33.617,23.723,2.93709,2.92154,97.824,1.8501,1.9307,10.5407,10.4849,99.471,97.38,False,
BAT-005,48,2023-01-12T16:55:31,3.5334,4.0398,2.85,1.6341,-1.6468,24.064,30.616,19.753,2.93597,2.90773,92.546,1.9292,1.8102,10.3739,10.2741,99.038,96.92,False,
BAT-005,49,2023-01-12T22:31:06,3.4854,3.947,2.9324,1.3787,-1.387,23.295,27.123,19.571,2.9556,2.91326,95.833,2.2498,2.1557,10.3014,10.1538,98.567,97.11,False,
BAT-005,50,2023-01-13T04:24:53,3.5323,3.9881,2.85,1.711,-1.6488,27.456,34.021,24.969,2.9503,2.90677,95.085,1.6475,1.7015,10.4214,10.2677,98.525,96.89,False,
BAT-005,51,2023-01-13T08:33:55,3.4659,4.0009,2.8855,1.3107,-1.4397,26.792,33.476,24.688,2.92511,2.89748,96.711,2.3456,2.0765,10.138,10.0423,99.056,96.58,False,
BAT-005,52,2023-01-13T13:53:39,3.608,4.126,2.9176,1.4105,-1.5557,25.098,29.279,22.241,2.92775,2.89894,94.165,2.2488,1.9409,10.5632,10.4592,99.016,96.63,False,
BAT-005,53,2023-01-13T18:59:25,3.4813,3.9155,2.87,1.56,-1.568,26.942,31.7,22.732,2.95292,2.90981,96.902,1.9499,1.9057,10.2799,10.1298,98.54,96.99,False,
BAT-005,54,2023-01-13T23:31:00,3.567,4.0243,2.8761,1.6376,-1.5803,23.11,29.807,20.569,2.92476,2.90006,94.619,1.9235,1.8043,10.4327,10.3445,99.155,96.67,False,
BAT-005,55,2023-01-14T04:44:37,3.3114,3.846,2.85,1.7548,-1.4044,47.565,51.068,42.621,2.75852,2.73983,125.542,1.4944,1.9055,9.1346,9.0727,99.322,91.33,True,capacity_drop
BAT-005,56,2023-01-14T09:34:01,3.4878,3.861,2.9266,1.5439,-1.6024,25.935,30.403,23.885,2.89737,2.87611,99.726,2.0475,1.7432,10.1055,10.0314,99.266,95.87,False,
BAT-005,57,2023-01-14T14:43:10,3.4918,3.9213,2.85,1.3581,-1.4155,26.315,30.469,24.027,2.91337,2.89607,98.116,2.0413,1.9475,10.173,10.1126,99.406,96.54,False,
BAT-005,58,2023-01-14T19:48:23,3.5504,4.0002,2.922,1.7948,-1.2227,25.634,32.757,22.836,2.91216,2.88634,99.121,1.5862,2.4491,10.3394,10.2478,99.113,96.21,False,
BAT-005,59,2023-01-15T01:08:26,3.5155,3.9426,2.85,1.766,-1.6923,25.369,31.148,21.272,2.89497,2.88034,96.809,1.7497,1.7735,10.1773,10.1259,99.495,96.01,False,
BAT-005,60,2023-01-15T06:15:23,3.564,4.0307,2.9321,1.5437,-1.6837,24.367,31.289,20.544,2.9126,2.89655,95.483,1.918,1.7056,10.3806,10.3234,99.449,96.55,False,
BAT-005,61,2023-01-15T11:11:09,3.5876,3.9396,3.0165,1.3722,-1.2518,26.195,33.995,22.219,2.91257,2.89456,96.188,2.2777,2.3269,10.4491,10.3845,99.382,96.49,False,
BAT-005,62,2023-01-15T17:13:10,3.6121,4.0509,2.8908,1.5519,-1.3289,25.415,30.673,22.641,2.9102,2.8882,100.446,1.7899,2.0876,10.512,10.4325,99.244,96.27,False,
BAT-005,63,2023-01-15T22:52:15,3.6436,4.0861,2.9987,1.4271,-1.5068,25.978,33.852,23.462,2.92579,2.88616,95.762,1.9713,1.887,10.6603,10.5159,98.646,96.21,False,
BAT-005,64,2023-01-16T03:33:09,3.5833,3.975,2.9544,1.4432,-1.5188,26.493,30.806,22.629,2.90165,2.87125,94.526,2.1237,1.8659,10.3974,10.2885,98.953,95.71,False,
BAT-005,65,2023-01-16T08:46:24,3.5474,4.0479,2.9186,1.7727,-1.309,27.184,33.192,23.554,2.89408,2.86904,96.511,1.7828,2.1533,10.2666,10.1777,99.135,95.63,False,
BAT-005,66,2023-01-16T13:46:34,3.6036,4.1064,2.91,1.5929,-1.3585,25.165,31.856,22.393,2.89891,2.86747,97.303,1.8122,2.1552,10.4464,10.3331,98.916,95.58,False,
BAT-005,67,2023-01-16T19:37:12,3.5325,3.8926,2.9548,1.6642,-1.321,26.936,30.381,24.261,2.93272,2.89282,97.92,1.7403,2.155,10.3599,10.219,98.64,96.43,False,
BAT-005,68,2023-01-17T01:25:22,3.5041,3.9809,2.85,1.4787,-1.4886,25.526,32.65,22.524,2.91494,2.88057,98.673,2.0107,1.8641,10.2141,10.0937,98.821,96.02,False,
BAT-005,69,2023-01-17T06:45:18,3.5423,4.0366,2.85,1.6703,-1.4474,26.295,33.442,21.774,2.89883,2.87268,94.369,1.802,2.0248,10.2686,10.176,99.098,95.76,False,
BAT-005,70,2023-01-17T11:46:34,3.5787,4.0412,2.9602,1.421,-1.2329,25.051,31.193,20.747,2.88024,2.86448,100.28,2.2015,2.2268,10.3076,10.2512,99.453,95.48,False,
BAT-005,71,2023-01-17T17:55:32,3.6365,4.112,3.0343,1.4025,-1.2746,26.01,32.63,23.573,2.88795,2.865,96.101,2.165,2.3309,10.5019,10.4185,99.205,95.5,False,
BAT-005,72,2023-01-18T00:11:29,3.4915,3.9553,2.85,1.4092,-1.3136,22.181,29.905,18.253,2.89344,2.87548,100.825,2.1221,2.2235,10.1025,10.0398,99.379,95.85,False,
BAT-005,73,2023-01-18T05:13:48,3.5211,4.0217,2.85,1.5143,-1.5035,24.003,30.604,20.506,2.88769,2.86737,97.284,1.9566,1.9423,10.1677,10.0962,99.296,95.58,False,
BAT-005,74,2023-01-18T09:53:03,3.5421,3.9098,2.9,1.3836,-1.6344,25.613,31.039,23.297,2.89189,2.87326,95.855,2.2357,1.7196,10.2435,10.1775,99.356,95.78,False,
BAT-005,75,2023-01-18T15:13:50,3.5645,4.1131,2.9313,1.6147,-1.3434,25.662,32.893,21.387,2.89704,2.87257,96.4,1.8776,2.1923,10.3266,10.2394,99.156,95.75,False,
BAT-005,76,2023-01-18T20:03:48,3.6011,4.065,2.8578,1.3185,-1.4132,28.491,33.191,25.538,2.88626,2.85897,103.579,2.3254,2.1072,10.3937,10.2955,99.054,95.3,False,
BAT-005,77,2023-01-19T01:48:08,3.4901,3.9654,2.9,1.5243,-1.5422,25.862,32.008,22.044,2.89267,2.87539,101.436,2.0837,1.9044,10.0956,10.0353,99.402,95.85,False,
BAT-005,78,2023-01-19T07:39:07,3.5597,3.9291,2.8969,1.4064,-1.4909,26.722,31.691,21.872,2.90857,2.86955,102.862,2.2024,1.9833,10.3537,10.2148,98.659,95.65,False,
BAT-005,79,2023-01-19T12:30:22,3.4767,3.8898,2.85,1.7497,-1.5332,27.952,32.401,23.026,2.87163,2.85636,103.219,1.6595,1.9399,9.9839,9.9308,99.468,95.21,False,
BAT-005,80,2023-01-19T17:46:28,3.6252,4.1467,2.882,1.465,-1.4692,27.782,31.868,23.389,2.89673,2.87251,98.577,1.9561,1.9955,10.5013,10.4135,99.164,95.75,False,
BAT-005,81,2023-01-19T23:00:42,3.4988,3.9293,2.85,1.723,-1.4397,25.256,29.583,21.557,2.8961,2.8671,95.589,1.6702,1.9593,10.133,10.0315,98.999,95.57,False,
BAT-005,82,2023-01-20T03:29:36,3.5577,3.9812,2.85,1.5558,-1.6161,24.459,29.312,20.243,2.88081,2.85325,99.428,1.8082,1.8485,10.2492,10.1511,99.043,95.11,False,
BAT-005,83,2023-01-20T08:30:31,3.4779,4.0127,2.8566,1.3796,-1.2492,24.055,29.845,20.111,2.88844,2.86207,98.804,2.2899,2.1904,10.0456,9.9539,99.087,95.4,False,
BAT-005,84,2023-01-20T13:47:07,3.5476,3.9304,2.85,1.7556,-1.4565,27.286,33.844,24.216,2.89936,2.87273,95.863,1.708,1.8967,10.2859,10.1914,99.081,95.76,False,
BAT-005,85,2023-01-20T18:38:01,3.5757,3.9392,2.9596,1.378,-1.6785,24.825,28.473,20.989,2.89165,2.86061,100.591,2.1511,1.6292,10.3396,10.2286,98.926,95.35,False,
BAT-005,86,2023-01-21T00:12:39,3.4965,3.932,2.9183,1.5851,-1.3557,27.708,35.635,24.71,2.86049,2.84611,104.805,1.8267,2.0561,10.0017,9.9514,99.497,94.87,False,
BAT-005,87,2023-01-21T05:50:57,3.5181,3.9838,2.85,1.3351,-1.6818,26.2,29.493,21.905,2.85406,2.83625,100.835,2.0881,1.6613,10.0409,9.9783,99.376,94.54,False,
BAT-005,88,2023-01-21T10:59:25,3.5538,4.0495,2.9332,1.5022,-1.3362,23.987,27.242,20.247,2.86306,2.84311,104.922,1.86,2.1738,10.1747,10.1038,99.303,94.77,False,
BAT-005,89,2023-01-21T15:35:15,3.5992,4.1438,2.9788,1.3297,-1.6306,28.185,31.526,25.935,2.86247,2.84018,102.225,2.199,1.7142,10.3025,10.2223,99.221,94.67,False,
BAT-005,90,2023-01-21T20:53:43,3.5979,4.0713,2.8748,1.3115,-1.47,22.82,28.212,18.372,2.87953,2.83811,101.226,2.3131,1.9798,10.3602,10.2112,98.562,94.6,False,
BAT-005,91,2023-01-22T02:00:21,3.6223,3.978,2.9055,1.3065,-1.2442,25.715,33.116,23.581,2.88332,2.85155,100.818,2.2199,2.227,10.4441,10.3291,98.898,95.05,False,
BAT-005,92,2023-01-22T07:27:54,3.6085,4.0246,3.0214,1.5649,-1.3783,26.276,29.471,22.137,2.87866,2.83925,101.449,1.8302,2.0521,10.3877,10.2455,98.631,94.64,False,
BAT-005,93,2023-01-22T13:18:55,3.5367,4.0828,2.85,1.6575,-1.5603,26.628,34.267,23.009,2.84889,2.8314,104.081,1.6748,1.8964,10.0758,10.0139,99.386,94.38,False,
BAT-005,94,2023-01-22T18:08:47,3.4996,3.9652,2.8911,1.3204,-1.3937,24.132,29.69,20.754,2.88003,2.84489,100.793,2.0977,1.9892,10.0789,9.9559,98.78,94.83,False,
BAT-005,95,2023-01-22T23:09:20,3.4962,3.9675,2.8811,1.6351,-1.5451,24.557,29.65,19.654,2.86307,2.8257,105.968,1.7357,1.8343,10.01,9.8793,98.695,94.19,False,
BAT-005,96,2023-01-23T04:01:56,3.4978,4.0313,2.9459,1.6004,-1.2017,24.864,32.701,20.817,2.87265,2.83636,102.362,1.7581,2.4777,10.048,9.9211,98.737,94.55,False,
BAT-005,97,2023-01-23T09:09:11,3.5357,4.0109,2.8984,1.758,-1.326,25.555,31.707,22.984,2.87584,2.84229,105.401,1.7577,2.1092,10.1681,10.0495,98.833,94.74,False,
BAT-005,98,2023-01-23T14:09:05,3.4724,3.9724,2.85,1.6169,-1.4981,25.935,31.325,22.638,2.8686,2.82941,100.199,1.7001,1.7984,9.961,9.8249,98.634,94.31,False,
BAT-005,99,2023-01-23T19:04:34,3.509,4.0166,2.85,1.7198,-1.5971,27.572,33.691,22.999,2.85377,2.83267,102.219,1.681,1.8039,10.0138,9.9397,99.261,94.42,False,
BAT-005,100,2023-01-23T23:18:01,3.5429,3.965,2.8526,1.754,-1.2056,25.147,31.675,21.44,2.84607,2.82794,101.135,1.6192,2.3812,10.0832,10.019,99.363,94.26,False,
BAT-005,101,2023-01-24T05:06:05,3.6218,4.0728,2.8734,1.4101,-1.572,26.236,33.39,22.181,2.8581,2.8302,101.927,1.9835,1.7268,10.3513,10.2503,99.024,94.34,False,
BAT-005,102,2023-01-24T09:34:56,3.4541,3.886,2.85,1.4876,-1.2377,25.227,32.976,21.416,2.87001,2.84436,103.55,2.019,2.3935,9.9135,9.8248,99.106,94.81,False,
BAT-005,103,2023-01-24T15:19:16,3.5239,3.9626,2.933,1.714,-1.2437,25.883,32.384,22.972,2.84066,2.8119,104.265,1.6159,2.2493,10.0101,9.9087,98.987,93.73,False,
BAT-005,104,2023-01-24T20:49:08,3.4849,3.9768,2.9331,1.3713,-1.247,27.533,33.937,22.704,2.86197,2.82481,108.954,2.0107,2.2667,9.9736,9.8441,98.702,94.16,False,
BAT-005,105,2023-01-25T02:09:18,3.5025,3.9809,2.85,1.5596,-1.371,27.422,30.479,24.978,2.83793,2.8219,104.315,1.7887,2.1561,9.9399,9.8838,99.435,94.06,False,
BAT-005,106,2023-01-25T08:03:20,3.5685,3.9624,2.85,1.6783,-1.3171,25.839,32.785,21.105,2.8531,2.82177,102.385,1.7129,2.1389,10.1814,10.0696,98.902,94.06,False,
BAT-005,107,2023-01-25T12:52:19,3.5298,4.0358,2.8753,1.4632,-1.4316,25.166,30.571,21.501,2.84279,2.82225,104.664,1.8961,1.8743,10.0345,9.962,99.278,94.07,False,
BAT-005,108,2023-01-25T18:32:13,3.5664,4.0536,2.85,1.4433,-1.3573,29.357,34.64,24.854,2.84604,2.82212,105.37,2.0542,2.0128,10.1501,10.0648,99.16,94.07,False,
BAT-005,109,2023-01-26T00:32:24,3.5636,3.9658,2.85,1.3703,-1.4215,25.792,32.206,22.406,2.842,2.80992,104.097,2.1445,2.016,10.1278,10.0135,98.871,93.66,False,
BAT-005,110,2023-01-26T06:20:48,3.5881,3.9654,2.9462,1.5298,-1.4529,23.822,30.028,18.959,2.84304,2.80478,107.449,1.8136,1.903,10.2012,10.064,98.654,93.49,False,
BAT-005,111,2023-01-26T10:40:29,3.5009,3.9094,2.85,1.7952,-1.552,26.79,33.205,22.173,2.85296,2.81115,106.734,1.5643,1.8506,9.9879,9.8416,98.534,93.7,False,
BAT-005,112,2023-01-26T15:30:38,3.6115,4.0009,3.0292,1.6692,-1.5239,27.804,33.078,25.116,2.84122,2.82472,99.719,1.8136,1.8997,10.261,10.2014,99.419,94.16,False,
BAT-005,113,2023-01-26T20:30:28,3.4874,3.9683,2.8857,1.7417,-1.3249,26.905,32.543,24.27,2.85545,2.83249,108.996,1.6942,2.2351,9.958,9.878,99.196,94.42,False,
BAT-005,114,2023-01-27T02:21:13,3.5361,4.072,2.8596,1.3925,-1.6962,24.324,27.997,19.925,2.84419,2.81502,105.638,2.1113,1.6431,10.0574,9.9542,98.974,93.83,False,
BAT-005,115,2023-01-27T06:54:08,3.5054,4.0489,2.85,1.6956,-1.5995,25.735,32.719,22.382,2.83377,2.81499,106.963,1.6028,1.7086,9.9334,9.8676,99.337,93.83,False,
BAT-005,116,2023-01-27T11:22:50,3.5711,3.9729,2.899,1.4384,-1.4381,29.334,35.737,24.772,2.8332,2.8099,102.387,1.8954,2.0164,10.1176,10.0344,99.178,93.66,False,
BAT-005,117,2023-01-27T17:04:11,3.4738,3.8631,2.85,1.7777,-1.2877,26.459,34.449,24.417,2.85712,2.81968,101.72,1.5381,2.1394,9.9249,9.7949,98.69,93.99,False,
BAT-005,118,2023-01-27T21:35:06,3.4905,3.8834,2.8501,1.3167,-1.5989,26.263,30.307,22.458,2.81374,2.78808,107.692,2.1702,1.8006,9.8213,9.7317,99.088,92.94,False,
BAT-005,119,2023-01-28T03:31:53,3.5532,3.981,2.85,1.3734,-1.6592,25.571,30.527,23.18,2.84029,2.81892,99.142,2.126,1.728,10.0921,10.0162,99.248,93.96,False,
BAT-005,120,2023-01-28T08:04:44,3.5235,3.9215,2.9187,1.3726,-1.2626,24.405,28.19,22.005,2.84197,2.80653,108.219,2.1329,2.2681,10.0136,9.8888,98.753,93.55,False,
BAT-005,121,2023-01-28T14:08:49,3.5781,3.957,2.85,1.348,-1.3386,27.062,34.522,23.556,2.82854,2.80883,106.752,2.2945,2.1672,10.1209,10.0504,99.303,93.63,False,
BAT-005,122,2023-01-28T20:14:28,3.6363,4.176,2.9579,1.5414,-1.4574,27.398,31.172,24.481,2.82171,2.79809,107.269,1.7639,1.841,10.2606,10.1747,99.163,93.27,False,
BAT-005,123,2023-01-29T00:48:49,3.6041,4.0425,2.9505,1.3333,-1.4908,26.348,30.666,21.784,2.8287,2.79754,106.967,2.1002,1.879,10.1949,10.0826,98.899,93.25,False,
BAT-005,124,2023-01-29T06:36:16,3.4963,3.9687,2.9294,1.3622,-1.6855,24.771,32.25,21.943,2.82084,2.79081,110.308,2.0904,1.665,9.8625,9.7575,98.935,93.03,False,
BAT-005,125,2023-01-29T11:47:55,3.5303,3.9251,2.85,1.7919,-1.2145,27.224,35.045,24.198,2.82533,2.79611,106.148,1.5898,2.3398,9.9742,9.871,98.966,93.2,False,
BAT-005,126,2023-01-29T16:45:27,3.5931,3.9954,2.8648,1.7588,-1.6035,26.9,32.883,22.875,2.82275,2.78376,107.244,1.6273,1.7325,10.1424,10.0023,98.619,92.79,False,
BAT-005,127,2023-01-29T21:43:48,3.5682,3.957,2.9775,1.3984,-1.4386,29.308,36.448,25.678,2.81593,2.79666,106.499,1.9375,1.9777,10.0478,9.979,99.315,93.22,False,
BAT-005,128,2023-01-30T02:49:19,3.5174,4.0233,2.8926,1.7818,-1.2802,26.704,33.52,22.902,2.81632,2.7886,104.619,1.5279,2.1041,9.9061,9.8086,99.016,92.95,False,
BAT-005,129,2023-01-30T07:09:00,3.5734,4.0689,2.85,1.3412,-1.2176,26.825,31.511,23.249,2.814,2.7872,105.348,1.9945,2.3332,10.0556,9.9598,99.048,92.91,False,
BAT-005,130,2023-01-30T13:24:47,3.4952,3.8938,2.85,1.6632,-1.3114,26.516,32.574,22.769,2.82191,2.78698,107.104,1.8374,2.1274,9.8632,9.7411,98.762,92.9,False,
BAT-005,131,2023-01-30T19:04:39,3.5098,3.873,2.9508,1.3249,-1.6607,25.298,32.482,20.408,2.83072,2.79811,108.75,2.2544,1.6875,9.9352,9.8207,98.848,93.27,False,
BAT-005,132,2023-01-31T00:14:17,3.5589,4.0043,2.9321,1.4488,-1.2273,28.523,35.173,26.008,2.81754,2.77952,110.33,2.1103,2.1694,10.0275,9.8922,98.651,92.65,False,
BAT-005,133,2023-01-31T05:05:40,3.4742,3.8761,2.85,1.3741,-1.2122,26.002,29.565,21.613,2.81918,2.79895,112.46,2.087,2.3376,9.7944,9.7241,99.283,93.3,False,
BAT-005,134,2023-01-31T11:19:53,3.6001,3.9753,2.942,1.5418,-1.532,28.97,32.607,24.05,2.81237,2.77432,111.341,1.8603,1.7624,10.1247,9.9878,98.647,92.48,False,
BAT-005,135,2023-01-31T15:38:50,3.6266,4.014,2.9424,1.4084,-1.291,25.321,31.8,22.029,2.78633,2.7684,106.589,2.1112,2.212,10.105,10.04,99.356,92.28,False,
BAT-005,136,2023-01-31T21:24:18,3.5575,4.0973,3.0068,1.4535,-1.2772,27.121,34.342,23.948,2.82356,2.78688,107.933,2.0894,2.169,10.0449,9.9144,98.701,92.9,False,
BAT-005,137,2023-02-01T03:31:37,3.4944,3.8836,2.8671,1.7928,-1.5826,28.347,36.024,25.267,2.78917,2.77036,107.856,1.5184,1.8081,9.7463,9.6806,99.326,92.35,False,
BAT-005,138,2023-02-01T07:22:18,3.5329,3.9316,2.9613,1.3016,-1.5874,26.091,29.901,23.844,2.80022,2.78569,108.436,2.1337,1.7294,9.8929,9.8416,99.481,92.86,False,
BAT-005,139,2023-02-01T12:25:37,3.5549,3.9669,2.9884,1.4883,-1.4764,25.206,30.045,20.537,2.82669,2.78547,108.207,1.9599,1.9276,10.0485,9.9019,98.542,92.85,False,
BAT-005,140,2023-02-01T16:51:35,3.5554,3.9745,2.9613,1.7804,-1.6042,26.119,31.167,22.858,2.79447,2.77468,110.668,1.715,1.655,9.9354,9.865,99.292,92.49,False,
BAT-005,141,2023-02-01T21:51:58,3.515,4.0621,2.85,1.4474,-1.3732,26.669,32.66,24.634,2.82376,2.78289,109.357,1.8949,1.9426,9.9256,9.7819,98.553,92.76,False,
BAT-005,142,2023-02-02T02:28:18,3.4564,3.8937,2.85,1.742,-1.2326,27.893,31.183,23.696,2.81001,2.76937,107.513,1.751,2.3033,9.7124,9.572,98.554,92.31,False,
BAT-005,143,2023-02-02T07:15:08,3.4876,3.95,2.9222,1.5125,-1.5548,26.577,32.771,22.305,2.79707,2.78202,108.577,1.9057,1.7849,9.755,9.7025,99.462,92.73,False,
BAT-005,144,2023-02-02T12:32:20,3.6024,4.0355,2.8922,1.5724,-1.5434,25.561,29.038,21.966,2.79808,2.77012,111.833,1.9092,1.7619,10.0797,9.979,99.001,92.34,False,
BAT-005,145,2023-02-02T18:09:03,3.5094,3.8831,2.8834,1.3179,-1.5757,25.779,29.847,22.309,2.80621,2.7707,104.196,2.2374,1.801,9.8482,9.7236,98.735,92.36,False,
BAT-005,146,2023-02-03T00:08:37,3.4895,3.8662,2.85,1.5961,-1.5839,24.524,31.644,19.972,2.77925,2.75865,104.306,1.8614,1.8178,9.6982,9.6263,99.259,91.96,False,
BAT-005,147,2023-02-03T05:37:52,3.634,4.0325,3.0345,1.698,-1.6947,24.955,32.805,22.15,2.79555,2.7657,106.121,1.666,1.6986,10.1591,10.0506,98.932,92.19,False,
BAT-005,148,2023-02-03T10:56:18,3.5992,4.0265,3.0431,1.3823,-1.2372,24.965,28.241,22.134,2.79583,2.75587,113.174,2.1001,2.1475,10.0628,9.919,98.571,91.86,False,
BAT-005,149,2023-02-03T16:09:35,3.6336,4.1204,2.887,1.6656,-1.2236,25.16,31.347,21.243,2.76159,2.74526,106.918,1.7821,2.1671,10.0344,9.975,99.408,91.51,False,
BAT-005,150,2023-02-03T22:04:51,3.5047,3.899,2.9019,1.7452,-1.3887,28.528,33.351,24.676,2.80109,2.76186,108.554,1.5732,1.8995,9.817,9.6796,98.599,92.06,False,
BAT-005,151,2023-02-04T03:21:42,3.5853,3.9665,2.9023,1.4938,-1.3909,26.823,34.585,24.313,2.8153,2.77544,110.907,1.9838,1.9265,10.0937,9.9508,98.584,92.51,False,
BAT-005,152,2023-02-04T07:49:28,3.5447,4.0475,2.9624,1.404,-1.498,25.064,28.068,22.991,2.79027,2.75897,106.694,2.0097,1.8461,9.8906,9.7797,98.878,91.97,False,
BAT-005,153,2023-02-04T13:09:37,3.5335,3.9267,2.85,1.5677,-1.3248,27.712,33.152,22.722,2.80006,2.75953,113.453,1.7168,2.0487,9.894,9.7508,98.553,91.98,False,
BAT-005,154,2023-02-04T18:50:18,3.5924,3.9943,2.9806,1.4229,-1.3914,28.832,35.489,25.035,2.77226,2.74994,107.636,1.9763,1.917,9.9591,9.8789,99.195,91.66,False,
BAT-005,155,2023-02-04T23:51:46,3.634,4.1461,2.9063,1.702,-1.4946,27.138,33.438,25.124,2.80096,2.76087,107.734,1.6566,1.9133,10.1786,10.0329,98.569,92.03,False,
BAT-005,156,2023-02-05T04:48:12,3.6212,4.0005,3.0586,1.7756,-1.2335,25.751,30.854,22.69,2.79465,2.75628,109.38,1.6487,2.2336,10.12,9.981,98.627,91.88,False,
BAT-005,157,2023-02-05T09:46:15,3.6116,4.099,2.9466,1.6071,-1.3095,27.391,32.63,22.631,2.775,2.75161,111.254,1.8494,2.1476,10.0223,9.9378,99.157,91.72,False,
BAT-005,158,2023-02-05T14:57:28,3.5044,3.958,2.9235,1.4531,-1.451,27.581,31.143,24.951,2.77699,2.75454,108.848,1.9852,1.9807,9.7317,9.653,99.191,91.82,False,
BAT-005,159,2023-02-05T19:46:56,3.5016,4.0001,2.85,1.3073,-1.6182,26.477,32.145,22.147,2.77796,2.75894,110.519,2.22,1.7593,9.7274,9.6608,99.315,91.96,False,
BAT-005,160,2023-02-06T01:19:30,3.5811,4.0694,2.92,1.6552,-1.2754,27.245,34.811,24.594,2.77082,2.74887,110.196,1.6264,2.2081,9.9225,9.8439,99.208,91.63,False,
BAT-005,161,2023-02-06T05:57:04,3.6218,4.0724,2.8796,1.4459,-1.3169,28.041,33.905,25.287,2.76415,2.73106,107.209,1.9226,2.0184,10.0111,9.8912,98.803,91.04,False,
BAT-005,162,2023-02-06T10:44:51,3.5685,3.9248,2.926,1.6119,-1.5893,30.405,38.002,25.885,2.78018,2.74114,116.19,1.6598,1.7942,9.9211,9.7817,98.596,91.37,False,
BAT-005,163,2023-02-06T15:02:09,3.5488,4.0675,2.85,1.5075,-1.6245,26.06,31.148,23.33,2.76766,2.73672,108.471,1.9722,1.7049,9.8218,9.712,98.882,91.22,False,
BAT-005,164,2023-02-06T19:51:34,3.5366,3.9018,2.9197,1.6809,-1.3267,28.097,35.873,25.425,2.78642,2.74901,108.053,1.6767,1.9957,9.8543,9.722,98.657,91.63,False,
BAT-005,165,2023-02-07T01:04:12,3.5993,4.1258,2.8629,1.6154,-1.2192,26.561,34.021,22.891,2.75571,2.72604,109.602,1.7999,2.2037,9.9186,9.8118,98.923,90.87,False,
BAT-005,166,2023-02-07T06:19:37,3.4928,3.921,2.85,1.3043,-1.582,27.474,33.963,23.947,2.77494,2.73728,114.609,2.2735,1.7194,9.6925,9.5609,98.643,91.24,False,
BAT-005,167,2023-02-07T11:20:19,3.6063,3.9957,2.9083,1.4262,-1.4156,29.07,32.637,25.873,2.76729,2.7414,112.222,2.0049,1.8982,9.9796,9.8863,99.064,91.38,False,
BAT-005,168,2023-02-07T15:51:15,3.5416,3.9449,2.85,1.6338,-1.5401,27.678,32.261,23.906,2.78941,2.75932,112.19,1.8676,1.7798,9.8791,9.7725,98.921,91.98,False,
BAT-005,169,2023-02-07T20:59:58,3.5294,4.0251,2.85,1.6697,-1.5665,26.284,30.061,21.672,2.76879,2.72968,112.052,1.6561,1.6747,9.7722,9.6341,98.588,90.99,False,
BAT-005,170,2023-02-08T01:01:24,3.5632,3.9726,2.85,1.6833,-1.6353,26.694,34.255,22.111,2.75248,2.72723,110.058,1.6643,1.6967,9.8076,9.7177,99.083,90.91,False,
BAT-005,171,2023-02-08T05:17:32,3.4761,3.9711,2.85,1.5432,-1.6929,29.761,33.553,26.986,2.76653,2.73106,117.103,1.9192,1.6557,9.6169,9.4936,98.718,91.04,False,
BAT-005,172,2023-02-08T10:31:35,3.5684,4.0232,2.9904,1.4982,-1.4363,26.358,34.331,24.245,2.76005,2.73427,109.43,2.0042,1.8237,9.8489,9.7569,99.066,91.14,False,
BAT-005,173,2023-02-08T16:08:36,3.5404,3.9198,2.9419,1.6463,-1.507,27.58,30.883,23.905,2.74682,2.72782,117.003,1.6424,1.8304,9.7248,9.6575,99.308,90.93,False,
BAT-005,174,2023-02-08T20:31:40,3.6393,4.1451,2.9705,1.7318,-1.2906,27.545,33.945,23.856,2.75254,2.72285,109.447,1.7166,2.154,10.0172,9.9092,98.921,90.76,False,
BAT-005,175,2023-02-09T01:58:25,3.5014,3.9098,2.85,3.5529,-1.6941,26.926,34.486,22.253,2.74626,2.72567,109.844,0.7617,1.5965,9.6158,9.5437,99.25,90.86,True,current_surge
BAT-005,176,2023-02-09T05:54:33,3.614,3.9996,2.9796,1.6258,-1.6112,23.505,27.113,19.568,2.76884,2.72902,107.361,1.693,1.6779,10.0066,9.8627,98.562,90.97,False,
BAT-005,177,2023-02-09T11:16:17,3.6254,3.9914,2.9916,1.6161,-1.2773,27.823,35.052,24.255,2.73952,2.72306,111.47,1.6181,2.1352,9.9318,9.8722,99.399,90.77,False,
BAT-005,178,2023-02-09T15:50:46,3.4675,3.8266,2.8654,1.5021,-1.5899,27.656,32.41,22.867,2.74605,2.71189,113.741,1.8947,1.7615,9.522,9.4035,98.756,90.4,False,
BAT-005,179,2023-02-09T20:43:39,3.6373,4.0858,2.9973,1.3092,-1.2478,30.24,33.45,27.193,2.75156,2.73279,112.736,2.2144,2.1737,10.0082,9.9399,99.318,91.09,False,
BAT-005,180,2023-02-10T03:05:23,3.5096,4.0338,2.8767,1.4468,-1.4008,25.959,33.15,21.213,2.75716,2.71978,112.231,2.0036,1.9308,9.6764,9.5452,98.644,90.66,False,
BAT-005,181,2023-02-10T08:26:43,3.5963,4.0181,2.8824,1.6785,-1.6647,29.139,32.348,25.827,2.73881,2.72379,113.191,1.7395,1.6891,9.8496,9.7955,99.451,90.79,False,
BAT-005,182,2023-02-10T12:29:53,3.5282,3.9571,2.8659,1.3304,-1.5896,25.434,32.5,23.383,2.75183,2.71387,116.767,2.2092,1.6826,9.709,9.5751,98.621,90.46,False,
BAT-005,183,2023-02-10T17:52:25,3.4855,3.8617,2.85,1.5719,-1.2008,25.272,28.935,20.77,2.7369,2.7088,114.97,1.7401,2.2711,9.5395,9.4416,98.974,90.29,False,
BAT-005,184,2023-02-10T23:38:19,3.585,3.9394,3.0039,1.6129,-1.6929,26.017,32.746,21.544,2.74283,2.71084,112.477,1.8385,1.6059,9.833,9.7184,98.834,90.36,False,
BAT-005,185,2023-02-11T03:55:33,3.5383,4.057,2.9661,1.7874,-1.6752,24.736,31.296,22.624,2.73592,2.71848,114.602,1.5545,1.6852,9.6806,9.6189,99.362,90.62,False,
BAT-005,186,2023-02-11T07:40:58,3.578,3.9715,2.8629,1.3959,-1.3433,28.133,34.905,26.052,2.73534,2.71218,115.569,1.9503,2.0256,9.787,9.7041,99.153,90.41,False,
BAT-005,187,2023-02-11T12:10:04,3.5505,4.0113,2.9527,1.619,-1.2728,30.714,35.328,27.208,2.76482,2.72747,112.309,1.6638,2.0907,9.8166,9.684,98.649,90.92,False,
BAT-005,188,2023-02-11T17:05:51,3.4853,3.8997,2.85,1.4051,-1.6278,27.066,31.006,23.85,2.74635,2.70577,115.733,2.0011,1.6658,9.5718,9.4304,98.522,90.19,False,
BAT-005,189,2023-02-11T21:51:36,3.6295,4.0627,3.0299,1.3657,-1.3461,27.783,34.604,25.13,2.75036,2.7173,113.71,2.1253,1.9336,9.9824,9.8624,98.798,90.58,False,
BAT-005,190,2023-02-12T02:39:24,3.4978,3.9302,2.8647,1.454,-1.3856,27.084,31.437,23.457,2.74828,2.72188,111.793,1.9438,2.0441,9.613,9.5207,99.039,90.73,False,
BAT-005,191,2023-02-12T08:23:36,3.5372,4.0222,2.8785,1.3024,-1.3033,26.66,30.499,24.218,2.72915,2.70937,113.699,2.1864,2.0595,9.6535,9.5836,99.276,90.31,False,
BAT-005,192,2023-02-12T13:14:20,3.4948,3.8823,2.9053,1.3363,-1.6904,25.374,31.023,20.708,2.73964,2.70048,113.078,2.1305,1.5597,9.5746,9.4377,98.57,90.02,False,
BAT-005,193,2023-02-12T18:08:15,3.4847,3.9092,2.9205,1.7937,-1.4479,27.979,34.018,23.635,2.74043,2.71604,114.066,1.5449,1.8722,9.5497,9.4647,99.11,90.53,False,
BAT-005,194,2023-02-12T23:06:20,3.6082,4.1464,3.0329,1.7081,-1.5377,30.228,37.842,25.648,2.7163,2.68681,114.5,1.6954,1.67,9.801,9.6946,98.914,89.56,False,
BAT-005,195,2023-02-13T03:14:11,3.5047,3.87,2.85,1.7843,-1.3485,29.499,35.124,26.637,2.73776,2.69777,114.803,1.5525,2.0108,9.5952,9.455,98.539,89.93,False,
BAT-005,196,2023-02-13T08:26:32,3.6231,4.0515,3.0579,1.4481,-1.419,28.533,33.172,25.058,2.74532,2.70674,105.93,2.0427,1.9603,9.9466,9.8068,98.595,90.22,False,
BAT-005,197,2023-02-13T13:16:10,3.4886,4.0378,2.85,1.4325,-1.2038,28.732,35.261,25.323,2.716,2.69893,114.457,2.0591,2.3021,9.475,9.4154,99.372,89.96,False,
BAT-005,198,2023-02-13T18:54:39,3.4968,3.9317,2.906,1.6895,-1.5041,25.852,31.516,21.769,2.72367,2.70103,111.743,1.6399,1.7602,9.5241,9.4449,99.169,90.03,False,
BAT-005,199,2023-02-13T23:50:44,3.5493,4.0918,2.9668,1.6741,-1.6992,28.889,34.904,26.572,2.70516,2.69125,110.373,1.6858,1.6611,9.6015,9.5521,99.486,89.71,False,
BAT-005,200,2023-02-14T05:09:06,3.5173,3.8997,2.85,1.7321,-1.4553,27.274,35.004,25.061,2.7376,2.70192,111.539,1.6197,1.8542,9.6288,9.5033,98.697,90.06,False,
BAT-005,201,2023-02-14T09:41:51,3.621,4.0729,2.9387,1.5525,-1.5387,25.157,29.37,20.304,2.72318,2.70287,117.064,1.9067,1.7424,9.8607,9.7872,99.254,90.1,False,
BAT-005,202,2023-02-14T15:18:43,3.5868,3.9866,2.9371,1.5696,-1.4228,28.86,32.955,24.417,2.70839,2.69385,113.388,1.6581,1.9165,9.7145,9.6624,99.463,89.79,False,
BAT-005,203,2023-02-14T20:20:16,3.5584,3.9638,2.9133,1.3196,-1.2185,28.538,33.475,24.796,2.72821,2.68823,113.696,2.2534,2.1821,9.708,9.5657,98.534,89.61,False,
BAT-005,204,2023-02-15T01:20:44,3.553,4.0478,2.9044,1.5775,-1.276,27.554,30.786,23.29,2.72199,2.69883,116.169,1.7027,2.0348,9.6713,9.589,99.149,89.96,False,
BAT-005,205,2023-02-15T06:28:02,3.572,3.9821,2.9117,1.5068,-1.4066,28.585,32.683,23.977,2.70664,2.68474,116.446,1.9355,1.8332,9.6682,9.5899,99.191,89.49,False,
BAT-005,206,2023-02-15T10:45:47,3.6002,4.0933,2.8729,1.3224,-1.6337,26.632,32.311,23.779,2.73238,2.70161,116.603,2.1373,1.6224,9.8371,9.7263,98.874,90.05,False,
BAT-005,207,2023-02-15T16:25:22,3.5192,4.0452,2.8926,1.4707,-1.6782,28.299,35.596,25.764,2.72518,2.69024,118.982,1.9804,1.6215,9.5905,9.4676,98.718,89.67,False,
BAT-005,208,2023-02-15T20:42:18,3.5283,3.9947,2.85,1.3609,-1.5223,28.21,33.915,23.317,2.71713,2.69561,116.725,2.0758,1.8013,9.587,9.5111,99.208,89.85,False,
BAT-005,209,2023-02-16T02:16:08,3.5056,4.0097,2.9474,1.5067,-1.2729,28.373,33.935,26.284,2.71147,2.68302,114.595,1.8243,2.0079,9.5052,9.4055,98.951,89.43,False,
BAT-005,210,2023-02-16T07:59:22,3.5069,4.0038,2.85,1.5719,-1.626,28.59,33.634,24.759,2.70429,2.68518,114.163,1.7484,1.6719,9.4836,9.4166,99.293,89.51,False,
BAT-005,211,2023-02-16T12:08:13,3.5316,3.9609,2.85,1.451,-1.6741,28.567,33.171,26.074,2.70755,2.68734,116.818,1.8392,1.5502,9.5621,9.4907,99.254,89.58,False,
BAT-005,212,2023-02-16T16:57:49,3.5892,3.9704,3.0265,1.6647,-1.5521,30.079,35.718,27.358,2.70723,2.69148,115.636,1.6634,1.7738,9.7168,9.6602,99.418,89.72,False,
BAT-005,213,2023-02-16T22:03:29,3.5826,4.0827,2.9996,1.4611,-1.3325,28.982,34.307,24.98,2.72656,2.69479,114.102,1.9323,2.0385,9.7682,9.6544,98.835,89.83,False,
BAT-005,214,2023-02-17T03:28:42,3.5294,3.9978,2.85,1.7393,-1.2527,27.122,30.308,22.745,2.70088,2.68141,123.593,1.5625,2.0795,9.5326,9.4639,99.279,89.38,False,
BAT-005,215,2023-02-17T08:20:48,3.6226,4.0017,2.9243,1.5613,-1.6478,28.259,33.786,25.64,2.72682,2.68803,115.517,1.908,1.6581,9.8783,9.7378,98.577,89.6,False,
BAT-005,216,2023-02-17T13:18:54,3.565,4.0575,2.9247,1.6849,-1.5603,27.825,34.371,24.298,2.69185,2.67577,114.909,1.719,1.768,9.5963,9.539,99.402,89.19,False,
BAT-005,217,2023-02-17T17:33:29,3.6275,4.1416,2.9601,1.5533,-1.6852,26.29,31.397,23.456,2.69197,2.67336,113.17,1.6782,1.6031,9.7652,9.6976,99.308,89.11,False,
BAT-005,218,2023-02-17T21:44:03,3.5004,3.9549,2.85,1.5429,-1.2212,29.029,32.268,25.844,2.68221,2.66525,116.723,1.7942,2.2436,9.3887,9.3294,99.367,88.84,False,
BAT-005,219,2023-02-18T03:37:11,3.61,4.0666,3.0026,1.6993,-1.4634,27.616,33.446,22.804,2.69373,2.66274,119.691,1.5101,1.8631,9.7243,9.6125,98.85,88.76,False,
BAT-005,220,2023-02-18T08:00:46,3.5942,3.9783,2.9295,1.5153,-1.2556,26.497,32.992,24.223,2.71686,2.67823,116.213,1.7164,2.1072,9.7649,9.626,98.578,89.27,False,
BAT-005,221,2023-02-18T13:17:09,3.6309,3.9809,3.0063,1.3902,-1.3418,28.472,34.179,24.077,2.69256,2.66763,115.822,1.8651,1.9764,9.7763,9.6858,99.074,88.92,False,
BAT-005,222,2023-02-18T18:54:12,3.5926,4.136,3.0354,1.3273,-1.4137,27.614,31.696,25.163,2.68795,2.66083,116.071,2.1343,1.8674,9.6567,9.5593,98.991,88.69,False,
BAT-005,223,2023-02-19T00:39:23,3.4748,3.8539,2.85,1.6453,-1.5341,25.417,32.842,23.19,2.69769,2.66772,120.868,1.7868,1.6635,9.3739,9.2697,98.889,88.92,False,
BAT-005,224,2023-02-19T05:20:59,3.582,3.9417,2.9208,1.3943,-1.209,26.163,32.911,21.954,2.67848,2.65804,121.079,2.0344,2.2644,9.5943,9.5211,99.237,88.6,False,
BAT-005,225,2023-02-19T10:51:10,3.5014,3.8878,2.85,1.4236,-1.5113,25.62,33.578,22.321,2.68591,2.6522,116.546,2.0393,1.7837,9.4044,9.2863,98.745,88.41,False,
BAT-005,226,2023-02-19T15:11:19,3.5328,4.0499,2.9105,1.3916,-1.5009,26.09,33.764,21.407,2.68891,2.66508,113.586,2.0913,1.7487,9.4995,9.4153,99.114,88.84,False,
BAT-005,227,2023-02-19T20:17:12,3.58,4.1,2.9621,1.7318,-1.664,28.408,35.179,25.358,2.70839,2.67041,115.545,1.5803,1.5686,9.6959,9.5599,98.598,89.01,False,
BAT-005,228,2023-02-20T00:51:38,3.5385,3.9017,2.9337,1.7769,-1.3969,28.94,36.621,25.915,2.68285,2.64997,119.559,1.5614,1.9639,9.4932,9.3769,98.775,88.33,False,
BAT-005,229,2023-02-20T05:48:29,3.6012,4.1023,2.9287,1.4239,-1.6554,28.013,35.149,24.935,2.68712,2.65343,118.38,1.9835,1.6518,9.6768,9.5555,98.746,88.45,False,
BAT-005,230,2023-02-20T11:08:28,3.4857,4.0332,2.85,1.5867,-1.5861,30.423,36.955,26.065,2.69187,2.66229,114.655,1.8005,1.6121,9.3829,9.2798,98.901,88.74,False,
BAT-005,231,2023-02-20T15:35:18,3.5627,3.9129,2.9419,1.6636,-1.343,26.989,34.874,24.634,2.69264,2.65844,115.707,1.6027,2.0158,9.5932,9.4714,98.73,88.61,False,
BAT-005,232,2023-02-20T20:36:16,3.5596,4.0103,2.9272,1.3897,-1.3097,29.084,34.845,26.834,2.6588,2.64466,118.562,1.8431,1.9853,9.4643,9.414,99.468,88.16,False,
BAT-005,233,2023-02-21T01:59:38,3.5863,4.0435,2.9437,1.6926,-1.4756,27.385,34.851,23.794,2.67713,2.66349,120.574,1.6387,1.7972,9.6009,9.552,99.491,88.78,False,
BAT-005,234,2023-02-21T06:57:50,3.6417,4.0409,3.0495,1.3346,-1.4285,26.673,30.477,24.657,2.67561,2.64517,119.455,1.957,1.9434,9.7437,9.6328,98.862,88.17,False,
BAT-005,235,2023-02-21T12:10:35,3.5739,4.0554,2.9954,1.4098,-1.6974,27.365,31.104,24.714,2.68651,2.65822,122.974,2.0173,1.506,9.6014,9.5003,98.947,88.61,False,
BAT-005,236,2023-02-21T16:43:50,3.5032,3.8597,2.85,1.6024,-1.2375,29.441,36.123,25.246,2.67844,2.65908,116.575,1.6794,2.0732,9.383,9.3152,99.277,88.64,False,
BAT-005,237,2023-02-21T21:47:14,3.5909,3.9491,3.0168,1.5982,-1.4611,27.261,33.12,23.769,2.66313,2.64733,122.809,1.7018,1.8955,9.563,9.5063,99.407,88.24,False,
BAT-005,238,2023-02-22T03:10:40,3.4606,3.9616,2.85,1.6415,-1.5532,27.263,34.914,25.003,2.67999,2.64943,119.56,1.7829,1.6447,9.2744,9.1686,98.86,88.31,False,
BAT-005,239,2023-02-22T07:09:20,3.5763,3.9849,2.9196,1.593,-1.2804,27.743,33.928,23.086,2.65815,2.64193,118.878,1.69,2.1045,9.5063,9.4483,99.39,88.06,False,
BAT-005,240,2023-02-22T12:12:09,3.479,3.9492,2.85,1.5547,-1.287,24.773,30.457,21.622,2.68477,2.65061,120.322,1.6791,2.1136,9.3404,9.2215,98.727,88.35,False,
BAT-005,241,2023-02-22T17:10:48,3.4981,3.9643,2.8578,1.7864,-1.363,27.12,33.807,23.545,2.6515,2.63707,119.144,1.5567,2.0269,9.2752,9.2247,99.456,87.9,False,
BAT-005,242,2023-02-22T22:18:26,3.4758,4.007,2.85,1.3578,-1.5702,28.028,35.534,24.309,2.66044,2.6417,115.304,2.0226,1.5997,9.247,9.1819,99.296,88.06,False,
BAT-005,243,2023-02-23T02:48:14,3.6107,4.0253,2.9412,1.6294,-1.4512,27.583,30.941,23.495,2.67729,2.64492,119.968,1.7837,1.8789,9.667,9.5501,98.791,88.16,False,
BAT-005,244,2023-02-23T08:01:06,3.4851,4.0087,2.85,1.655,-1.3545,29.783,33.941,27.111,2.67453,2.64094,120.33,1.6651,1.9636,9.321,9.2039,98.744,88.03,False,
BAT-005,245,2023-02-23T12:40:27,3.5117,4.0472,2.85,1.3648,-1.4849,27.019,31.206,23.09,2.65765,2.6259,121.49,1.9748,1.7972,9.333,9.2215,98.805,87.53,False,
BAT-005,246,2023-02-23T16:59:40,3.4968,3.9551,2.9414,1.4505,-1.2886,25.912,29.563,22.03,2.66726,2.64589,118.262,1.8578,2.0096,9.3267,9.252,99.199,88.2,False,
BAT-005,247,2023-02-23T22:38:34,3.5172,3.954,2.85,1.5018,-1.364,27.139,32.063,24.982,2.67145,2.64186,118.636,1.7873,2.0274,9.3959,9.2919,98.892,88.06,False,
BAT-005,248,2023-02-24T03:47:30,3.4686,3.9342,2.85,1.6581,-1.3001,28.57,34.646,26.09,2.64697,2.62598,123.008,1.5195,2.1064,9.1813,9.1085,99.207,87.53,False,
BAT-005,249,2023-02-24T09:06:01,3.5959,4.0495,2.9122,1.3494,-1.6539,28.426,36.134,26.152,2.67863,2.64174,122.925,1.937,1.5266,9.632,9.4993,98.623,88.06,False,
BAT-005,250,2023-02-24T13:39:38,3.5617,3.977,2.8815,1.7543,-1.3777,26.616,31.333,23.934,2.66795,2.63826,117.092,1.5741,1.8395,9.5025,9.3968,98.887,87.94,False,
BAT-005,251,2023-02-24T18:49:35,3.5364,4.0684,2.8996,1.4176,-1.5628,30.65,37.058,27.32,2.65139,2.63364,121.63,1.9355,1.6114,9.3764,9.3136,99.331,87.79,False,
BAT-005,252,2023-02-24T23:14:53,3.5097,4.0446,2.9345,1.5447,-1.6198,28.212,31.755,25.187,2.64124,2.62701,118.75,1.6622,1.5704,9.27,9.22,99.461,87.57,False,
BAT-005,253,2023-02-25T03:52:03,3.5207,3.873,2.9678,1.4983,-1.4445,29.675,34.29,27.254,2.65285,2.62298,120.099,1.863,1.7964,9.34,9.2348,98.874,87.43,False,
BAT-005,254,2023-02-25T09:07:42,3.4801,3.9043,2.85,1.5617,-1.4792,29.858,33.411,26.391,2.64529,2.62228,120.871,1.6303,1.7256,9.2059,9.1258,99.13,87.41,False,
BAT-005,255,2023-02-25T13:16:05,3.5464,4.0742,2.9697,1.6605,-1.364,27.556,35.37,24.936,2.64761,2.61865,118.587,1.7335,1.982,9.3895,9.2867,98.906,87.29,False,
BAT-005,256,2023-02-25T18:48:06,3.5534,3.9809,2.906,1.7982,-1.3772,29.584,33.97,27.509,2.64874,2.62031,122.571,1.5305,1.8988,9.4119,9.3109,98.927,87.34,False,
BAT-005,257,2023-02-25T23:54:39,3.5513,3.9463,2.85,1.7572,-1.4583,27.168,35.082,22.49,2.63997,2.62499,123.096,1.5447,1.8227,9.3753,9.3221,99.433,87.5,False,
BAT-005,258,2023-02-26T04:26:16,3.5762,4.0165,2.854,1.4085,-1.6809,29.911,33.712,26.101,2.64554,2.61465,120.27,1.8106,1.5039,9.4609,9.3505,98.832,87.16,False,
BAT-005,259,2023-02-26T09:20:45,3.5374,3.9835,2.9053,1.4934,-1.3642,28.785,34.868,25.365,2.65169,2.61765,122.264,1.7863,1.8634,9.3801,9.2598,98.717,87.26,False,
BAT-005,260,2023-02-26T14:49:57,3.6278,4.0844,3.0181,1.7696,-1.3413,27.322,30.424,23.645,2.64577,2.6087,120.011,1.5867,1.9393,9.5984,9.464,98.599,86.96,False,
BAT-005,261,2023-02-26T19:49:25,3.5128,3.917,2.85,1.3741,-1.6651,26.433,31.774,21.998,2.6455,2.6193,127.962,2.0591,1.5097,9.293,9.201,99.01,87.31,False,
BAT-005,262,2023-02-27T00:21:10,3.535,3.9089,2.9329,1.335,-1.4551,29.151,32.489,24.639,2.64583,2.62377,123.522,2.0574,1.875,9.353,9.275,99.166,87.46,False,
BAT-005,263,2023-02-27T06:15:37,3.5798,4.065,3.0088,1.7679,-1.4087,28.877,36.83,24.257,2.64258,2.60877,122.941,1.4899,1.8337,9.4598,9.3388,98.721,86.96,False,
BAT-005,264,2023-02-27T11:03:25,3.6183,3.994,2.9332,1.5948,-1.6528,26.955,31.94,23.055,2.63472,2.61096,122.688,1.7832,1.5556,9.5332,9.4472,99.098,87.03,False,
BAT-005,265,2023-02-27T14:54:59,3.4843,4.0235,2.9183,1.3022,-1.2518,25.262,33.121,22.109,2.62915,2.61539,124.17,2.1431,2.1386,9.1606,9.1127,99.477,87.18,False,
BAT-005,266,2023-02-27T19:50:52,3.5361,3.9976,2.9467,1.4079,-1.2234,26.787,30.353,23.54,2.66286,2.62638,122.735,1.9153,2.1046,9.416,9.287,98.63,87.55,False,
BAT-005,267,2023-02-28T01:33:32,3.6219,4.0154,2.9218,1.6963,-1.6596,26.851,33.536,23.501,2.63367,2.60436,121.299,1.5432,1.6265,9.5388,9.4326,98.887,86.81,False,
BAT-005,268,2023-02-28T06:36:07,3.5137,3.9259,2.85,1.3395,-1.5069,29.426,36.362,27.136,2.64682,2.6192,122.351,1.9758,1.7724,9.3001,9.203,98.957,87.31,False,
BAT-005,269,2023-02-28T11:55:03,3.5273,4.0678,2.85,1.4185,-1.6286,28.518,35.656,24.633,2.64378,2.61859,119.59,1.9055,1.6767,9.3253,9.2365,99.047,87.29,False,
BAT-005,270,2023-02-28T17:12:49,3.5664,3.9633,2.85,1.5184,-1.4594,26.717,30.221,24.473,2.63991,2.60846,123.556,1.7034,1.7096,9.4151,9.3029,98.809,86.95,False,
BAT-005,271,2023-02-28T22:28:28,3.6157,4.0089,2.9223,1.5596,-1.4973,28.196,35.53,24.46,2.62826,2.6093,121.237,1.8119,1.8235,9.5031,9.4345,99.279,86.98,False,
BAT-005,272,2023-03-01T03:42:29,3.4827,3.8665,2.85,1.6976,-1.5504,28.244,34.25,23.678,2.63402,2.60249,126.782,1.5272,1.6367,9.1735,9.0637,98.803,86.75,False,
BAT-005,273,2023-03-01T08:15:35,3.5947,3.9909,2.9556,1.6251,-1.4565,27.564,32.974,23.113,2.64561,2.61074,125.302,1.6053,1.8167,9.5103,9.3849,98.682,87.02,False,
BAT-005,274,2023-03-01T12:35:10,3.5871,3.9997,2.8581,1.6903,-1.4606,26.921,32.124,23.931,2.64373,2.61236,119.861,1.5475,1.8143,9.4834,9.3708,98.813,87.08,False,
BAT-005,275,2023-03-01T17:49:50,3.5889,4.014,2.923,1.4384,-1.3421,28.369,31.406,25.625,2.63867,2.60631,120.424,1.7844,1.8681,9.47,9.3539,98.774,86.88,False,
BAT-005,276,2023-03-01T22:33:36,3.587,4.1211,2.8622,1.6455,-1.3333,29.443,37.191,24.565,2.63281,2.6157,122.009,1.6411,1.9713,9.4439,9.3826,99.35,87.19,False,
BAT-005,277,2023-03-02T02:40:50,3.5413,4.0515,2.85,1.4179,-1.4159,28.615,34.521,23.618,2.63147,2.60423,123.974,1.8401,1.7604,9.3188,9.2224,98.965,86.81,False,
BAT-005,278,2023-03-02T07:21:46,3.5183,4.0061,2.9385,1.7328,-1.5206,30.683,33.801,28.529,2.62151,2.59846,119.347,1.4578,1.7334,9.2232,9.1421,99.121,86.62,False,
BAT-005,279,2023-03-02T12:27:55,3.5497,3.9944,2.9795,1.4098,-1.681,29.032,33.463,24.191,2.61796,2.59759,118.587,1.8749,1.4898,9.293,9.2207,99.222,86.59,False,
BAT-005,280,2023-03-02T17:46:40,3.5125,3.8936,2.85,1.6852,-1.3893,28.347,35.96,23.746,2.62456,2.59208,123.935,1.5747,1.8821,9.2186,9.1046,98.763,86.4,False,
BAT-005,281,2023-03-02T22:11:37,3.4857,4.0255,2.85,1.3235,-1.2075,28.648,36.348,25.811,2.63137,2.59499,128.065,1.9932,2.2127,9.1722,9.0453,98.617,86.5,False,
BAT-005,282,2023-03-03T04:06:08,3.6454,4.1158,3.0923,1.5277,-1.2215,28.089,31.141,25.168,2.62587,2.59118,125.483,1.8894,2.1839,9.5725,9.446,98.679,86.37,False,
BAT-005,283,2023-03-03T09:48:43,3.6047,4.0247,3.0028,1.4179,-1.474,29.668,32.775,26.496,2.61683,2.60248,125.036,1.9065,1.7893,9.4329,9.3812,99.452,86.75,False,
BAT-005,284,2023-03-03T14:31:20,3.522,3.9283,2.85,1.4599,-1.5174,27.984,31.856,24.844,2.60652,2.58625,127.767,1.7304,1.7062,9.1801,9.1087,99.222,86.21,False,
BAT-005,285,2023-03-03T19:49:23,3.5625,3.9387,2.9881,1.4122,-1.3184,26.278,30.071,23.963,2.63391,2.60263,124.727,1.8103,1.9154,9.3832,9.2718,98.813,86.75,False,
BAT-005,286,2023-03-04T00:36:07,3.6017,4.1009,3.0164,1.4526,-1.6912,30.223,35.417,27.336,2.60078,2.58558,123.403,1.7029,1.5369,9.3673,9.3126,99.416,86.19,False,
BAT-005,287,2023-03-04T05:10:00,3.5328,4.0256,2.9267,1.4198,-1.5626,26.231,33.769,21.732,2.62448,2.59921,124.561,1.8261,1.7135,9.2717,9.1825,99.037,86.64,False,
BAT-005,288,2023-03-04T09:29:36,3.5772,3.9424,2.8793,1.7782,-1.6093,29.098,33.829,24.421,2.62702,2.58919,124.101,1.4681,1.6793,9.3975,9.2622,98.56,86.31,False,
BAT-005,289,2023-03-04T13:37:14,3.4911,4.0223,2.9223,1.6073,-1.4019,28.997,34.445,24.367,2.60486,2.58583,124.155,1.6375,1.8461,9.0938,9.0274,99.269,86.19,False,
BAT-005,290,2023-03-04T17:47:57,3.5458,3.9795,2.8697,1.3295,-1.555,27.781,33.019,25.751,2.61469,2.59871,122.877,2.0464,1.6119,9.2712,9.2145,99.389,86.62,False,
BAT-005,291,2023-03-04T22:39:34,3.5546,3.9569,2.876,1.6741,-1.6366,29.271,32.625,25.944,2.61318,2.58877,128.185,1.6197,1.6197,9.2889,9.2022,99.066,86.29,False,
BAT-005,292,2023-03-05T03:31:59,3.6372,4.0499,2.9341,1.5393,-1.2023,30.565,36.46,25.926,2.58381,2.57016,119.536,1.8035,2.2331,9.3979,9.3483,99.472,85.67,False,
BAT-005,293,2023-03-05T08:46:17,3.634,4.1152,3.0542,1.391,-1.5393,27.594,32.241,23.051,2.60279,2.58725,124.021,1.7833,1.6627,9.4586,9.4022,99.403,86.24,False,
BAT-005,294,2023-03-05T13:04:29,3.5478,3.9921,2.85,1.5472,-1.5195,28.514,34.098,25.6,2.59746,2.57898,125.581,1.8223,1.6868,9.2153,9.1497,99.289,85.97,False,
BAT-005,295,2023-03-05T17:56:26,3.5566,4.0626,2.9406,1.7674,-1.6233,28.642,33.228,23.925,2.61098,2.57677,123.591,1.4651,1.5584,9.2863,9.1646,98.69,85.89,False,
BAT-005,296,2023-03-05T21:47:25,3.5788,4.0335,2.9628,1.6209,-1.4026,26.738,33.88,22.636,2.6088,2.58353,124.985,1.6535,1.8588,9.3365,9.246,99.031,86.12,False,
BAT-005,297,2023-03-06T02:27:57,3.5675,3.9975,3.0159,1.6516,-1.667,25.72,33.113,22.514,2.61014,2.5739,121.244,1.6705,1.5654,9.3118,9.1825,98.611,85.8,False,
BAT-005,298,2023-03-06T07:00:47,3.6013,4.0968,2.9994,1.5326,-1.4824,30.158,33.897,26.581,2.60103,2.57335,123.861,1.8312,1.6539,9.367,9.2673,98.936,85.78,False,
BAT-005,299,2023-03-06T12:05:22,3.6053,4.0507,3.049,1.3093,-1.5197,29.441,33.976,25.019,2.60765,2.57429,128.089,1.9253,1.6573,9.4014,9.2812,98.721,85.81,False,
BAT-005,300,2023-03-06T17:11:59,3.5878,4.0827,2.9775,1.5854,-1.246,27.564,31.534,24.916,2.60011,2.57386,125.266,1.5891,1.9868,9.3287,9.2345,98.991,85.8,False,
BAT-005,301,2023-03-06T22:35:39,3.491,3.8518,2.85,1.6325,-1.4038,25.753,32.577,21.118,2.59712,2.5683,124.338,1.6413,1.7772,9.0665,8.9659,98.89,85.61,False,
BAT-005,302,2023-03-07T03:22:17,3.5242,4.0694,2.9591,1.4029,-1.4365,29.597,33.062,24.895,2.6012,2.57861,128.976,1.7741,1.7497,9.1673,9.0876,99.131,85.95,False,
BAT-005,303,2023-03-07T08:01:51,3.5313,4.0598,2.85,1.5619,-1.3962,29.448,33.695,26.099,2.60629,2.57257,127.309,1.7569,1.8262,9.2036,9.0845,98.706,85.75,False,
BAT-005,304,2023-03-07T13:08:29,3.4835,3.9973,2.9146,1.748,-1.6707,29.815,33.37,25.854,2.59068,2.55861,124.66,1.4872,1.5014,9.0246,8.9129,98.762,85.29,False,
BAT-005,305,2023-03-07T16:41:06,3.5378,3.9784,2.8923,1.3488,-1.3902,28.613,35.493,25.046,2.58237,2.55511,129.227,2.0484,1.825,9.1359,9.0394,98.945,85.17,False,
BAT-005,306,2023-03-07T21:17:17,3.5891,4.0191,3.0207,1.4957,-1.4913,30.476,33.809,26.284,2.57595,2.55718,129.754,1.7414,1.6893,9.2452,9.1779,99.271,85.24,False,
BAT-005,307,2023-03-08T02:14:53,3.5519,3.9815,2.85,1.3145,-1.5357,29.539,36.436,24.587,2.59456,2.55975,125.648,1.9577,1.6578,9.2157,9.0921,98.659,85.33,False,
BAT-005,308,2023-03-08T07:11:06,3.5893,4.0844,2.9187,1.4166,-1.249,29.244,35.37,24.726,2.59022,2.57333,130.877,1.8594,1.9928,9.2972,9.2365,99.348,85.78,False,
BAT-005,309,2023-03-08T11:52:28,3.4771,3.8946,2.85,1.7282,-1.2917,29.103,34.504,24.324,2.56932,2.54862,125.196,1.548,1.9146,8.9338,8.8618,99.194,84.95,False,
BAT-005,310,2023-03-08T16:07:51,3.5565,4.0592,2.9116,1.3613,-1.3621,31.554,36.31,27.114,2.58774,2.55155,123.652,2.0761,1.8249,9.2032,9.0745,98.602,85.05,False,
BAT-005,311,2023-03-08T21:51:56,3.518,3.9977,2.85,1.3178,-1.3604,27.19,33.398,22.619,2.57587,2.54818,126.842,1.9912,1.8308,9.062,8.9646,98.925,84.94,False,
BAT-005,312,2023-03-09T02:36:35,3.5993,4.1212,2.8595,1.3377,-1.5554,28.286,31.645,25.459,2.57522,2.5587,124.583,1.8582,1.6718,9.269,9.2096,99.359,85.29,False,
BAT-005,313,2023-03-09T07:42:50,3.5817,4.0703,2.9605,1.5623,-1.4453,27.304,34.362,22.565,2.58512,2.55761,124.591,1.8162,1.725,9.259,9.1605,98.936,85.25,False,
BAT-005,314,2023-03-09T11:53:55,3.602,3.9973,2.9792,1.6962,-1.3297,29.077,34.295,25.291,2.59223,2.55886,127.13,1.6784,1.8481,9.3373,9.217,98.712,85.3,False,
BAT-005,315,2023-03-09T16:39:07,3.6012,3.9675,3.0361,1.3365,-1.3753,29.203,34.229,24.941,2.58624,2.5645,122.861,1.9249,1.8609,9.3136,9.2353,99.159,85.48,False,
BAT-005,316,2023-03-09T21:07:44,3.6329,4.1134,2.9383,1.5127,-1.3492,31.379,37.405,28.25,2.56757,2.54674,126.978,1.7953,1.9248,9.3277,9.2521,99.189,84.89,False,
BAT-005,317,2023-03-10T01:43:13,3.5926,4.0692,2.9771,1.3736,-1.5707,27.631,34.759,23.594,2.5784,2.56215,128.724,2.0134,1.5749,9.2632,9.2048,99.37,85.41,False,
BAT-005,318,2023-03-10T06:43:49,3.4808,3.9797,2.8782,1.6273,-1.6205,30.647,36.538,25.985,2.58897,2.5571,129.259,1.5416,1.5416,9.0117,8.9008,98.769,85.24,False,
BAT-005,319,2023-03-10T11:15:09,3.5754,3.9411,2.9072,1.3783,-1.6979,28.171,31.549,23.809,2.57211,2.53927,127.656,1.8011,1.4813,9.1964,9.0789,98.723,84.64,False,
BAT-005,320,2023-03-10T16:25:34,3.578,3.9514,2.9963,1.7014,-1.3724,28.233,32.182,24.434,2.57019,2.55149,127.536,1.5495,1.8269,9.1962,9.1293,99.272,85.05,False,
BAT-005,321,2023-03-10T21:12:56,3.6171,4.0397,2.9073,1.3006,-1.5432,27.529,34.001,24.216,2.55589,2.53593,124.584,1.8729,1.7048,9.2448,9.1726,99.219,84.53,False,
BAT-005,322,2023-03-11T02:06:47,3.4711,4.015,2.8767,1.7315,-1.5105,27.732,34.382,24.407,2.57155,2.54097,124.645,1.5878,1.705,8.9262,8.82,98.811,84.7,False,
BAT-005,323,2023-03-11T05:54:36,3.6224,4.1327,2.9645,1.3464,-1.5729,27.288,30.746,24.523,2.56636,2.54466,123.335,2.0745,1.6582,9.2963,9.2178,99.155,84.82,False,
BAT-005,324,2023-03-11T10:15:28,3.4865,3.8966,2.85,1.5939,-1.3386,30.691,36.283,26.154,2.58189,2.54918,130.367,1.5695,1.9473,9.0017,8.8877,98.733,84.97,False,
BAT-005,325,2023-03-11T15:46:05,3.5995,3.9758,3.0281,1.3159,-1.5573,29.521,36.131,25.523,2.58603,2.55457,123.669,2.0213,1.5682,9.3085,9.1953,98.783,85.15,False,
BAT-005,326,2023-03-11T20:18:56,3.4848,3.9571,2.85,1.7975,-1.3443,30.457,37.354,27.543,2.57508,2.53928,131.315,1.432,1.9659,8.9737,8.8489,98.61,84.64,False,
BAT-005,327,2023-03-12T01:04:35,3.4579,3.8167,2.85,1.7155,-1.6876,30.836,38.466,27.61,2.57904,2.54217,127.907,1.4964,1.4543,8.918,8.7905,98.57,84.74,False,
BAT-005,328,2023-03-12T05:16:43,3.4668,3.8305,2.85,1.6374,-1.3173,27.9,33.867,24.092,2.54716,2.53178,129.828,1.5506,1.8982,8.8306,8.7773,99.396,84.39,False,
BAT-005,329,2023-03-12T09:17:45,3.5484,4.059,2.9821,1.5959,-1.5136,27.634,30.788,23.101,2.57532,2.54019,131.115,1.6395,1.6045,9.1382,9.0136,98.636,84.67,False,
BAT-005,330,2023-03-12T13:54:25,3.5634,3.9348,2.8864,1.6644,-1.4537,31.149,34.665,26.315,2.5513,2.53658,128.409,1.4998,1.7114,9.0914,9.039,99.423,84.55,False,
BAT-005,331,2023-03-12T18:38:57,3.6425,4.1578,3.0381,1.7685,-1.6346,29.794,35.813,27.151,2.56597,2.53027,128.873,1.4789,1.4759,9.3465,9.2164,98.609,84.34,False,
BAT-005,332,2023-03-12T23:10:05,3.6013,4.0582,3.0096,1.4671,-1.4559,31.422,37.871,28.074,2.54411,2.52497,124.799,1.9033,1.6903,9.1621,9.0932,99.247,84.17,False,
BAT-005,333,2023-03-13T03:51:21,3.4864,3.9539,2.8855,1.3956,-1.4657,30.503,37.875,28.28,2.55988,2.52488,130.666,2.0143,1.7292,8.9247,8.8027,98.633,84.16,False,
BAT-005,334,2023-03-13T09:34:29,3.4716,3.8554,2.85,1.7297,-1.4059,29.93,37.406,25.67,2.54826,2.53173,126.217,1.4284,1.7635,8.8466,8.7892,99.351,84.39,False,
BAT-005,335,2023-03-13T14:04:12,3.5458,3.9251,2.85,1.4149,-1.2968,28.498,33.806,25.341,2.55445,2.52901,131.658,1.8718,1.9637,9.0576,8.9674,99.004,84.3,False,
BAT-005,336,2023-03-13T18:30:29,3.6334,4.0827,2.9486,1.5739,-1.2195,29.297,37.129,26.077,2.55532,2.52449,129.53,1.5706,1.9709,9.2845,9.1725,98.794,84.15,False,
BAT-005,337,2023-03-13T23:10:05,3.6166,4.0296,3.0408,1.5795,-1.2931,29.243,36.49,24.848,2.56888,2.53504,127.325,1.771,1.9266,9.2907,9.1683,98.683,84.5,False,
BAT-005,338,2023-03-14T04:40:19,3.5663,4.0734,2.9459,1.7605,-1.2371,31.182,38.827,27.522,2.54311,2.52863,127.67,1.5627,2.0832,9.0695,9.0178,99.43,84.29,False,
BAT-005,339,2023-03-14T08:50:22,3.5452,3.9538,2.85,1.7701,-1.5424,32.207,37.19,30.093,2.55731,2.52807,129.458,1.4458,1.6856,9.0661,8.9624,98.857,84.27,False,
BAT-005,340,2023-03-14T13:15:00,3.5194,3.9356,2.9037,1.5997,-1.5135,32.452,35.794,27.543,2.54718,2.53222,127.828,1.6832,1.7371,8.9646,8.9119,99.412,84.41,False,
BAT-005,341,2023-03-14T17:24:35,3.4728,3.9905,2.85,1.6391,-1.5654,30.637,35.549,25.907,2.55879,2.52791,129.632,1.5514,1.6691,8.8862,8.7789,98.793,84.26,False,
BAT-005,342,2023-03-14T21:46:03,3.574,3.9488,2.8866,1.4197,-1.3043,26.116,29.458,22.842,2.55752,2.53613,130.714,1.8651,1.9641,9.1406,9.0641,99.164,84.54,False,
BAT-005,343,2023-03-15T02:11:04,3.4684,3.9471,2.8932,1.7796,-1.697,33.658,40.063,29.752,2.55223,2.53047,129.427,1.3984,1.4745,8.8522,8.7767,99.148,84.35,False,
BAT-005,344,2023-03-15T07:01:42,3.4922,4.0257,2.919,1.3949,-1.3278,29.669,35.555,26.158,2.54644,2.51935,126.286,1.9512,1.9881,8.8926,8.798,98.936,83.98,False,
BAT-005,345,2023-03-15T11:45:42,3.5118,4.0417,2.8661,1.6072,-1.2166,29.387,37.079,24.872,2.53677,2.51488,130.687,1.6154,2.0052,8.9087,8.8318,99.137,83.83,False,
BAT-005,346,2023-03-15T15:56:33,3.5907,3.9641,2.8859,1.4659,-1.5399,32.602,39.926,28.481,2.53696,2.52419,134.837,1.8922,1.6396,9.1095,9.0637,99.497,84.14,False,
BAT-005,347,2023-03-15T21:18:21,3.6062,4.0762,2.9261,1.6874,-1.4877,31.673,37.277,27.831,2.54768,2.52214,133.675,1.5349,1.7422,9.1875,9.0954,98.997,84.07,False,
BAT-005,348,2023-03-16T02:17:56,3.6194,4.0228,2.8812,1.4384,-1.6594,30.557,36.081,25.706,2.52936,2.51311,137.159,1.8155,1.4961,9.1548,9.096,99.358,83.77,False,
BAT-005,349,2023-03-16T07:19:32,3.5871,4.1046,2.8572,1.7375,-1.541,28.758,33.136,24.582,2.52485,2.50688,131.578,1.3972,1.5658,9.0569,8.9925,99.288,83.56,False,
BAT-005,350,2023-03-16T11:07:40,3.6374,4.1274,3.0231,1.7753,-1.2174,28.434,36.186,24.069,2.55283,2.51596,129.256,1.5446,2.0251,9.2857,9.1516,98.556,83.87,False,
BAT-005,351,2023-03-16T15:52:31,3.5923,4.0824,2.8802,1.5567,-1.2958,31.601,36.097,28.222,2.53512,2.5131,130.461,1.7671,1.9147,9.1068,9.0277,99.131,83.77,False,
BAT-005,352,2023-03-16T20:29:28,3.5649,4.0725,2.85,1.4179,-1.5962,29.351,33.055,26.065,2.54189,2.51171,129.188,1.7904,1.6503,9.0616,8.9541,98.813,83.72,False,
BAT-005,353,2023-03-17T01:38:15,3.5911,4.0999,2.8704,1.757,-1.6699,26.963,34.374,22.127,2.52287,2.50693,133.308,1.5128,1.4538,9.0599,9.0027,99.368,83.56,False,
BAT-005,354,2023-03-17T05:42:20,3.6386,4.0394,2.9644,1.5498,-1.448,28.024,35.73,23.651,2.53082,2.51812,129.577,1.7587,1.6581,9.2086,9.1624,99.498,83.94,False,
BAT-005,355,2023-03-17T10:14:25,3.5025,4.0311,2.8511,1.5696,-1.645,30.288,36.395,26.938,2.54425,2.51511,130.733,1.6885,1.5405,8.9111,8.8091,98.855,83.84,False,
BAT-005,356,2023-03-17T14:00:31,3.4841,3.9009,2.85,1.6319,-1.5595,29.869,33.515,27.247,2.53826,2.51418,131.114,1.5162,1.5709,8.8434,8.7595,99.051,83.81,False,
BAT-005,357,2023-03-17T18:30:04,3.482,3.9452,2.85,1.4429,-1.4558,28.86,36.614,26.631,2.52296,2.5062,132.561,1.7814,1.7717,8.7848,8.7265,99.336,83.54,False,
BAT-005,358,2023-03-17T23:22:16,3.4609,3.8175,2.85,1.3698,-1.2103,27.337,34.658,25.226,2.53067,2.49545,131.367,1.8279,2.0162,8.7583,8.6364,98.608,83.18,False,
BAT-005,359,2023-03-18T03:51:27,3.5051,3.8637,2.8834,1.4506,-1.6585,29.112,34.138,25.066,2.54643,2.51107,129.639,1.7523,1.5567,8.9256,8.8016,98.611,83.7,False,
BAT-005,360,2023-03-18T08:45:21,3.4789,3.9784,2.9147,1.477,-1.6477,31.739,37.409,28.227,2.53234,2.49847,129.475,1.7853,1.5395,8.8099,8.692,98.662,83.28,False,
BAT-005,361,2023-03-18T12:41:02,3.5808,4.0481,2.9573,1.7174,-1.6582,29.527,36.887,24.801,2.51908,2.49348,129.096,1.438,1.5058,9.0204,8.9287,98.984,83.12,False,
BAT-005,362,2023-03-18T16:55:46,3.4995,3.8781,2.8685,1.3584,-1.2438,28.8,34.806,24.977,2.525,2.49141,133.693,1.7916,2.0975,8.8363,8.7187,98.669,83.05,False,
BAT-005,363,2023-03-18T21:30:04,3.561,4.0766,2.8885,1.6955,-1.4,28.961,36.609,24.749,2.5268,2.49219,132.093,1.6265,1.7719,8.998,8.8748,98.63,83.07,False,
BAT-005,364,2023-03-19T01:41:28,3.53,3.9161,2.85,1.7534,-1.2833,32.02,36.012,28.519,2.52218,2.49342,129.292,1.567,1.8619,8.9032,8.8017,98.86,83.11,False,
BAT-005,365,2023-03-19T05:45:17,3.5483,3.9359,2.85,1.5594,-1.3969,30.808,35.432,27.492,2.5043,2.48791,135.844,1.765,1.8298,8.8859,8.8278,99.345,82.93,False,
BAT-005,366,2023-03-19T10:40:50,3.5347,3.9214,2.85,1.6261,-1.3993,28.151,35.686,25.07,2.52191,2.48846,128.99,1.6493,1.838,8.9143,8.796,98.674,82.95,False,
BAT-005,367,2023-03-19T16:01:57,3.6307,4.0948,2.9787,1.7388,-1.3082,32.346,39.579,29.296,2.53157,2.49993,126.17,1.4541,1.8356,9.1914,9.0766,98.75,83.33,False,
BAT-005,368,2023-03-19T21:12:08,3.621,4.003,2.9366,1.6254,-1.2235,30.568,35.244,27.281,2.52218,2.49247,132.959,1.5938,2.121,9.1329,9.0253,98.822,83.08,False,
BAT-005,369,2023-03-20T01:40:22,3.5433,4.0803,2.861,1.3818,-1.2879,30.451,35.787,28.425,2.50086,2.47607,130.249,1.8412,2.0071,8.8614,8.7736,99.009,82.54,False,
BAT-005,370,2023-03-20T07:08:32,3.6365,4.0418,2.9389,1.3457,-1.3853,27.162,34.642,22.957,2.50427,2.48698,129.924,1.9068,1.7787,9.1068,9.044,99.31,82.9,False,
BAT-005,371,2023-03-20T12:36:56,3.5924,3.9814,2.8981,1.3717,-1.511,31.316,37.426,28.035,2.49833,2.48406,129.248,1.9533,1.7147,8.9749,8.9236,99.429,82.8,False,
BAT-005,372,2023-03-20T17:50:31,3.5015,3.9211,2.9173,1.6891,-1.2071,30.863,38.254,28.51,2.5209,2.48376,131.906,1.5468,2.147,8.827,8.6969,98.526,82.79,False,
BAT-005,373,2023-03-20T22:08:36,3.5356,4.0239,2.8652,1.7552,-1.2648,30.376,37.025,26.356,2.51238,2.49894,131.917,1.4969,1.9015,8.8827,8.8352,99.465,83.3,False,
BAT-005,374,2023-03-21T03:15:45,3.6565,4.0073,3.0405,1.4083,-1.4768,29.925,36.365,25.089,2.51839,2.4842,132.463,1.9052,1.6687,9.2084,9.0834,98.643,82.81,False,
BAT-005,375,2023-03-21T08:48:53,3.5969,3.994,3.0437,1.6526,-1.2105,28.926,35.17,26.011,2.51259,2.48007,130.095,1.5281,2.1243,9.0376,8.9207,98.706,82.67,False,
BAT-005,376,2023-03-21T14:19:10,3.4908,4.0257,2.8961,1.4048,-1.5898,28.811,33.832,24.223,2.50123,2.47036,132.409,1.8471,1.6192,8.7312,8.6235,98.765,82.35,False,
BAT-005,377,2023-03-21T18:50:16,3.4956,3.8967,2.85,1.4237,-1.2545,30.974,34.713,28.716,2.48927,2.47505,136.887,1.9129,1.9681,8.7014,8.6517,99.429,82.5,False,
BAT-005,378,2023-03-22T00:25:20,3.5362,4.0647,2.8824,1.4432,-1.5667,29.888,35.24,26.462,2.49646,2.47268,135.772,1.7713,1.5529,8.828,8.7439,99.048,82.42,False,
BAT-005,379,2023-03-22T05:01:30,3.5506,3.9976,2.9805,1.4872,-1.2383,30.107,35.771,26.934,2.50238,2.4777,135.225,1.6847,1.9572,8.885,8.7974,99.014,82.59,False,
BAT-005,380,2023-03-22T09:44:22,3.5947,4.1294,2.9304,1.5072,-1.5566,31.083,38.756,28.575,2.52305,2.48591,135.782,1.7995,1.6715,9.0695,8.9361,98.528,82.86,False,
BAT-005,381,2023-03-22T14:26:53,3.5625,4.0026,2.8932,1.608,-1.3391,30.012,34.26,26.115,2.49011,2.47596,131.837,1.4948,1.8348,8.8711,8.8207,99.432,82.53,False,
BAT-005,382,2023-03-22T19:44:43,3.5552,3.9137,2.85,1.4636,-1.3996,30.548,37.95,26.151,2.49017,2.46507,137.882,1.6688,1.7993,8.8529,8.7637,98.992,82.17,False,
BAT-005,383,2023-03-23T01:01:31,3.6263,4.084,2.9424,1.6177,-1.2533,29.907,35.667,27.28,2.49475,2.47891,135.486,1.5423,1.9611,9.0467,8.9892,99.365,82.63,False,
BAT-005,384,2023-03-23T05:02:57,3.5164,3.9694,2.8752,1.731,-1.5196,30.341,35.27,26.7,2.50856,2.47161,134.754,1.4318,1.6139,8.8211,8.6912,98.527,82.39,False,
BAT-005,385,2023-03-23T09:01:21,3.5152,3.9723,2.85,1.6058,-1.6145,30.876,33.932,27.706,2.49932,2.47343,136.57,1.6976,1.5246,8.7857,8.6947,98.964,82.45,False,
BAT-005,386,2023-03-23T13:59:14,3.5293,4.0181,2.85,1.5258,-1.2867,27.843,34.534,23.878,2.49985,2.47921,131.642,1.6439,1.9014,8.8226,8.7498,99.174,82.64,False,
BAT-005,387,2023-03-23T18:51:23,3.5643,4.0202,2.8621,1.4198,-1.4228,29.163,36.604,25.233,2.49402,2.46089,135.744,1.7327,1.6685,8.8895,8.7714,98.672,82.03,False,
BAT-005,388,2023-03-24T00:01:11,3.4819,4.0159,2.85,1.4245,-1.6406,27.821,35.242,23.578,2.47961,2.46277,135.95,1.9049,1.4557,8.6337,8.575,99.321,82.09,False,
BAT-005,389,2023-03-24T05:11:49,3.4982,4.0275,2.9226,1.7227,-1.5777,29.904,36.561,27.789,2.46479,2.45174,134.944,1.4156,1.5588,8.6222,8.5765,99.471,81.72,False,
BAT-005,390,2023-03-24T10:02:07,3.5628,3.9756,2.8721,1.4423,-1.3314,54.636,62.546,52.37,2.32219,2.29374,168.058,1.676,1.6803,8.2736,8.1722,98.775,76.46,True,capacity_drop
BAT-005,391,2023-03-24T15:05:29,3.5282,3.8917,2.85,1.4087,-1.4504,33.958,37.576,30.132,2.47223,2.44077,131.062,1.803,1.6973,8.7224,8.6115,98.728,81.36,False,
BAT-005,392,2023-03-24T20:05:08,3.6237,4.0301,3.0632,1.6756,-1.4639,27.284,34.751,22.483,2.47701,2.45738,135.933,1.5996,1.6889,8.9759,8.9048,99.208,81.91,False,
BAT-005,393,2023-03-25T00:26:02,3.5037,3.9683,2.85,1.3457,-1.6335,31.177,37.087,26.356,2.48742,2.46578,138.144,1.8026,1.5676,8.7151,8.6393,99.13,82.19,False,
BAT-005,394,2023-03-25T05:30:39,3.4692,3.8465,2.858,1.7937,-1.421,33.659,40.425,30.844,2.50025,2.47812,134.824,1.4353,1.6841,8.6738,8.597,99.115,82.6,False,
BAT-005,395,2023-03-25T09:49:17,3.537,4.0529,2.8762,1.7721,-1.3057,28.717,36.363,25.008,2.47798,2.44683,139.848,1.393,1.9324,8.7646,8.6544,98.743,81.56,False,
BAT-005,396,2023-03-25T13:51:18,3.4768,3.9064,2.85,1.6704,-1.4844,28.267,31.517,25.32,2.49355,2.46322,135.74,1.6346,1.6474,8.6696,8.5641,98.784,82.11,False,
BAT-005,397,2023-03-25T17:58:15,3.5092,3.9007,2.85,1.6787,-1.5262,32.817,36.216,28.29,2.46486,2.44261,132.264,1.5941,1.5421,8.6498,8.5717,99.097,81.42,False,
BAT-005,398,2023-03-25T22:10:13,3.5925,4.0962,2.8707,1.4757,-1.4471,29.473,33.996,24.864,2.48307,2.45035,134.052,1.621,1.7377,8.9206,8.803,98.682,81.68,False,
BAT-005,399,2023-03-26T02:10:31,3.5962,4.0959,2.8511,1.5082,-1.215,32.981,37.354,30.535,2.48398,2.45738,135.195,1.7818,1.9684,8.9328,8.8372,98.929,81.91,False,
BAT-005,400,2023-03-26T07:20:01,3.5666,3.9621,3.0123,1.7004,-1.6447,29.775,36.315,26.36,2.48344,2.45369,134.498,1.5154,1.5205,8.8575,8.7514,98.802,81.79,False,
BAT-005,401,2023-03-26T10:54:32,3.6161,4.1139,2.8717,1.7617,-1.6139,29.792,34.762,25.598,2.46684,2.4491,132.433,1.4704,1.5908,8.9204,8.8562,99.281,81.64,False,
BAT-005,402,2023-03-26T15:19:56,3.6008,4.0771,2.8625,1.601,-1.635,29.335,32.622,26.209,2.47564,2.44297,132.733,1.5925,1.544,8.9143,8.7967,98.68,81.43,False,
BAT-005,403,2023-03-26T19:55:00,3.4862,3.9612,2.85,1.4975,-1.2161,30.198,33.92,28.03,2.46892,2.4454,133.095,1.6515,1.9376,8.6071,8.5251,99.047,81.51,False,
BAT-005,404,2023-03-27T00:39:51,3.6038,4.1402,2.926,1.4439,-1.6626,30.003,34.304,26.85,2.46349,2.45009,135.646,1.7773,1.5066,8.878,8.8297,99.456,81.67,False,
BAT-005,405,2023-03-27T05:26:27,3.6309,4.1723,3.029,1.4329,-1.4108,29.932,37.07,27.557,2.48059,2.44499,139.152,1.7587,1.8036,9.0067,8.8774,98.565,81.5,False,
BAT-005,406,2023-03-27T10:27:23,3.5247,3.9116,2.9315,1.6134,-1.3361,31.933,38.624,28.728,2.49921,2.46241,136.436,1.5962,1.7752,8.8089,8.6792,98.527,82.08,False,
BAT-005,407,2023-03-27T15:27:24,3.5928,4.0171,2.9555,1.618,-1.4533,30.235,33.509,25.534,2.47183,2.43928,136.533,1.6635,1.6355,8.8808,8.7638,98.683,81.31,False,
BAT-005,408,2023-03-27T19:24:25,3.5437,3.9326,2.85,1.3907,-1.2768,30.122,37.77,25.486,2.46705,2.45321,139.443,1.6941,1.9649,8.7426,8.6936,99.439,81.77,False,
BAT-005,409,2023-03-27T23:40:34,3.5319,3.888,2.85,1.791,-1.3176,30.123,36.517,25.224,2.46611,2.45199,135.171,1.408,1.8122,8.71,8.6601,99.427,81.73,False,
BAT-005,410,2023-03-28T03:56:12,3.5903,4.0359,2.9356,1.5458,-1.4649,28.377,33.545,25.033,2.46487,2.44113,135.101,1.7535,1.5912,8.8495,8.7643,99.037,81.37,False,
BAT-005,411,2023-03-28T08:14:59,3.5158,3.9252,2.8561,1.6449,-1.4654,32.175,35.368,28.198,2.47988,2.44691,134.926,1.6515,1.6684,8.7187,8.6028,98.671,81.56,False,
BAT-005,412,2023-03-28T13:16:25,3.6231,4.0049,3.0639,1.5706,-1.5095,31.24,35.101,27.286,2.46535,2.43602,138.406,1.5301,1.655,8.9321,8.8258,98.81,81.2,False,
BAT-005,413,2023-03-28T17:22:18,3.5669,4.0224,2.9367,1.4468,-1.5122,29.98,36.844,26.159,2.45368,2.43259,138.818,1.7159,1.6815,8.7521,8.6768,99.14,81.09,False,
BAT-005,414,2023-03-28T21:17:09,3.4904,3.87,2.85,1.4555,-1.3719,31.619,35.719,29.598,2.46315,2.44092,141.597,1.7209,1.7842,8.5975,8.5199,99.097,81.36,False,
BAT-005,415,2023-03-29T01:57:35,3.5265,3.889,2.8804,1.4881,-1.433,33.545,37.239,30.665,2.475,2.44648,139.704,1.6483,1.6877,8.728,8.6274,98.848,81.55,False,
BAT-005,416,2023-03-29T06:28:54,3.4966,3.9586,2.85,1.6998,-1.3227,30.257,35.638,25.712,2.48104,2.45358,136.857,1.5464,1.7867,8.6752,8.5792,98.893,81.79,False,
BAT-005,417,2023-03-29T11:45:10,3.5435,3.9062,2.8504,1.3524,-1.2821,31.273,39.077,26.354,2.47871,2.44317,138.594,1.8758,1.912,8.7834,8.6574,98.566,81.44,False,
BAT-005,418,2023-03-29T16:21:30,3.5878,4.0904,2.85,1.794,-1.4999,31.186,39.006,27.562,2.4653,2.42924,138.174,1.3134,1.5518,8.845,8.7157,98.537,80.97,False,
BAT-005,419,2023-03-29T20:35:22,3.5608,3.9408,2.9919,1.3151,-1.5871,31.403,38.603,26.585,2.47402,2.43886,134.657,1.9418,1.5771,8.8096,8.6844,98.579,81.3,False,
BAT-005,420,2023-03-30T01:06:48,3.4744,4.0015,2.85,1.5025,-1.6737,32.964,37.605,28.653,2.46047,2.43002,134.9,1.6429,1.4441,8.5487,8.4429,98.762,81.0,False,
BAT-005,421,2023-03-30T05:47:03,3.6122,4.1324,2.9386,1.4003,-1.3816,31.307,38.006,27.663,2.45527,2.43525,137.593,1.8331,1.8073,8.8688,8.7965,99.184,81.17,False,
BAT-005,422,2023-03-30T10:20:07,3.5242,4.0212,2.9042,1.738,-1.5324,31.718,36.619,27.01,2.45051,2.42737,138.328,1.5393,1.5457,8.6362,8.5547,99.056,80.91,False,
BAT-005,423,2023-03-30T14:41:31,3.6182,4.1585,2.9922,1.5637,-1.4271,32.79,40.378,28.706,2.44538,2.43076,139.191,1.7074,1.6743,8.848,8.7951,99.402,81.03,False,
BAT-005,424,2023-03-30T20:03:53,3.529,4.0649,2.85,1.3071,-1.269,30.301,37.539,26.467,2.43646,2.42117,136.582,1.9289,1.9267,8.5983,8.5443,99.373,80.71,False,
BAT-005,425,2023-03-31T01:50:46,3.6256,4.154,2.8963,1.4096,-1.5428,33.237,36.744,29.283,2.44333,2.42819,134.139,1.7174,1.6245,8.8585,8.8036,99.381,80.94,False,
BAT-005,426,2023-03-31T06:01:22,3.5069,4.0547,2.85,1.3049,-1.5717,30.746,35.805,28.062,2.42543,2.40009,140.172,1.812,1.4635,8.5058,8.4169,98.955,80.0,False,
BAT-005,427,2023-03-31T10:45:26,3.5971,4.0509,3.0161,1.3135,-1.4881,31.577,36.628,28.287,2.44113,2.41653,139.445,1.7972,1.5718,8.781,8.6925,98.992,80.55,False,
BAT-005,428,2023-03-31T15:37:10,3.62,4.0926,2.9769,1.5342,-1.5893,28.694,32.068,26.391,2.44757,2.42071,137.913,1.7538,1.5882,8.8602,8.763,98.903,80.69,False,
BAT-005,429,2023-03-31T20:30:44,3.4973,4.0155,2.8958,1.7223,-1.593,28.426,34.797,25.369,2.45179,2.43753,136.028,1.4919,1.5805,8.5747,8.5248,99.418,81.25,False,
BAT-005,430,2023-04-01T01:12:32,3.6226,4.1673,2.8906,1.3206,-1.4952,30.986,38.064,28.607,2.46807,2.43199,140.491,1.9233,1.6267,8.9409,8.8102,98.538,81.07,False,
BAT-005,431,2023-04-01T05:51:08,3.6131,4.0207,3.0074,1.7669,-1.6402,28.441,33.039,25.037,2.45593,2.43066,137.013,1.4396,1.4879,8.8736,8.7823,98.971,81.02,False,
BAT-005,432,2023-04-01T09:39:49,3.5127,3.945,2.85,1.3884,-1.6664,31.551,39.33,27.37,2.45094,2.41692,138.845,1.7373,1.4041,8.6095,8.49,98.612,80.56,False,
BAT-005,433,2023-04-01T14:33:38,3.4873,3.9521,2.9337,1.4886,-1.2143,29.629,33.706,25.56,2.43419,2.41933,140.129,1.7187,2.0467,8.4888,8.4369,99.389,80.64,False,
BAT-005,434,2023-04-01T19:19:44,3.6046,4.1052,3.0321,1.5623,-1.4777,30.955,38.775,27.041,2.43601,2.41117,137.696,1.5336,1.5584,8.7809,8.6913,98.98,80.37,False,
BAT-005,435,2023-04-02T00:05:01,3.5743,3.9928,2.9394,1.5527,-1.2923,31.449,34.798,29.431,2.42991,2.41564,138.946,1.7157,1.786,8.6853,8.6343,99.413,80.52,False,
BAT-005,436,2023-04-02T04:09:02,3.4942,3.9836,2.85,1.3564,-1.3954,31.316,37.589,28.286,2.44665,2.41106,137.815,1.8512,1.7497,8.5491,8.4247,98.545,80.37,False,
BAT-005,437,2023-04-02T09:33:00,3.6098,3.9704,2.9723,1.6423,-1.2747,30.567,33.967,26.712,2.4324,2.40372,138.417,1.5644,1.8894,8.7805,8.6769,98.821,80.12,False,
BAT-005,438,2023-04-02T14:10:14,3.556,4.0614,2.9979,1.7256,-1.4257,30.153,35.834,26.725,2.44086,2.41863,136.996,1.3852,1.6913,8.6797,8.6007,99.089,80.62,False,
BAT-005,439,2023-04-02T18:29:12,3.5912,4.1309,2.9689,1.4061,-1.672,28.597,33.931,25.363,2.44463,2.41119,136.559,1.6737,1.3995,8.7792,8.659,98.632,80.37,False,
BAT-005,440,2023-04-02T22:29:50,3.4804,3.923,2.8917,1.7458,-1.4155,32.823,38.543,28.937,2.42676,2.40234,137.934,1.3376,1.7382,8.4461,8.3611,98.994,80.08,False,
BAT-005,441,2023-04-03T02:16:45,3.5802,4.0356,2.9991,1.648,-1.4394,33.795,39.014,30.546,2.42562,2.40501,137.15,1.5531,1.6749,8.6841,8.6103,99.15,80.17,False,
BAT-005,442,2023-04-03T07:18:32,3.454,3.8603,2.8804,1.6345,-1.363,31.901,37.085,27.548,2.43684,2.41327,135.339,1.4923,1.8417,8.4169,8.3355,99.033,80.44,False,
BAT-005,443,2023-04-03T12:25:20,3.5419,3.9367,2.9509,1.7718,-1.4744,32.029,36.015,28.644,2.43194,2.40387,137.789,1.4781,1.695,8.6136,8.5142,98.846,80.13,False,
BAT-005,444,2023-04-03T16:15:56,3.5711,4.0398,3.0019,1.4288,-1.3658,34.284,40.268,29.443,2.41092,2.39602,140.565,1.6398,1.8313,8.6097,8.5565,99.382,79.87,False,
BAT-005,445,2023-04-03T20:34:00,3.4896,3.954,2.85,1.6725,-1.6146,32.946,40.828,30.89,2.39987,2.38711,140.737,1.5758,1.4651,8.3745,8.33,99.468,79.57,False,
BAT-005,446,2023-04-04T00:49:28,3.5439,4.0679,2.9643,1.4315,-1.5037,29.943,34.432,26.793,2.40771,2.39553,140.821,1.7749,1.5451,8.5326,8.4894,99.494,79.85,False,
BAT-005,447,2023-04-04T04:44:14,3.5666,3.9754,2.9799,1.3008,-1.6907,31.705,38.715,27.131,2.42487,2.40023,139.705,2.0492,1.4707,8.6486,8.5607,98.984,80.01,False,
BAT-005,448,2023-04-04T09:11:54,3.5981,4.0709,2.9096,1.5941,-1.3693,34.472,40.639,29.528,2.44081,2.40563,139.607,1.665,1.7058,8.7824,8.6558,98.558,80.19,False,
BAT-005,449,2023-04-04T14:20:00,3.6244,4.1005,2.9964,1.6618,-1.3229,30.605,37.782,28.424,2.42914,2.40296,138.986,1.5344,1.805,8.8041,8.7093,98.922,80.1,False,
BAT-005,450,2023-04-04T18:14:15,3.5673,4.0039,2.85,1.6765,-1.5414,32.611,39.092,29.931,2.40878,2.39439,141.669,1.4209,1.5221,8.5929,8.5416,99.403,79.81,False,
BAT-005,451,2023-04-04T22:47:32,3.5403,4.0536,2.8944,1.61,-1.499,31.953,38.872,27.487,2.42669,2.39178,137.874,1.5692,1.5607,8.5913,8.4677,98.561,79.73,False,
BAT-005,452,2023-04-05T03:30:29,3.6267,4.0362,2.9334,1.4319,-1.3175,31.539,34.79,29.25,2.43301,2.39912,141.646,1.7825,1.9032,8.8237,8.7008,98.607,79.97,False,
BAT-005,453,2023-04-05T07:44:42,3.6085,4.097,2.9753,1.7986,-1.44,30.256,36.504,25.413,2.40798,2.39422,140.281,1.3713,1.7257,8.6893,8.6396,99.429,79.81,False,
BAT-005,454,2023-04-05T11:50:34,3.5613,4.0925,2.9204,1.3757,-1.5522,32.242,35.468,29.244,2.41746,2.39075,136.286,1.8234,1.5898,8.6093,8.5142,98.895,79.69,False,
BAT-005,455,2023-04-05T16:13:18,3.6153,4.1439,2.9945,1.3829,-1.4925,31.818,36.148,28.616,2.42485,2.39523,143.9,1.7875,1.5763,8.7665,8.6594,98.779,79.84,False,
BAT-005,456,2023-04-05T20:30:46,3.6006,4.0935,2.8677,1.7772,-1.2734,30.125,37.063,25.779,2.40652,2.37822,138.5,1.3008,1.9539,8.665,8.5631,98.824,79.27,False,
BAT-005,457,2023-04-06T01:33:06,3.5601,3.9556,2.9822,1.7353,-1.4652,33.034,37.342,28.229,2.40824,2.39139,140.558,1.5134,1.6601,8.5736,8.5137,99.301,79.71,False,
BAT-005,458,2023-04-06T05:42:21,3.6448,4.0617,3.0166,1.4845,-1.5339,30.952,38.409,28.285,2.41018,2.38407,142.944,1.6396,1.5607,8.7847,8.6895,98.917,79.47,False,
BAT-005,459,2023-04-06T10:37:53,3.5293,4.0703,2.9223,1.3992,-1.2112,32.362,38.087,29.957,2.40879,2.37648,140.599,1.687,1.9939,8.5014,8.3874,98.659,79.22,False,
BAT-005,460,2023-04-06T15:27:59,3.7869,4.22,3.2006,1.6284,-1.3168,52.657,56.428,50.061,2.3789,2.36583,161.469,1.4622,1.8255,9.0087,8.9592,99.45,78.86,True,resistance_spike
BAT-005,461,2023-04-06T19:25:45,3.502,3.8586,2.85,1.4112,-1.2664,30.731,37.945,26.527,2.41876,2.38635,139.79,1.6886,1.8894,8.4704,8.3569,98.66,79.54,False,
BAT-005,462,2023-04-07T00:57:39,3.6197,4.1551,2.899,1.6925,-1.6706,32.027,37.911,28.081,2.42379,2.38916,143.176,1.5368,1.4657,8.7734,8.6481,98.571,79.64,False,
BAT-005,463,2023-04-07T05:21:03,3.5824,4.1,2.9913,1.5627,-1.2638,32.107,38.925,28.236,2.41001,2.3772,141.282,1.5935,1.8515,8.6336,8.516,98.639,79.24,False,
BAT-005,464,2023-04-07T10:15:20,3.5763,4.0272,2.9081,1.7558,-1.637,32.423,37.976,28.556,2.41403,2.3849,140.593,1.4819,1.4227,8.6334,8.5292,98.793,79.5,False,
BAT-005,465,2023-04-07T13:52:12,3.6441,4.0052,3.0824,1.4005,-1.2584,32.237,35.639,28.553,2.4121,2.38899,141.628,1.7417,1.9171,8.7901,8.7058,99.042,79.63,False,
BAT-005,466,2023-04-07T19:30:45,3.5799,4.0855,2.9095,1.3997,-1.4074,30.286,36.053,26.156,2.38579,2.36411,146.945,1.8007,1.6768,8.5408,8.4632,99.091,78.8,False,
BAT-005,467,2023-04-07T23:56:00,3.4888,3.9875,2.9025,1.6923,-1.5629,30.651,35.328,27.083,2.4038,2.38915,145.335,1.4742,1.5098,8.3863,8.3352,99.391,79.64,False,
BAT-005,468,2023-04-08T04:15:28,3.5452,3.9384,2.85,1.3817,-1.5994,31.733,38.617,28.374,2.43055,2.39758,137.423,1.7631,1.558,8.6167,8.4998,98.644,79.92,False,
BAT-005,469,2023-04-08T08:45:33,3.5643,4.05,2.9561,1.5322,-1.3084,30.697,37.749,28.404,2.40055,2.37362,141.217,1.4948,1.8616,8.5563,8.4603,98.878,79.12,False,
BAT-005,470,2023-04-08T13:06:00,3.4919,3.8772,2.85,1.6822,-1.2836,31.301,37.605,26.355,2.40938,2.384,144.662,1.5136,1.8369,8.4134,8.3247,98.946,79.47,False,
BAT-005,471,2023-04-08T17:52:50,3.6055,4.1481,2.9934,1.3188,-1.3001,30.899,37.849,27.581,2.40371,2.37414,144.289,1.979,1.7799,8.6665,8.5599,98.77,79.14,False,
BAT-005,472,2023-04-08T22:29:23,3.4829,3.911,2.8863,1.5871,-1.4622,31.077,34.143,27.143,2.39335,2.37101,141.566,1.6074,1.6197,8.3357,8.2579,99.066,79.03,False,
BAT-005,473,2023-04-09T03:04:48,3.6174,4.0718,2.9291,1.5147,-1.6404,32.326,37.436,30.132,2.39297,2.36302,145.705,1.668,1.4074,8.6564,8.5481,98.748,78.77,False,
BAT-005,474,2023-04-09T07:17:37,3.5784,3.9394,2.9691,1.4196,-1.3303,31.508,36.956,28.711,2.38438,2.36813,142.059,1.8352,1.8289,8.5322,8.4741,99.318,78.94,False,
BAT-005,475,2023-04-09T12:05:34,3.5521,3.972,2.9218,1.6572,-1.6477,31.092,36.971,27.204,2.37551,2.35631,139.84,1.4763,1.4116,8.4381,8.3699,99.192,78.54,False,
BAT-005,476,2023-04-09T16:35:16,3.5027,4.015,2.8989,1.6048,-1.3716,31.951,37.909,26.957,2.38864,2.3558,143.426,1.4835,1.6918,8.3667,8.2517,98.625,78.53,False,
BAT-005,477,2023-04-09T20:33:41,3.6299,4.1409,2.9416,1.7526,-1.4609,32.573,35.821,29.39,2.39171,2.36014,139.393,1.4542,1.5524,8.6817,8.5671,98.68,78.67,False,
BAT-005,478,2023-04-10T01:14:29,3.4739,3.8745,2.9212,1.559,-1.5655,32.395,37.235,29.949,2.387,2.36681,141.212,1.4612,1.4854,8.2922,8.2221,99.154,78.89,False,
BAT-005,479,2023-04-10T05:27:23,3.5343,4.0569,2.85,1.5007,-1.3731,29.038,33.18,25.189,2.37941,2.36248,143.062,1.7351,1.7388,8.4094,8.3496,99.289,78.75,False,
BAT-005,480,2023-04-10T10:02:55,3.5079,4.028,2.8815,1.7702,-1.4484,32.969,40.104,28.345,2.39441,2.36714,142.004,1.318,1.588,8.3994,8.3037,98.861,78.9,False,
BAT-005,481,2023-04-10T13:40:48,3.5415,4.0548,2.85,1.6444,-1.2198,29.837,34.998,25.093,2.38257,2.36707,142.184,1.3969,1.925,8.4378,8.3829,99.349,78.9,False,
BAT-005,482,2023-04-10T18:41:34,3.4607,3.8398,2.85,1.7489,-1.2367,30.133,38.105,26.122,2.39864,2.36484,141.768,1.3762,1.8646,8.301,8.184,98.591,78.83,False,
BAT-005,483,2023-04-10T23:04:57,3.5793,3.9896,2.8941,1.3874,-1.3661,32.085,35.647,29.407,2.37984,2.36753,145.927,1.662,1.7282,8.5183,8.4742,99.483,78.92,False,
BAT-005,484,2023-04-11T03:09:47,3.5425,4.05,2.8711,1.5184,-1.23,31.511,37.237,26.538,2.38344,2.35463,142.396,1.7153,1.8401,8.4434,8.3414,98.791,78.49,False,
BAT-005,485,2023-04-11T08:41:15,3.5302,4.0543,2.9594,1.6546,-1.6049,31.891,35.987,27.853,2.38435,2.3565,142.647,1.3875,1.5213,8.4171,8.3188,98.832,78.55,False,
BAT-005,486,2023-04-11T12:49:08,3.5674,4.0375,2.8739,1.7026,-1.2149,29.795,34.957,27.499,2.37302,2.34138,143.475,1.4812,1.9316,8.4655,8.3526,98.667,78.05,False,
BAT-005,487,2023-04-11T16:44:05,3.5003,3.8676,2.8622,1.674,-1.502,31.552,37.51,28.106,2.37517,2.35541,138.922,1.5174,1.5301,8.3137,8.2446,99.168,78.51,False,
BAT-005,488,2023-04-11T21:21:38,3.4767,3.9956,2.85,1.5891,-1.4628,33.058,37.796,29.2,2.37927,2.35285,144.544,1.4506,1.6761,8.272,8.1801,98.889,78.43,False,
BAT-005,489,2023-04-12T01:05:46,3.608,4.0505,2.8662,1.604,-1.203,32.186,36.993,29.358,2.36285,2.34407,140.762,1.5834,2.0396,8.5252,8.4575,99.205,78.14,False,
BAT-005,490,2023-04-12T05:18:44,3.621,3.9795,3.061,1.5757,-1.2835,34.262,38.564,30.134,2.37072,2.35238,143.179,1.5809,1.8851,8.5844,8.518,99.226,78.41,False,
BAT-005,491,2023-04-12T09:22:21,3.5837,3.9544,2.8722,1.5847,-1.51,31.962,38.512,28.211,2.37143,2.34817,141.418,1.497,1.5567,8.4984,8.4151,99.019,78.27,False,
BAT-005,492,2023-04-12T14:10:51,3.5914,3.9901,2.9567,1.578,-1.4747,33.656,41.524,29.09,2.38746,2.35784,142.562,1.6252,1.6516,8.5744,8.4681,98.759,78.59,False,
BAT-005,493,2023-04-12T19:08:52,3.4946,3.8668,2.85,1.4594,-1.5522,29.851,32.929,27.508,2.37385,2.35602,147.093,1.7711,1.4783,8.2956,8.2333,99.249,78.53,False,
BAT-005,494,2023-04-12T23:59:36,3.5937,4.0857,2.9884,1.7987,-1.3042,31.297,35.137,26.432,2.37792,2.34878,144.902,1.3692,1.7554,8.5455,8.4408,98.775,78.29,False,
BAT-005,495,2023-04-13T03:49:11,3.5943,4.1116,3.0367,1.5151,-1.2405,32.512,38.316,28.73,2.35591,2.32928,139.916,1.6929,1.9569,8.4679,8.3722,98.87,77.64,False,
BAT-005,496,2023-04-13T08:26:03,3.4669,3.8984,2.85,1.6087,-1.3398,32.698,39.587,30.438,2.37856,2.35007,140.324,1.4774,1.7707,8.2463,8.1475,98.802,78.34,False,
BAT-005,497,2023-04-13T13:07:04,3.4939,3.9459,2.8671,1.7566,-1.4555,30.612,37.924,26.223,2.37541,2.34043,143.299,1.4295,1.6124,8.2994,8.1772,98.528,78.01,False,
BAT-005,498,2023-04-13T17:00:42,3.6162,3.9798,3.0599,1.7302,-1.3121,32.036,36.302,27.824,2.3493,2.33492,143.7,1.3052,1.8237,8.4954,8.4434,99.388,77.83,False,
BAT-005,499,2023-04-13T20:44:12,3.5711,4.0375,2.8597,1.5757,-1.425,31.46,35.892,26.704,2.35795,2.34024,143.127,1.6255,1.5722,8.4204,8.3572,99.249,78.01,False,
BAT-005,500,2023-04-14T01:48:34,3.5169,4.0182,2.8784,1.5433,-1.5809,32.118,35.604,27.245,2.37079,2.34311,141.706,1.6205,1.5047,8.3379,8.2405,98.833,78.1,False,
